insert into Camara values ( 0);
insert into Video values ( timestamp '2018-09-27 12:44:42', timestamp '2018-09-27 12:54:57', 0);
insert into SegmentoVideo values ( 0, '615.0 seconds', timestamp '2018-09-27 12:44:42', 0);
insert into Local values ( 'Gouveia');
insert into Vigia values ( 'Gouveia', 0);
insert into ProcessoSocorro values ( 0);
insert into EventoEmergencia values ( '936714859', timestamp '2018-08-14 11:00:56', 'Joana Gômes', 'Gouveia', 0);
insert into EntidadeMeio values ( 'Bombeiros Municipais de Ponte de Sor');
insert into Meio values ( 0, 'Garrafas de água', 'Bombeiros Municipais de Ponte de Sor');
insert into MeioSocorro values ( 0, 'Bombeiros Municipais de Ponte de Sor');
insert into Transporta values ( 0, 'Bombeiros Municipais de Ponte de Sor', 1, 0);
insert into Acciona values ( 0, 'Bombeiros Municipais de Ponte de Sor', 0);
insert into Coordenador values ( 0);
insert into Camara values ( 1);
insert into Video values ( timestamp '2018-07-25 21:52:06', timestamp '2018-07-26 08:58:30', 1);
insert into SegmentoVideo values ( 0, '33392 seconds', timestamp '2018-07-25 21:52:06', 1);
insert into SegmentoVideo values ( 1, '6592.0 seconds', timestamp '2018-07-25 21:52:06', 1);
insert into Local values ( 'Senhora da Hora');
insert into Vigia values ( 'Senhora da Hora', 1);
insert into ProcessoSocorro values ( 1);
insert into EventoEmergencia values ( '956465180', timestamp '2018-03-13 00:03:58', 'Rita Martinho', 'Senhora da Hora', 1);
insert into EntidadeMeio values ( 'Hospital de Póvoa de Santa Iria');
insert into Meio values ( 1, 'Carro de Bombeiros', 'Hospital de Póvoa de Santa Iria');
insert into MeioCombate values ( 1, 'Hospital de Póvoa de Santa Iria');
insert into Acciona values ( 1, 'Hospital de Póvoa de Santa Iria', 1);
insert into Coordenador values ( 1);
insert into Audita values ( 1, 1, 'Hospital de Póvoa de Santa Iria', 1, timestamp '2018-06-18 02:44:48', timestamp '2018-08-07 21:56:20', date '2018-06-18', 'Estou convicto que foram cortados cantos assim dou por concluida esta auditoria.');
insert into Solicita values ( 1, timestamp '2018-07-25 21:52:06', 1, timestamp '2018-07-15 04:12:30', timestamp '2018-08-01 23:04:31');
insert into Camara values ( 2);
insert into Video values ( timestamp '2018-08-01 03:01:54', timestamp '2018-08-02 01:45:03', 2);
insert into SegmentoVideo values ( 0, '23602 seconds', timestamp '2018-08-01 03:01:54', 2);
insert into SegmentoVideo values ( 1, '58187 seconds', timestamp '2018-08-01 03:01:54', 2);
insert into Local values ( 'Lisboa');
insert into Vigia values ( 'Lisboa', 2);
insert into ProcessoSocorro values ( 2);
insert into EventoEmergencia values ( '925405322', timestamp '2018-01-25 09:06:24', 'Pedro Abreu', 'Lisboa', 2);
insert into EntidadeMeio values ( 'Bombeiros Voluntários de Cartaxo');
insert into Meio values ( 2, 'Helicoptero', 'Bombeiros Voluntários de Cartaxo');
insert into MeioApoio values ( 2, 'Bombeiros Voluntários de Cartaxo');
insert into Alocado values ( 2, 'Bombeiros Voluntários de Cartaxo', 85, 1);
insert into Acciona values ( 2, 'Bombeiros Voluntários de Cartaxo', 1);
insert into Coordenador values ( 2);
insert into Camara values ( 3);
insert into Video values ( timestamp '2018-11-11 17:03:41', timestamp '2018-11-12 06:35:51', 3);
insert into SegmentoVideo values ( 0, '43385 seconds', timestamp '2018-11-11 17:03:41', 3);
insert into SegmentoVideo values ( 1, '1057 seconds', timestamp '2018-11-11 17:03:41', 3);
insert into SegmentoVideo values ( 2, '420 seconds', timestamp '2018-11-11 17:03:41', 3);
insert into SegmentoVideo values ( 3, '3868.0 seconds', timestamp '2018-11-11 17:03:41', 3);
insert into Local values ( 'Maia');
insert into Vigia values ( 'Maia', 3);
insert into ProcessoSocorro values ( 3);
insert into EventoEmergencia values ( '919731311', timestamp '2018-01-10 19:46:39', 'Tiago Nicolau', 'Maia', 3);
insert into EntidadeMeio values ( 'Fundação Pedro Silva');
insert into Meio values ( 3, 'Kit de primeiros socorros', 'Fundação Pedro Silva');
insert into MeioSocorro values ( 3, 'Fundação Pedro Silva');
insert into Transporta values ( 3, 'Fundação Pedro Silva', 6, 3);
insert into Acciona values ( 3, 'Fundação Pedro Silva', 3);
insert into Coordenador values ( 3);
insert into Audita values ( 3, 3, 'Fundação Pedro Silva', 3, timestamp '2018-02-04 15:33:39', timestamp '2018-04-08 10:24:19', date '2018-02-04', 'Acredito que foram cortados cantos por fim deixo a indicação de que uma maior investigação será necessária.');
insert into Solicita values ( 3, timestamp '2018-11-11 17:03:41', 3, timestamp '2018-02-14 18:54:42', timestamp '2018-02-15 17:18:00');
insert into Camara values ( 4);
insert into Video values ( timestamp '2018-03-13 10:23:44', timestamp '2018-03-13 16:46:17', 4);
insert into SegmentoVideo values ( 0, '14531 seconds', timestamp '2018-03-13 10:23:44', 4);
insert into SegmentoVideo values ( 1, '3355 seconds', timestamp '2018-03-13 10:23:44', 4);
insert into SegmentoVideo values ( 2, '1962 seconds', timestamp '2018-03-13 10:23:44', 4);
insert into SegmentoVideo values ( 3, '1836 seconds', timestamp '2018-03-13 10:23:44', 4);
insert into SegmentoVideo values ( 4, '1269.0 seconds', timestamp '2018-03-13 10:23:44', 4);
insert into Local values ( 'Barcelos');
insert into Vigia values ( 'Barcelos', 4);
insert into ProcessoSocorro values ( 4);
insert into EventoEmergencia values ( '955720521', timestamp '2018-07-11 13:39:00', 'Joana Nicolau', 'Barcelos', 4);
insert into EntidadeMeio values ( 'Hospital de Pinhel');
insert into Meio values ( 4, 'Rações', 'Hospital de Pinhel');
insert into MeioCombate values ( 4, 'Hospital de Pinhel');
insert into Acciona values ( 4, 'Hospital de Pinhel', 1);
insert into Coordenador values ( 4);
insert into Audita values ( 4, 4, 'Hospital de Pinhel', 1, timestamp '2018-06-17 08:05:55', timestamp '2018-10-21 02:29:33', date '2018-06-17', 'Com base na minha análise, denota-se corrupção por parte de várias entidades assim dou por concluida esta auditoria.');
insert into Solicita values ( 4, timestamp '2018-03-13 10:23:44', 4, timestamp '2018-10-05 07:42:46', timestamp '2018-10-06 17:30:14');
insert into Camara values ( 5);
insert into Video values ( timestamp '2018-01-19 02:28:15', timestamp '2018-01-19 10:16:57', 5);
insert into SegmentoVideo values ( 0, '8873 seconds', timestamp '2018-01-19 02:28:15', 5);
insert into SegmentoVideo values ( 1, '19249 seconds', timestamp '2018-01-19 02:28:15', 5);
insert into Local values ( 'São João da Madeira');
insert into Vigia values ( 'São João da Madeira', 5);
insert into ProcessoSocorro values ( 5);
insert into EventoEmergencia values ( '949745993', timestamp '2018-08-17 06:19:13', 'Tiago Nicolau', 'São João da Madeira', 5);
insert into EntidadeMeio values ( 'Esquadra de Alverca do Ribatejo');
insert into Meio values ( 5, 'Psicólogo', 'Esquadra de Alverca do Ribatejo');
insert into MeioSocorro values ( 5, 'Esquadra de Alverca do Ribatejo');
insert into Transporta values ( 5, 'Esquadra de Alverca do Ribatejo', 3, 4);
insert into Acciona values ( 5, 'Esquadra de Alverca do Ribatejo', 4);
insert into Coordenador values ( 5);
insert into Camara values ( 6);
insert into Video values ( timestamp '2018-11-13 11:07:37', timestamp '2018-11-13 20:45:06', 6);
insert into SegmentoVideo values ( 0, '29108 seconds', timestamp '2018-11-13 11:07:37', 6);
insert into SegmentoVideo values ( 1, '5541 seconds', timestamp '2018-11-13 11:07:37', 6);
insert into Local values ( 'Tavira');
insert into Vigia values ( 'Tavira', 6);
insert into ProcessoSocorro values ( 6);
insert into EventoEmergencia values ( '969105754', timestamp '2018-03-28 19:51:42', 'Miguel Correia', 'Tavira', 6);
insert into EntidadeMeio values ( 'Junta de Viseu');
insert into Meio values ( 6, 'Garrafas de água', 'Junta de Viseu');
insert into MeioSocorro values ( 6, 'Junta de Viseu');
insert into Transporta values ( 6, 'Junta de Viseu', 5, 1);
insert into Acciona values ( 6, 'Junta de Viseu', 1);
insert into Coordenador values ( 6);
insert into Audita values ( 6, 6, 'Junta de Viseu', 1, timestamp '2018-03-21 17:42:02', timestamp '2018-05-01 23:42:24', date '2018-03-21', 'Com base na minha análise, denota-se corrupção por parte de várias entidades ainda, termino a auditoria convicto de que não são necessários mais procedimentos.');
insert into Solicita values ( 6, timestamp '2018-11-13 11:07:37', 6, timestamp '2018-04-10 17:17:34', timestamp '2018-04-11 17:44:49');
insert into Camara values ( 7);
insert into Video values ( timestamp '2018-07-04 23:41:14', timestamp '2018-07-05 21:58:14', 7);
insert into SegmentoVideo values ( 0, '70757 seconds', timestamp '2018-07-04 23:41:14', 7);
insert into SegmentoVideo values ( 1, '6002 seconds', timestamp '2018-07-04 23:41:14', 7);
insert into SegmentoVideo values ( 2, '2475 seconds', timestamp '2018-07-04 23:41:14', 7);
insert into SegmentoVideo values ( 3, '360 seconds', timestamp '2018-07-04 23:41:14', 7);
insert into SegmentoVideo values ( 4, '626 seconds', timestamp '2018-07-04 23:41:14', 7);
insert into Local values ( 'Miranda do Douro');
insert into Vigia values ( 'Miranda do Douro', 7);
insert into ProcessoSocorro values ( 7);
insert into EventoEmergencia values ( '950437473', timestamp '2018-03-19 10:11:25', 'Manel Matos', 'Miranda do Douro', 7);
insert into EntidadeMeio values ( 'Junta de Ribeira Grande');
insert into Meio values ( 7, 'Garrafas de água', 'Junta de Ribeira Grande');
insert into MeioSocorro values ( 7, 'Junta de Ribeira Grande');
insert into Transporta values ( 7, 'Junta de Ribeira Grande', 2, 0);
insert into Acciona values ( 7, 'Junta de Ribeira Grande', 0);
insert into Coordenador values ( 7);
insert into Camara values ( 8);
insert into Video values ( timestamp '2018-04-02 20:43:39', timestamp '2018-04-03 11:37:28', 8);
insert into SegmentoVideo values ( 0, '35006 seconds', timestamp '2018-04-02 20:43:39', 8);
insert into SegmentoVideo values ( 1, '18623 seconds', timestamp '2018-04-02 20:43:39', 8);
insert into Local values ( 'Figueira da Foz');
insert into Vigia values ( 'Figueira da Foz', 8);
insert into ProcessoSocorro values ( 8);
insert into EventoEmergencia values ( '912980304', timestamp '2018-03-27 18:50:06', 'João Gômes', 'Figueira da Foz', 8);
insert into EntidadeMeio values ( 'Bombeiros Municipais Joana Silva');
insert into Meio values ( 8, 'Garrafas de água', 'Bombeiros Municipais Joana Silva');
insert into MeioSocorro values ( 8, 'Bombeiros Municipais Joana Silva');
insert into Transporta values ( 8, 'Bombeiros Municipais Joana Silva', 2, 6);
insert into Acciona values ( 8, 'Bombeiros Municipais Joana Silva', 6);
insert into Coordenador values ( 8);
insert into Audita values ( 8, 8, 'Bombeiros Municipais Joana Silva', 6, timestamp '2018-09-10 03:09:11', timestamp '2018-09-16 11:01:05', date '2018-09-10', 'Acredito que denota-se corrupção por parte de várias entidades por fim deixo a indicação de que uma maior investigação será necessária.');
insert into Solicita values ( 8, timestamp '2018-04-02 20:43:39', 8, timestamp '2018-09-11 10:53:29', timestamp '2018-09-15 02:09:03');
insert into Camara values ( 9);
insert into Video values ( timestamp '2018-07-19 13:32:27', timestamp '2018-07-19 14:22:28', 9);
insert into SegmentoVideo values ( 0, '1542 seconds', timestamp '2018-07-19 13:32:27', 9);
insert into SegmentoVideo values ( 1, '1459 seconds', timestamp '2018-07-19 13:32:27', 9);
insert into Local values ( 'Vizela');
insert into Vigia values ( 'Vizela', 9);
insert into ProcessoSocorro values ( 9);
insert into EventoEmergencia values ( '955734047', timestamp '2018-02-03 04:28:58', 'Cristiana Abreu', 'Vizela', 9);
insert into EntidadeMeio values ( 'Bombeiros Voluntários de Covilhã');
insert into Meio values ( 9, 'Helicoptero', 'Bombeiros Voluntários de Covilhã');
insert into MeioApoio values ( 9, 'Bombeiros Voluntários de Covilhã');
insert into Alocado values ( 9, 'Bombeiros Voluntários de Covilhã', 64, 2);
insert into Acciona values ( 9, 'Bombeiros Voluntários de Covilhã', 2);
insert into Coordenador values ( 9);
insert into Audita values ( 9, 9, 'Bombeiros Voluntários de Covilhã', 2, timestamp '2018-11-08 03:21:38', timestamp '2018-11-15 04:12:12', date '2018-11-08', 'Com base na minha análise, foram realizados todos os possíveis para alcançar um boa resolução ainda, termino a auditoria convicto de que não são necessários mais procedimentos.');
insert into Solicita values ( 9, timestamp '2018-07-19 13:32:27', 9, timestamp '2018-11-10 12:19:02', timestamp '2018-11-11 00:49:12');
insert into Camara values ( 10);
insert into Video values ( timestamp '2018-01-02 14:12:34', timestamp '2018-01-03 10:31:21', 10);
insert into SegmentoVideo values ( 0, '10205 seconds', timestamp '2018-01-02 14:12:34', 10);
insert into SegmentoVideo values ( 1, '43537 seconds', timestamp '2018-01-02 14:12:34', 10);
insert into SegmentoVideo values ( 2, '19385 seconds', timestamp '2018-01-02 14:12:34', 10);
insert into Local values ( 'Samora Correia');
insert into Vigia values ( 'Samora Correia', 10);
insert into ProcessoSocorro values ( 10);
insert into EventoEmergencia values ( '944758776', timestamp '2018-11-15 17:05:48', 'Joana Nicolau', 'Samora Correia', 10);
insert into EntidadeMeio values ( 'Junta de Lordelo');
insert into Meio values ( 10, 'Carro', 'Junta de Lordelo');
insert into MeioApoio values ( 10, 'Junta de Lordelo');
insert into Alocado values ( 10, 'Junta de Lordelo', 112, 10);
insert into Acciona values ( 10, 'Junta de Lordelo', 10);
insert into Coordenador values ( 10);
insert into Audita values ( 10, 10, 'Junta de Lordelo', 10, timestamp '2018-11-23 13:26:43', timestamp '2018-11-23 18:14:12', date '2018-11-23', 'Tendo concluido a minha auditoria, foram cortados cantos assim dou por concluida esta auditoria.');
insert into Solicita values ( 10, timestamp '2018-01-02 14:12:34', 10, timestamp '2018-11-23 18:06:18', timestamp '2018-11-23 18:06:52');
insert into Camara values ( 11);
insert into Video values ( timestamp '2018-09-08 16:05:02', timestamp '2018-09-09 15:37:41', 11);
insert into SegmentoVideo values ( 0, '69974 seconds', timestamp '2018-09-08 16:05:02', 11);
insert into SegmentoVideo values ( 1, '14785 seconds', timestamp '2018-09-08 16:05:02', 11);
insert into Local values ( 'Amadora');
insert into Vigia values ( 'Amadora', 11);
insert into ProcessoSocorro values ( 11);
insert into EventoEmergencia values ( '952373095', timestamp '2018-08-14 12:34:02', 'Manel Gômes', 'Amadora', 11);
insert into EntidadeMeio values ( 'Junta de Funchal');
insert into Meio values ( 11, 'Drone', 'Junta de Funchal');
insert into MeioSocorro values ( 11, 'Junta de Funchal');
insert into Transporta values ( 11, 'Junta de Funchal', 2, 8);
insert into Acciona values ( 11, 'Junta de Funchal', 8);
insert into Coordenador values ( 11);
insert into Camara values ( 12);
insert into Video values ( timestamp '2018-08-31 23:41:16', timestamp '2018-09-01 21:09:43', 12);
insert into SegmentoVideo values ( 0, '35623 seconds', timestamp '2018-08-31 23:41:16', 12);
insert into SegmentoVideo values ( 1, '41684 seconds', timestamp '2018-08-31 23:41:16', 12);
insert into Local values ( 'Santa Cruz');
insert into Vigia values ( 'Santa Cruz', 12);
insert into ProcessoSocorro values ( 12);
insert into EventoEmergencia values ( '967377379', timestamp '2018-03-09 15:16:48', 'Manel Margato', 'Santa Cruz', 12);
insert into EntidadeMeio values ( 'Quartel de Caniço');
insert into Meio values ( 12, 'Carro', 'Quartel de Caniço');
insert into MeioApoio values ( 12, 'Quartel de Caniço');
insert into Alocado values ( 12, 'Quartel de Caniço', 74, 12);
insert into Acciona values ( 12, 'Quartel de Caniço', 12);
insert into Coordenador values ( 12);
insert into Camara values ( 13);
insert into Video values ( timestamp '2018-04-11 00:08:33', timestamp '2018-04-11 13:42:06', 13);
insert into SegmentoVideo values ( 0, '6720 seconds', timestamp '2018-04-11 00:08:33', 13);
insert into SegmentoVideo values ( 1, '42093 seconds', timestamp '2018-04-11 00:08:33', 13);
insert into Local values ( 'Guimarães');
insert into Vigia values ( 'Guimarães', 13);
insert into ProcessoSocorro values ( 13);
insert into EventoEmergencia values ( '952916025', timestamp '2018-08-31 11:45:02', 'João Coelho', 'Guimarães', 13);
insert into EntidadeMeio values ( 'Bombeiros Voluntários Marta Nicolau');
insert into Meio values ( 13, 'Mâscaras de fumo', 'Bombeiros Voluntários Marta Nicolau');
insert into MeioCombate values ( 13, 'Bombeiros Voluntários Marta Nicolau');
insert into Acciona values ( 13, 'Bombeiros Voluntários Marta Nicolau', 7);
insert into Coordenador values ( 13);
insert into Audita values ( 13, 13, 'Bombeiros Voluntários Marta Nicolau', 7, timestamp '2018-04-14 22:34:48', timestamp '2018-08-03 14:19:19', date '2018-04-14', 'Acredito que foram cortados cantos por fim deixo a indicação de que uma maior investigação será necessária.');
insert into Solicita values ( 13, timestamp '2018-04-11 00:08:33', 13, timestamp '2018-04-20 17:21:23', timestamp '2018-04-25 10:01:08');
insert into Camara values ( 14);
insert into Video values ( timestamp '2018-04-14 19:06:52', timestamp '2018-04-15 13:12:11', 14);
insert into SegmentoVideo values ( 0, '6710 seconds', timestamp '2018-04-14 19:06:52', 14);
insert into SegmentoVideo values ( 1, '9859 seconds', timestamp '2018-04-14 19:06:52', 14);
insert into SegmentoVideo values ( 2, '47097 seconds', timestamp '2018-04-14 19:06:52', 14);
insert into SegmentoVideo values ( 3, '1453 seconds', timestamp '2018-04-14 19:06:52', 14);
insert into Local values ( 'Águeda');
insert into Vigia values ( 'Águeda', 14);
insert into ProcessoSocorro values ( 14);
insert into EventoEmergencia values ( '953395318', timestamp '2018-07-05 20:26:46', 'João Matos', 'Águeda', 14);
insert into EntidadeMeio values ( 'Junta Marta Abreu');
insert into Meio values ( 14, 'Bombeiros', 'Junta Marta Abreu');
insert into MeioCombate values ( 14, 'Junta Marta Abreu');
insert into Acciona values ( 14, 'Junta Marta Abreu', 14);
insert into Coordenador values ( 14);
insert into Camara values ( 15);
insert into Video values ( timestamp '2018-09-24 13:36:46', timestamp '2018-09-24 18:51:12', 15);
insert into SegmentoVideo values ( 0, '1325 seconds', timestamp '2018-09-24 13:36:46', 15);
insert into SegmentoVideo values ( 1, '9748 seconds', timestamp '2018-09-24 13:36:46', 15);
insert into SegmentoVideo values ( 2, '3044 seconds', timestamp '2018-09-24 13:36:46', 15);
insert into SegmentoVideo values ( 3, '4749 seconds', timestamp '2018-09-24 13:36:46', 15);
insert into Local values ( 'Sabugal');
insert into Vigia values ( 'Sabugal', 15);
insert into ProcessoSocorro values ( 15);
insert into EventoEmergencia values ( '952806766', timestamp '2018-07-11 08:33:10', 'Miguel Coelho', 'Sabugal', 15);
insert into EntidadeMeio values ( 'Camara de Borba');
insert into Meio values ( 15, 'Helicoptero', 'Camara de Borba');
insert into MeioCombate values ( 15, 'Camara de Borba');
insert into Acciona values ( 15, 'Camara de Borba', 9);
insert into Coordenador values ( 15);
insert into Camara values ( 16);
insert into Video values ( timestamp '2018-09-02 19:29:41', timestamp '2018-09-03 08:19:44', 16);
insert into SegmentoVideo values ( 0, '2219 seconds', timestamp '2018-09-02 19:29:41', 16);
insert into SegmentoVideo values ( 1, '43984 seconds', timestamp '2018-09-02 19:29:41', 16);
insert into Local values ( 'Ermesinde');
insert into Vigia values ( 'Ermesinde', 16);
insert into ProcessoSocorro values ( 16);
insert into EventoEmergencia values ( '947019659', timestamp '2018-04-16 13:28:04', 'Rita Martinho', 'Ermesinde', 16);
insert into EntidadeMeio values ( 'Bombeiros Municipais Cristiana Martinho');
insert into Meio values ( 16, 'Bombeiros', 'Bombeiros Municipais Cristiana Martinho');
insert into MeioCombate values ( 16, 'Bombeiros Municipais Cristiana Martinho');
insert into Acciona values ( 16, 'Bombeiros Municipais Cristiana Martinho', 7);
insert into Coordenador values ( 16);
insert into Audita values ( 16, 16, 'Bombeiros Municipais Cristiana Martinho', 7, timestamp '2018-10-08 01:05:54', timestamp '2018-10-13 20:41:25', date '2018-10-08', 'Com base na minha análise, foram cortados cantos ainda, termino a auditoria convicto de que não são necessários mais procedimentos.');
insert into Solicita values ( 16, timestamp '2018-09-02 19:29:41', 16, timestamp '2018-10-12 05:32:23', timestamp '2018-10-13 14:31:08');
insert into Camara values ( 17);
insert into Video values ( timestamp '2018-10-19 09:46:33', timestamp '2018-10-19 22:18:52', 17);
insert into SegmentoVideo values ( 0, '19391 seconds', timestamp '2018-10-19 09:46:33', 17);
insert into SegmentoVideo values ( 1, '25748 seconds', timestamp '2018-10-19 09:46:33', 17);
insert into Local values ( 'Moura');
insert into Vigia values ( 'Moura', 17);
insert into ProcessoSocorro values ( 17);
insert into EventoEmergencia values ( '913267122', timestamp '2018-09-15 06:10:46', 'Miguel Guerreiro', 'Moura', 17);
insert into EntidadeMeio values ( 'Junta Daniel Valério');
insert into Meio values ( 17, 'Helicoptero', 'Junta Daniel Valério');
insert into MeioCombate values ( 17, 'Junta Daniel Valério');
insert into Acciona values ( 17, 'Junta Daniel Valério', 3);
insert into Coordenador values ( 17);
insert into Camara values ( 18);
insert into Video values ( timestamp '2018-05-23 02:56:51', timestamp '2018-05-23 22:36:41', 18);
insert into SegmentoVideo values ( 0, '49816 seconds', timestamp '2018-05-23 02:56:51', 18);
insert into SegmentoVideo values ( 1, '20974 seconds', timestamp '2018-05-23 02:56:51', 18);
insert into Local values ( 'Câmara de Lobos');
insert into Vigia values ( 'Câmara de Lobos', 18);
insert into ProcessoSocorro values ( 18);
insert into EventoEmergencia values ( '914811508', timestamp '2018-05-08 19:06:53', 'Miguel Abreu', 'Câmara de Lobos', 18);
insert into EntidadeMeio values ( 'Bombeiros Voluntários de Ponta Delgada');
insert into Meio values ( 18, 'Médico', 'Bombeiros Voluntários de Ponta Delgada');
insert into MeioSocorro values ( 18, 'Bombeiros Voluntários de Ponta Delgada');
insert into Transporta values ( 18, 'Bombeiros Voluntários de Ponta Delgada', 6, 7);
insert into Acciona values ( 18, 'Bombeiros Voluntários de Ponta Delgada', 7);
insert into Coordenador values ( 18);
insert into Camara values ( 19);
insert into Video values ( timestamp '2018-06-06 05:49:17', timestamp '2018-06-06 12:51:29', 19);
insert into SegmentoVideo values ( 0, '10800 seconds', timestamp '2018-06-06 05:49:17', 19);
insert into SegmentoVideo values ( 1, '9191 seconds', timestamp '2018-06-06 05:49:17', 19);
insert into SegmentoVideo values ( 2, '1718 seconds', timestamp '2018-06-06 05:49:17', 19);
insert into SegmentoVideo values ( 3, '3623 seconds', timestamp '2018-06-06 05:49:17', 19);
insert into Local values ( 'Coimbra');
insert into Vigia values ( 'Coimbra', 19);
insert into ProcessoSocorro values ( 19);
insert into EventoEmergencia values ( '919954516', timestamp '2018-04-13 02:53:30', 'Manel Gômes', 'Coimbra', 19);
insert into EntidadeMeio values ( 'Junta Catarina Gômes');
insert into Meio values ( 19, 'Esquadrão', 'Junta Catarina Gômes');
insert into MeioCombate values ( 19, 'Junta Catarina Gômes');
insert into Acciona values ( 19, 'Junta Catarina Gômes', 7);
insert into Coordenador values ( 19);
insert into Camara values ( 20);
insert into Video values ( timestamp '2018-03-12 18:49:46', timestamp '2018-03-13 15:22:35', 20);
insert into SegmentoVideo values ( 0, '45352 seconds', timestamp '2018-03-12 18:49:46', 20);
insert into SegmentoVideo values ( 1, '18135 seconds', timestamp '2018-03-12 18:49:46', 20);
insert into SegmentoVideo values ( 2, '2476 seconds', timestamp '2018-03-12 18:49:46', 20);
insert into SegmentoVideo values ( 3, '5465 seconds', timestamp '2018-03-12 18:49:46', 20);
insert into SegmentoVideo values ( 4, '2541 seconds', timestamp '2018-03-12 18:49:46', 20);
insert into Local values ( 'Oliveira do Hospital');
insert into Vigia values ( 'Oliveira do Hospital', 20);
insert into ProcessoSocorro values ( 20);
insert into EventoEmergencia values ( '969130474', timestamp '2018-11-23 11:43:02', 'Inês Valério', 'Oliveira do Hospital', 20);
insert into EntidadeMeio values ( 'Fundação de Lagoa');
insert into Meio values ( 20, 'Carro de Bombeiros', 'Fundação de Lagoa');
insert into MeioCombate values ( 20, 'Fundação de Lagoa');
insert into Acciona values ( 20, 'Fundação de Lagoa', 15);
insert into Coordenador values ( 20);
insert into Audita values ( 20, 20, 'Fundação de Lagoa', 15, timestamp '2018-11-12 11:41:49', timestamp '2018-11-15 06:05:18', date '2018-11-12', 'Tendo concluido a minha auditoria, todo o processo decorreu dentro da lei ainda, termino a auditoria convicto de que não são necessários mais procedimentos.');
insert into Solicita values ( 20, timestamp '2018-03-12 18:49:46', 20, timestamp '2018-11-13 12:04:23', timestamp '2018-11-14 19:29:49');
insert into Camara values ( 21);
insert into Video values ( timestamp '2018-03-05 02:24:16', timestamp '2018-03-06 01:46:34', 21);
insert into SegmentoVideo values ( 0, '49361 seconds', timestamp '2018-03-05 02:24:16', 21);
insert into SegmentoVideo values ( 1, '9218 seconds', timestamp '2018-03-05 02:24:16', 21);
insert into SegmentoVideo values ( 2, '5428 seconds', timestamp '2018-03-05 02:24:16', 21);
insert into SegmentoVideo values ( 3, '20131 seconds', timestamp '2018-03-05 02:24:16', 21);
insert into Local values ( 'Vila Nova de Gaia');
insert into Vigia values ( 'Vila Nova de Gaia', 21);
insert into ProcessoSocorro values ( 21);
insert into EventoEmergencia values ( '966880541', timestamp '2018-08-30 17:33:33', 'Miguel Nicolau', 'Vila Nova de Gaia', 21);
insert into EntidadeMeio values ( 'Junta de Valbom');
insert into Meio values ( 21, 'Paramédico', 'Junta de Valbom');
insert into MeioSocorro values ( 21, 'Junta de Valbom');
insert into Transporta values ( 21, 'Junta de Valbom', 1, 7);
insert into Acciona values ( 21, 'Junta de Valbom', 7);
insert into Coordenador values ( 21);
insert into Camara values ( 22);
insert into Video values ( timestamp '2018-06-01 07:59:46', timestamp '2018-06-01 20:20:25', 22);
insert into SegmentoVideo values ( 0, '64 seconds', timestamp '2018-06-01 07:59:46', 22);
insert into SegmentoVideo values ( 1, '26064 seconds', timestamp '2018-06-01 07:59:46', 22);
insert into SegmentoVideo values ( 2, '18311 seconds', timestamp '2018-06-01 07:59:46', 22);
insert into Local values ( 'Freamunde');
insert into Vigia values ( 'Freamunde', 22);
insert into ProcessoSocorro values ( 22);
insert into EventoEmergencia values ( '963954862', timestamp '2018-11-15 08:17:38', 'Marta Rodrigues', 'Freamunde', 22);
insert into EntidadeMeio values ( 'Camara de Albergaria-a-Velha');
insert into Meio values ( 22, 'Carro', 'Camara de Albergaria-a-Velha');
insert into MeioApoio values ( 22, 'Camara de Albergaria-a-Velha');
insert into Alocado values ( 22, 'Camara de Albergaria-a-Velha', 31, 19);
insert into Acciona values ( 22, 'Camara de Albergaria-a-Velha', 19);
insert into Coordenador values ( 22);
insert into Audita values ( 22, 22, 'Camara de Albergaria-a-Velha', 19, timestamp '2018-09-20 05:05:05', timestamp '2018-09-30 13:03:50', date '2018-09-20', 'Com base na minha análise, foram cortados cantos assim dou por concluida esta auditoria.');
insert into Solicita values ( 22, timestamp '2018-06-01 07:59:46', 22, timestamp '2018-09-25 00:38:19', timestamp '2018-09-25 22:00:20');
insert into Camara values ( 23);
insert into Video values ( timestamp '2018-08-19 19:05:49', timestamp '2018-08-20 07:13:04', 23);
insert into SegmentoVideo values ( 0, '30486 seconds', timestamp '2018-08-19 19:05:49', 23);
insert into SegmentoVideo values ( 1, '1614 seconds', timestamp '2018-08-19 19:05:49', 23);
insert into SegmentoVideo values ( 2, '1558 seconds', timestamp '2018-08-19 19:05:49', 23);
insert into SegmentoVideo values ( 3, '9977 seconds', timestamp '2018-08-19 19:05:49', 23);
insert into Local values ( 'Ílhavo');
insert into Vigia values ( 'Ílhavo', 23);
insert into ProcessoSocorro values ( 23);
insert into EventoEmergencia values ( '914459082', timestamp '2018-08-06 08:14:54', 'Joana Nicolau', 'Ílhavo', 23);
insert into EntidadeMeio values ( 'Hospital de Freamunde');
insert into Meio values ( 23, 'Kit de primeiros socorros', 'Hospital de Freamunde');
insert into MeioSocorro values ( 23, 'Hospital de Freamunde');
insert into Transporta values ( 23, 'Hospital de Freamunde', 1, 10);
insert into Acciona values ( 23, 'Hospital de Freamunde', 10);
insert into Coordenador values ( 23);
insert into Camara values ( 24);
insert into Video values ( timestamp '2018-01-03 10:54:43', timestamp '2018-01-04 06:41:47', 24);
insert into SegmentoVideo values ( 0, '30188 seconds', timestamp '2018-01-03 10:54:43', 24);
insert into SegmentoVideo values ( 1, '41036 seconds', timestamp '2018-01-03 10:54:43', 24);
insert into Local values ( 'Vila Real');
insert into Vigia values ( 'Vila Real', 24);
insert into ProcessoSocorro values ( 24);
insert into EventoEmergencia values ( '931731193', timestamp '2018-04-24 01:57:07', 'Tiago Antunes', 'Vila Real', 24);
insert into EntidadeMeio values ( 'Camara Catarina Rodrigues');
insert into Meio values ( 24, 'Ambulância', 'Camara Catarina Rodrigues');
insert into MeioApoio values ( 24, 'Camara Catarina Rodrigues');
insert into Alocado values ( 24, 'Camara Catarina Rodrigues', 29, 7);
insert into Acciona values ( 24, 'Camara Catarina Rodrigues', 7);
insert into Coordenador values ( 24);
insert into Camara values ( 25);
insert into Video values ( timestamp '2018-10-25 11:51:21', timestamp '2018-10-26 11:26:54', 25);
insert into SegmentoVideo values ( 0, '68564 seconds', timestamp '2018-10-25 11:51:21', 25);
insert into SegmentoVideo values ( 1, '16369 seconds', timestamp '2018-10-25 11:51:21', 25);
insert into Local values ( 'Fundão');
insert into Vigia values ( 'Fundão', 25);
insert into ProcessoSocorro values ( 25);
insert into EventoEmergencia values ( '963862001', timestamp '2018-06-17 08:52:35', 'Daniel Martinho', 'Fundão', 25);
insert into EntidadeMeio values ( 'Camara de Vila Nova de Famalicão');
insert into Meio values ( 25, 'Camião', 'Camara de Vila Nova de Famalicão');
insert into MeioApoio values ( 25, 'Camara de Vila Nova de Famalicão');
insert into Alocado values ( 25, 'Camara de Vila Nova de Famalicão', 88, 17);
insert into Acciona values ( 25, 'Camara de Vila Nova de Famalicão', 17);
insert into Coordenador values ( 25);
insert into Camara values ( 26);
insert into Video values ( timestamp '2018-07-08 20:00:33', timestamp '2018-07-09 17:54:52', 26);
insert into SegmentoVideo values ( 0, '20041 seconds', timestamp '2018-07-08 20:00:33', 26);
insert into SegmentoVideo values ( 1, '52687 seconds', timestamp '2018-07-08 20:00:33', 26);
insert into SegmentoVideo values ( 2, '3505 seconds', timestamp '2018-07-08 20:00:33', 26);
insert into SegmentoVideo values ( 3, '319 seconds', timestamp '2018-07-08 20:00:33', 26);
insert into SegmentoVideo values ( 4, '363 seconds', timestamp '2018-07-08 20:00:33', 26);
insert into SegmentoVideo values ( 5, '962 seconds', timestamp '2018-07-08 20:00:33', 26);
insert into SegmentoVideo values ( 6, '982.0 seconds', timestamp '2018-07-08 20:00:33', 26);
insert into Local values ( 'Tondela');
insert into Vigia values ( 'Tondela', 26);
insert into ProcessoSocorro values ( 26);
insert into EventoEmergencia values ( '952576658', timestamp '2018-06-15 00:36:10', 'Tiago Nogueira', 'Tondela', 26);
insert into EntidadeMeio values ( 'Bombeiros Voluntários de Vila Real');
insert into Meio values ( 26, 'Carro', 'Bombeiros Voluntários de Vila Real');
insert into MeioApoio values ( 26, 'Bombeiros Voluntários de Vila Real');
insert into Alocado values ( 26, 'Bombeiros Voluntários de Vila Real', 104, 23);
insert into Acciona values ( 26, 'Bombeiros Voluntários de Vila Real', 23);
insert into Coordenador values ( 26);
insert into Camara values ( 27);
insert into Video values ( timestamp '2018-01-20 06:48:16', timestamp '2018-01-20 22:51:45', 27);
insert into SegmentoVideo values ( 0, '35323 seconds', timestamp '2018-01-20 06:48:16', 27);
insert into SegmentoVideo values ( 1, '22486 seconds', timestamp '2018-01-20 06:48:16', 27);
insert into Local values ( 'Ribeira Grande');
insert into Vigia values ( 'Ribeira Grande', 27);
insert into ProcessoSocorro values ( 27);
insert into EventoEmergencia values ( '962479292', timestamp '2018-03-08 05:38:57', 'João Correia', 'Ribeira Grande', 27);
insert into EntidadeMeio values ( 'Fundação Daniel Coelho');
insert into Meio values ( 27, 'Carro', 'Fundação Daniel Coelho');
insert into MeioApoio values ( 27, 'Fundação Daniel Coelho');
insert into Alocado values ( 27, 'Fundação Daniel Coelho', 142, 0);
insert into Acciona values ( 27, 'Fundação Daniel Coelho', 0);
insert into Coordenador values ( 27);
insert into Camara values ( 28);
insert into Video values ( timestamp '2018-10-03 00:39:27', timestamp '2018-10-03 19:13:07', 28);
insert into SegmentoVideo values ( 0, '33928 seconds', timestamp '2018-10-03 00:39:27', 28);
insert into SegmentoVideo values ( 1, '32892 seconds', timestamp '2018-10-03 00:39:27', 28);
insert into Local values ( 'Abrantes');
insert into Vigia values ( 'Abrantes', 28);
insert into ProcessoSocorro values ( 28);
insert into EventoEmergencia values ( '928259149', timestamp '2018-05-17 23:52:46', 'Inês Gômes', 'Abrantes', 28);
insert into EntidadeMeio values ( 'Junta Tiago Nogueira');
insert into Meio values ( 28, 'Psicólogo', 'Junta Tiago Nogueira');
insert into MeioSocorro values ( 28, 'Junta Tiago Nogueira');
insert into Transporta values ( 28, 'Junta Tiago Nogueira', 3, 7);
insert into Acciona values ( 28, 'Junta Tiago Nogueira', 7);
insert into Coordenador values ( 28);
insert into Audita values ( 28, 28, 'Junta Tiago Nogueira', 7, timestamp '2018-08-01 07:16:48', timestamp '2018-10-21 15:49:04', date '2018-08-01', 'Estou convicto que denota-se corrupção por parte de várias entidades assim dou por concluida esta auditoria.');
insert into Solicita values ( 28, timestamp '2018-10-03 00:39:27', 28, timestamp '2018-08-28 02:36:07', timestamp '2018-09-07 05:43:50');
insert into Camara values ( 29);
insert into Video values ( timestamp '2018-06-29 15:33:11', timestamp '2018-06-29 17:49:36', 29);
insert into SegmentoVideo values ( 0, '5983 seconds', timestamp '2018-06-29 15:33:11', 29);
insert into SegmentoVideo values ( 1, '2202.0 seconds', timestamp '2018-06-29 15:33:11', 29);
insert into Local values ( 'Angra do Heroísmo');
insert into Vigia values ( 'Angra do Heroísmo', 29);
insert into ProcessoSocorro values ( 29);
insert into EventoEmergencia values ( '927279172', timestamp '2018-04-17 08:46:56', 'Tiago Valério', 'Angra do Heroísmo', 29);
insert into EntidadeMeio values ( 'Bombeiros Voluntários de Santarém');
insert into Meio values ( 29, 'Rações', 'Bombeiros Voluntários de Santarém');
insert into MeioCombate values ( 29, 'Bombeiros Voluntários de Santarém');
insert into Acciona values ( 29, 'Bombeiros Voluntários de Santarém', 16);
insert into Coordenador values ( 29);
insert into Camara values ( 30);
insert into Video values ( timestamp '2018-09-12 11:22:17', timestamp '2018-09-12 13:05:21', 30);
insert into SegmentoVideo values ( 0, '4430 seconds', timestamp '2018-09-12 11:22:17', 30);
insert into SegmentoVideo values ( 1, '1754 seconds', timestamp '2018-09-12 11:22:17', 30);
insert into Local values ( 'São Mamede de Infesta');
insert into Vigia values ( 'São Mamede de Infesta', 30);
insert into ProcessoSocorro values ( 30);
insert into EventoEmergencia values ( '958101869', timestamp '2018-02-05 03:32:52', 'Ana Valério', 'São Mamede de Infesta', 30);
insert into EntidadeMeio values ( 'Fundação Pedro Figueiredo');
insert into Meio values ( 30, 'Esquadrão', 'Fundação Pedro Figueiredo');
insert into MeioCombate values ( 30, 'Fundação Pedro Figueiredo');
insert into Acciona values ( 30, 'Fundação Pedro Figueiredo', 3);
insert into Coordenador values ( 30);
insert into Camara values ( 31);
insert into Video values ( timestamp '2018-07-26 09:05:55', timestamp '2018-07-26 17:10:12', 31);
insert into SegmentoVideo values ( 0, '19595 seconds', timestamp '2018-07-26 09:05:55', 31);
insert into SegmentoVideo values ( 1, '9462 seconds', timestamp '2018-07-26 09:05:55', 31);
insert into Local values ( 'Covilhã');
insert into Vigia values ( 'Covilhã', 31);
insert into ProcessoSocorro values ( 31);
insert into EventoEmergencia values ( '927386404', timestamp '2018-07-16 15:53:58', 'Cristiana Martinho', 'Covilhã', 31);
insert into EntidadeMeio values ( 'Hospital de Gouveia');
insert into Meio values ( 31, 'Maca', 'Hospital de Gouveia');
insert into MeioApoio values ( 31, 'Hospital de Gouveia');
insert into Alocado values ( 31, 'Hospital de Gouveia', 133, 10);
insert into Acciona values ( 31, 'Hospital de Gouveia', 10);
insert into Coordenador values ( 31);
insert into Audita values ( 31, 31, 'Hospital de Gouveia', 10, timestamp '2018-11-24 21:14:42', timestamp '2018-11-24 22:03:48', date '2018-11-24', 'Estou convicto que foram realizados todos os possíveis para alcançar um boa resolução por fim deixo a indicação de que uma maior investigação será necessária.');
insert into Solicita values ( 31, timestamp '2018-07-26 09:05:55', 31, timestamp '2018-11-24 21:42:21', timestamp '2018-11-24 21:44:33');
insert into Camara values ( 32);
insert into Video values ( timestamp '2018-07-05 19:57:42', timestamp '2018-07-06 16:23:21', 32);
insert into SegmentoVideo values ( 0, '11129 seconds', timestamp '2018-07-05 19:57:42', 32);
insert into SegmentoVideo values ( 1, '62410 seconds', timestamp '2018-07-05 19:57:42', 32);
insert into Local values ( 'Albufeira');
insert into Vigia values ( 'Albufeira', 32);
insert into ProcessoSocorro values ( 32);
insert into EventoEmergencia values ( '937396956', timestamp '2018-07-14 00:20:07', 'Daniel Silva', 'Albufeira', 32);
insert into EntidadeMeio values ( 'Quartel de Vizela');
insert into Meio values ( 32, 'Desfibrilhador', 'Quartel de Vizela');
insert into MeioSocorro values ( 32, 'Quartel de Vizela');
insert into Transporta values ( 32, 'Quartel de Vizela', 3, 26);
insert into Acciona values ( 32, 'Quartel de Vizela', 26);
insert into Coordenador values ( 32);
insert into Camara values ( 33);
insert into Video values ( timestamp '2018-08-14 20:03:38', timestamp '2018-08-15 13:08:09', 33);
insert into SegmentoVideo values ( 0, '57207 seconds', timestamp '2018-08-14 20:03:38', 33);
insert into SegmentoVideo values ( 1, '25 seconds', timestamp '2018-08-14 20:03:38', 33);
insert into SegmentoVideo values ( 2, '2274 seconds', timestamp '2018-08-14 20:03:38', 33);
insert into SegmentoVideo values ( 3, '1965 seconds', timestamp '2018-08-14 20:03:38', 33);
insert into Local values ( 'Paços de Ferreira');
insert into Vigia values ( 'Paços de Ferreira', 33);
insert into ProcessoSocorro values ( 33);
insert into EventoEmergencia values ( '960596217', timestamp '2018-05-31 18:41:53', 'Cristiana Antunes', 'Paços de Ferreira', 33);
insert into EntidadeMeio values ( 'Junta Rita Nogueira');
insert into Meio values ( 33, 'Kit de primeiros socorros', 'Junta Rita Nogueira');
insert into MeioSocorro values ( 33, 'Junta Rita Nogueira');
insert into Transporta values ( 33, 'Junta Rita Nogueira', 1, 20);
insert into Acciona values ( 33, 'Junta Rita Nogueira', 20);
insert into Coordenador values ( 33);
insert into Audita values ( 33, 33, 'Junta Rita Nogueira', 20, timestamp '2018-11-23 17:43:21', timestamp '2018-11-24 02:16:03', date '2018-11-23', 'Estou convicto que todo o processo decorreu dentro da lei por fim deixo a indicação de que uma maior investigação será necessária.');
insert into Solicita values ( 33, timestamp '2018-08-14 20:03:38', 33, timestamp '2018-11-23 22:43:15', timestamp '2018-11-23 23:52:44');
insert into Camara values ( 34);
insert into Video values ( timestamp '2018-11-17 23:56:16', timestamp '2018-11-18 21:01:10', 34);
insert into SegmentoVideo values ( 0, '56802 seconds', timestamp '2018-11-17 23:56:16', 34);
insert into SegmentoVideo values ( 1, '15853 seconds', timestamp '2018-11-17 23:56:16', 34);
insert into SegmentoVideo values ( 2, '3239 seconds', timestamp '2018-11-17 23:56:16', 34);
insert into Local values ( 'Fiães');
insert into Vigia values ( 'Fiães', 34);
insert into ProcessoSocorro values ( 34);
insert into EventoEmergencia values ( '944386157', timestamp '2018-08-28 20:54:33', 'Pedro Nogueira', 'Fiães', 34);
insert into EntidadeMeio values ( 'Bombeiros Municipais Joana Matos');
insert into Meio values ( 34, 'Paramédico', 'Bombeiros Municipais Joana Matos');
insert into MeioSocorro values ( 34, 'Bombeiros Municipais Joana Matos');
insert into Transporta values ( 34, 'Bombeiros Municipais Joana Matos', 1, 15);
insert into Acciona values ( 34, 'Bombeiros Municipais Joana Matos', 15);
insert into Coordenador values ( 34);
insert into Camara values ( 35);
insert into Video values ( timestamp '2018-06-03 07:33:41', timestamp '2018-06-03 19:40:52', 35);
insert into SegmentoVideo values ( 0, '29214 seconds', timestamp '2018-06-03 07:33:41', 35);
insert into SegmentoVideo values ( 1, '14417 seconds', timestamp '2018-06-03 07:33:41', 35);
insert into Local values ( 'Borba');
insert into Vigia values ( 'Borba', 35);
insert into ProcessoSocorro values ( 35);
insert into EventoEmergencia values ( '931207338', timestamp '2018-10-23 19:58:50', 'Daniel Matos', 'Borba', 35);
insert into EntidadeMeio values ( 'Bombeiros Municipais de Macedo de Cavaleiros');
insert into Meio values ( 35, 'Garrafas de água', 'Bombeiros Municipais de Macedo de Cavaleiros');
insert into MeioSocorro values ( 35, 'Bombeiros Municipais de Macedo de Cavaleiros');
insert into Transporta values ( 35, 'Bombeiros Municipais de Macedo de Cavaleiros', 6, 31);
insert into Acciona values ( 35, 'Bombeiros Municipais de Macedo de Cavaleiros', 31);
insert into Coordenador values ( 35);
insert into Camara values ( 36);
insert into Video values ( timestamp '2018-07-15 12:46:53', timestamp '2018-07-16 10:01:52', 36);
insert into SegmentoVideo values ( 0, '41085 seconds', timestamp '2018-07-15 12:46:53', 36);
insert into SegmentoVideo values ( 1, '35414 seconds', timestamp '2018-07-15 12:46:53', 36);
insert into Local values ( 'Vila Baleira');
insert into Vigia values ( 'Vila Baleira', 36);
insert into ProcessoSocorro values ( 36);
insert into EventoEmergencia values ( '932866520', timestamp '2018-03-03 04:22:55', 'João Guerreiro', 'Vila Baleira', 36);
insert into EntidadeMeio values ( 'Bombeiros Municipais de Felgueiras');
insert into Meio values ( 36, 'Helicoptero', 'Bombeiros Municipais de Felgueiras');
insert into MeioCombate values ( 36, 'Bombeiros Municipais de Felgueiras');
insert into Acciona values ( 36, 'Bombeiros Municipais de Felgueiras', 19);
insert into Coordenador values ( 36);
insert into Camara values ( 37);
insert into Video values ( timestamp '2018-09-29 20:15:35', timestamp '2018-09-30 07:19:17', 37);
insert into SegmentoVideo values ( 0, '12075 seconds', timestamp '2018-09-29 20:15:35', 37);
insert into SegmentoVideo values ( 1, '17 seconds', timestamp '2018-09-29 20:15:35', 37);
insert into SegmentoVideo values ( 2, '27730 seconds', timestamp '2018-09-29 20:15:35', 37);
insert into Local values ( 'Almeirim');
insert into Vigia values ( 'Almeirim', 37);
insert into ProcessoSocorro values ( 37);
insert into EventoEmergencia values ( '956024363', timestamp '2018-09-30 22:29:22', 'Marta Vitorino', 'Almeirim', 37);
insert into EntidadeMeio values ( 'Quartel de Moura');
insert into Meio values ( 37, 'Maca', 'Quartel de Moura');
insert into MeioApoio values ( 37, 'Quartel de Moura');
insert into Alocado values ( 37, 'Quartel de Moura', 162, 24);
insert into Acciona values ( 37, 'Quartel de Moura', 24);
insert into Coordenador values ( 37);
insert into Audita values ( 37, 37, 'Quartel de Moura', 24, timestamp '2018-08-12 10:37:35', timestamp '2018-11-04 18:08:51', date '2018-08-12', 'Conclui que todo o processo decorreu dentro da lei por fim deixo a indicação de que uma maior investigação será necessária.');
insert into Solicita values ( 37, timestamp '2018-09-29 20:15:35', 37, timestamp '2018-09-05 00:15:00', timestamp '2018-11-02 17:06:01');
insert into Camara values ( 38);
insert into Video values ( timestamp '2018-10-30 11:11:58', timestamp '2018-10-30 12:46:11', 38);
insert into SegmentoVideo values ( 0, '3540 seconds', timestamp '2018-10-30 11:11:58', 38);
insert into SegmentoVideo values ( 1, '2113 seconds', timestamp '2018-10-30 11:11:58', 38);
insert into Local values ( 'Santana');
insert into Vigia values ( 'Santana', 38);
insert into ProcessoSocorro values ( 38);
insert into EventoEmergencia values ( '948063991', timestamp '2018-04-12 22:34:13', 'Francisco Margato', 'Santana', 38);
insert into EntidadeMeio values ( 'Junta de Montijo');
insert into Meio values ( 38, 'Médico', 'Junta de Montijo');
insert into MeioSocorro values ( 38, 'Junta de Montijo');
insert into Transporta values ( 38, 'Junta de Montijo', 5, 16);
insert into Acciona values ( 38, 'Junta de Montijo', 16);
insert into Coordenador values ( 38);
insert into Audita values ( 38, 38, 'Junta de Montijo', 16, timestamp '2018-05-29 21:59:53', timestamp '2018-06-29 18:04:02', date '2018-05-29', 'Com base na minha análise, denota-se corrupção por parte de várias entidades por fim deixo a indicação de que uma maior investigação será necessária.');
insert into Solicita values ( 38, timestamp '2018-10-30 11:11:58', 38, timestamp '2018-06-26 18:11:56', timestamp '2018-06-27 01:50:50');
insert into Camara values ( 39);
insert into Video values ( timestamp '2018-05-11 03:13:09', timestamp '2018-05-11 11:48:38', 39);
insert into SegmentoVideo values ( 0, '25614 seconds', timestamp '2018-05-11 03:13:09', 39);
insert into SegmentoVideo values ( 1, '5315 seconds', timestamp '2018-05-11 03:13:09', 39);
insert into Local values ( 'Felgueiras');
insert into Vigia values ( 'Felgueiras', 39);
insert into ProcessoSocorro values ( 39);
insert into EventoEmergencia values ( '920106223', timestamp '2018-07-13 05:35:01', 'Joana Abreu', 'Felgueiras', 39);
insert into EntidadeMeio values ( 'Junta de Tavira');
insert into Meio values ( 39, 'Helicoptero', 'Junta de Tavira');
insert into MeioCombate values ( 39, 'Junta de Tavira');
insert into Acciona values ( 39, 'Junta de Tavira', 36);
insert into Coordenador values ( 39);
insert into Audita values ( 39, 39, 'Junta de Tavira', 36, timestamp '2018-09-17 01:58:55', timestamp '2018-10-09 07:04:28', date '2018-09-17', 'Estou convicto que foram realizados todos os possíveis para alcançar um boa resolução ainda, termino a auditoria convicto de que não são necessários mais procedimentos.');
insert into Solicita values ( 39, timestamp '2018-05-11 03:13:09', 39, timestamp '2018-09-21 19:24:15', timestamp '2018-09-29 21:42:53');
insert into Camara values ( 40);
insert into Video values ( timestamp '2018-09-22 20:07:01', timestamp '2018-09-23 14:48:36', 40);
insert into SegmentoVideo values ( 0, '50511 seconds', timestamp '2018-09-22 20:07:01', 40);
insert into SegmentoVideo values ( 1, '7697 seconds', timestamp '2018-09-22 20:07:01', 40);
insert into SegmentoVideo values ( 2, '3359 seconds', timestamp '2018-09-22 20:07:01', 40);
insert into SegmentoVideo values ( 3, '4340 seconds', timestamp '2018-09-22 20:07:01', 40);
insert into SegmentoVideo values ( 4, '1388 seconds', timestamp '2018-09-22 20:07:01', 40);
insert into Local values ( 'São Pedro do Sul');
insert into Vigia values ( 'São Pedro do Sul', 40);
insert into ProcessoSocorro values ( 40);
insert into EventoEmergencia values ( '920746354', timestamp '2018-04-07 22:55:06', 'Joana Gômes', 'São Pedro do Sul', 40);
insert into EntidadeMeio values ( 'Hospital de Vale de Cambra');
insert into Meio values ( 40, 'Mâscaras de fumo', 'Hospital de Vale de Cambra');
insert into MeioCombate values ( 40, 'Hospital de Vale de Cambra');
insert into Acciona values ( 40, 'Hospital de Vale de Cambra', 7);
insert into Coordenador values ( 40);
insert into Camara values ( 41);
insert into Video values ( timestamp '2018-10-22 18:17:36', timestamp '2018-10-23 16:36:08', 41);
insert into SegmentoVideo values ( 0, '28111 seconds', timestamp '2018-10-22 18:17:36', 41);
insert into SegmentoVideo values ( 1, '52201 seconds', timestamp '2018-10-22 18:17:36', 41);
insert into Local values ( 'Almada');
insert into Vigia values ( 'Almada', 41);
insert into ProcessoSocorro values ( 41);
insert into EventoEmergencia values ( '923954900', timestamp '2018-06-29 01:53:40', 'Catarina Abreu', 'Almada', 41);
insert into EntidadeMeio values ( 'Bombeiros Voluntários Tiago Nicolau');
insert into Meio values ( 41, 'Maca', 'Bombeiros Voluntários Tiago Nicolau');
insert into MeioApoio values ( 41, 'Bombeiros Voluntários Tiago Nicolau');
insert into Alocado values ( 41, 'Bombeiros Voluntários Tiago Nicolau', 96, 30);
insert into Acciona values ( 41, 'Bombeiros Voluntários Tiago Nicolau', 30);
insert into Coordenador values ( 41);
insert into Camara values ( 42);
insert into Video values ( timestamp '2018-07-19 18:15:55', timestamp '2018-07-19 19:11:55', 42);
insert into SegmentoVideo values ( 0, '993 seconds', timestamp '2018-07-19 18:15:55', 42);
insert into SegmentoVideo values ( 1, '2367 seconds', timestamp '2018-07-19 18:15:55', 42);
insert into Local values ( 'Mealhada');
insert into Vigia values ( 'Mealhada', 42);
insert into ProcessoSocorro values ( 42);
insert into EventoEmergencia values ( '926608600', timestamp '2018-11-18 17:19:47', 'Francisco Gômes', 'Mealhada', 42);
insert into EntidadeMeio values ( 'Camara João Correia');
insert into Meio values ( 42, 'Mangueira', 'Camara João Correia');
insert into MeioCombate values ( 42, 'Camara João Correia');
insert into Acciona values ( 42, 'Camara João Correia', 4);
insert into Coordenador values ( 42);
insert into Camara values ( 43);
insert into Video values ( timestamp '2018-02-22 15:42:29', timestamp '2018-02-22 19:26:57', 43);
insert into SegmentoVideo values ( 0, '10542 seconds', timestamp '2018-02-22 15:42:29', 43);
insert into SegmentoVideo values ( 1, '1547 seconds', timestamp '2018-02-22 15:42:29', 43);
insert into SegmentoVideo values ( 2, '1379.0 seconds', timestamp '2018-02-22 15:42:29', 43);
insert into Local values ( 'Vila Nova de Famalicão');
insert into Vigia values ( 'Vila Nova de Famalicão', 43);
insert into ProcessoSocorro values ( 43);
insert into EventoEmergencia values ( '959401134', timestamp '2018-03-28 03:50:51', 'Manel Martinho', 'Vila Nova de Famalicão', 43);
insert into EntidadeMeio values ( 'Bombeiros Municipais Cristiana Antunes');
insert into Meio values ( 43, 'Helicoptero', 'Bombeiros Municipais Cristiana Antunes');
insert into MeioCombate values ( 43, 'Bombeiros Municipais Cristiana Antunes');
insert into Acciona values ( 43, 'Bombeiros Municipais Cristiana Antunes', 6);
insert into Coordenador values ( 43);
insert into Audita values ( 43, 43, 'Bombeiros Municipais Cristiana Antunes', 6, timestamp '2018-09-01 03:11:33', timestamp '2018-09-04 16:49:46', date '2018-09-01', 'Acredito que denota-se corrupção por parte de várias entidades ainda, termino a auditoria convicto de que não são necessários mais procedimentos.');
insert into Solicita values ( 43, timestamp '2018-02-22 15:42:29', 43, timestamp '2018-09-04 02:55:25', timestamp '2018-09-04 04:02:51');
insert into Camara values ( 44);
insert into Video values ( timestamp '2018-11-06 09:43:58', timestamp '2018-11-06 10:09:01', 44);
insert into SegmentoVideo values ( 0, '1503.0 seconds', timestamp '2018-11-06 09:43:58', 44);
insert into Local values ( 'Aveiro');
insert into Vigia values ( 'Aveiro', 44);
insert into ProcessoSocorro values ( 44);
insert into EventoEmergencia values ( '915553398', timestamp '2018-04-02 22:43:49', 'João Valério', 'Aveiro', 44);
insert into EntidadeMeio values ( 'Fundação Cristiana Margato');
insert into Meio values ( 44, 'Camião', 'Fundação Cristiana Margato');
insert into MeioApoio values ( 44, 'Fundação Cristiana Margato');
insert into Alocado values ( 44, 'Fundação Cristiana Margato', 52, 6);
insert into Acciona values ( 44, 'Fundação Cristiana Margato', 6);
insert into Coordenador values ( 44);
insert into Camara values ( 45);
insert into Video values ( timestamp '2018-09-24 00:43:59', timestamp '2018-09-24 23:36:43', 45);
insert into SegmentoVideo values ( 0, '46 seconds', timestamp '2018-09-24 00:43:59', 45);
insert into SegmentoVideo values ( 1, '82318 seconds', timestamp '2018-09-24 00:43:59', 45);
insert into Local values ( 'Elvas');
insert into Vigia values ( 'Elvas', 45);
insert into ProcessoSocorro values ( 45);
insert into EventoEmergencia values ( '930849014', timestamp '2018-07-18 04:21:56', 'Manel Nicolau', 'Elvas', 45);
insert into EntidadeMeio values ( 'Hospital de Figueira da Foz');
insert into Meio values ( 45, 'Desfibrilhador', 'Hospital de Figueira da Foz');
insert into MeioSocorro values ( 45, 'Hospital de Figueira da Foz');
insert into Transporta values ( 45, 'Hospital de Figueira da Foz', 4, 27);
insert into Acciona values ( 45, 'Hospital de Figueira da Foz', 27);
insert into Coordenador values ( 45);
insert into Camara values ( 46);
insert into Video values ( timestamp '2018-08-27 22:03:29', timestamp '2018-08-28 06:30:22', 46);
insert into SegmentoVideo values ( 0, '29304 seconds', timestamp '2018-08-27 22:03:29', 46);
insert into SegmentoVideo values ( 1, '1109 seconds', timestamp '2018-08-27 22:03:29', 46);
insert into Local values ( 'Lourosa');
insert into Vigia values ( 'Lourosa', 46);
insert into ProcessoSocorro values ( 46);
insert into EventoEmergencia values ( '915072058', timestamp '2018-08-21 16:03:56', 'Cristiana Abreu', 'Lourosa', 46);
insert into EntidadeMeio values ( 'Bombeiros Municipais Marta Margato');
insert into Meio values ( 46, 'Mangueira', 'Bombeiros Municipais Marta Margato');
insert into MeioCombate values ( 46, 'Bombeiros Municipais Marta Margato');
insert into Acciona values ( 46, 'Bombeiros Municipais Marta Margato', 45);
insert into Coordenador values ( 46);
insert into Audita values ( 46, 46, 'Bombeiros Municipais Marta Margato', 45, timestamp '2018-07-28 08:46:04', timestamp '2018-11-07 22:28:05', date '2018-07-28', 'Conclui que todo o processo decorreu dentro da lei ainda, termino a auditoria convicto de que não são necessários mais procedimentos.');
insert into Solicita values ( 46, timestamp '2018-08-27 22:03:29', 46, timestamp '2018-09-29 10:21:57', timestamp '2018-09-29 19:58:11');
insert into Camara values ( 47);
insert into Video values ( timestamp '2018-06-21 05:04:00', timestamp '2018-06-22 02:30:24', 47);
insert into SegmentoVideo values ( 0, '25074 seconds', timestamp '2018-06-21 05:04:00', 47);
insert into SegmentoVideo values ( 1, '42457 seconds', timestamp '2018-06-21 05:04:00', 47);
insert into SegmentoVideo values ( 2, '1134 seconds', timestamp '2018-06-21 05:04:00', 47);
insert into SegmentoVideo values ( 3, '6396 seconds', timestamp '2018-06-21 05:04:00', 47);
insert into SegmentoVideo values ( 4, '1032 seconds', timestamp '2018-06-21 05:04:00', 47);
insert into SegmentoVideo values ( 5, '1091.0 seconds', timestamp '2018-06-21 05:04:00', 47);
insert into Local values ( 'Olhão da Restauração');
insert into Vigia values ( 'Olhão da Restauração', 47);
insert into ProcessoSocorro values ( 47);
insert into EventoEmergencia values ( '923513500', timestamp '2018-09-07 06:28:21', 'Tiago Silva', 'Olhão da Restauração', 47);
insert into EntidadeMeio values ( 'Bombeiros Voluntários de Valongo');
insert into Meio values ( 47, 'Ambulância', 'Bombeiros Voluntários de Valongo');
insert into MeioApoio values ( 47, 'Bombeiros Voluntários de Valongo');
insert into Alocado values ( 47, 'Bombeiros Voluntários de Valongo', 122, 19);
insert into Acciona values ( 47, 'Bombeiros Voluntários de Valongo', 19);
insert into Coordenador values ( 47);
insert into Audita values ( 47, 47, 'Bombeiros Voluntários de Valongo', 19, timestamp '2018-06-01 02:53:31', timestamp '2018-08-14 04:42:57', date '2018-06-01', 'Estou convicto que foram cortados cantos ainda, termino a auditoria convicto de que não são necessários mais procedimentos.');
insert into Solicita values ( 47, timestamp '2018-06-21 05:04:00', 47, timestamp '2018-07-18 22:12:33', timestamp '2018-07-31 09:59:23');
insert into Camara values ( 48);
insert into Video values ( timestamp '2018-10-13 18:04:30', timestamp '2018-10-14 02:45:23', 48);
insert into SegmentoVideo values ( 0, '5791 seconds', timestamp '2018-10-13 18:04:30', 48);
insert into SegmentoVideo values ( 1, '25462 seconds', timestamp '2018-10-13 18:04:30', 48);
insert into Local values ( 'Valbom');
insert into Vigia values ( 'Valbom', 48);
insert into ProcessoSocorro values ( 48);
insert into EventoEmergencia values ( '925214691', timestamp '2018-06-29 05:58:01', 'Catarina Coelho', 'Valbom', 48);
insert into EntidadeMeio values ( 'Bombeiros Voluntários de Póvoa de Santa Iria');
insert into Meio values ( 48, 'Carro de Bombeiros', 'Bombeiros Voluntários de Póvoa de Santa Iria');
insert into MeioCombate values ( 48, 'Bombeiros Voluntários de Póvoa de Santa Iria');
insert into Acciona values ( 48, 'Bombeiros Voluntários de Póvoa de Santa Iria', 42);
insert into Coordenador values ( 48);
insert into Camara values ( 49);
insert into Video values ( timestamp '2018-08-04 06:20:50', timestamp '2018-08-04 11:56:50', 49);
insert into SegmentoVideo values ( 0, '4901 seconds', timestamp '2018-08-04 06:20:50', 49);
insert into SegmentoVideo values ( 1, '15259 seconds', timestamp '2018-08-04 06:20:50', 49);
insert into Local values ( 'Agualva-Cacém');
insert into Vigia values ( 'Agualva-Cacém', 49);
insert into ProcessoSocorro values ( 49);
insert into EventoEmergencia values ( '965919645', timestamp '2018-06-14 08:07:14', 'Daniel Coelho', 'Agualva-Cacém', 49);
insert into EntidadeMeio values ( 'Bombeiros Municipais Marta Vitorino');
insert into Meio values ( 49, 'Carro', 'Bombeiros Municipais Marta Vitorino');
insert into MeioApoio values ( 49, 'Bombeiros Municipais Marta Vitorino');
insert into Alocado values ( 49, 'Bombeiros Municipais Marta Vitorino', 63, 45);
insert into Acciona values ( 49, 'Bombeiros Municipais Marta Vitorino', 45);
insert into Coordenador values ( 49);
insert into Audita values ( 49, 49, 'Bombeiros Municipais Marta Vitorino', 45, timestamp '2018-08-14 16:52:52', timestamp '2018-10-12 01:17:53', date '2018-08-14', 'Conclui que denota-se corrupção por parte de várias entidades ainda, termino a auditoria convicto de que não são necessários mais procedimentos.');
insert into Solicita values ( 49, timestamp '2018-08-04 06:20:50', 49, timestamp '2018-09-14 04:39:05', timestamp '2018-10-08 13:43:18');
insert into Camara values ( 50);
insert into Video values ( timestamp '2018-07-25 11:32:23', timestamp '2018-07-25 22:35:11', 50);
insert into SegmentoVideo values ( 0, '34627 seconds', timestamp '2018-07-25 11:32:23', 50);
insert into SegmentoVideo values ( 1, '825 seconds', timestamp '2018-07-25 11:32:23', 50);
insert into SegmentoVideo values ( 2, '4316.0 seconds', timestamp '2018-07-25 11:32:23', 50);
insert into Local values ( 'Sacavém');
insert into Vigia values ( 'Sacavém', 50);
insert into ProcessoSocorro values ( 50);
insert into EventoEmergencia values ( '929519536', timestamp '2018-05-21 21:21:55', 'Inês Gômes', 'Sacavém', 50);
insert into EntidadeMeio values ( 'Bombeiros Voluntários Catarina Gômes');
insert into Meio values ( 50, 'Rações', 'Bombeiros Voluntários Catarina Gômes');
insert into MeioCombate values ( 50, 'Bombeiros Voluntários Catarina Gômes');
insert into Acciona values ( 50, 'Bombeiros Voluntários Catarina Gômes', 37);
insert into Coordenador values ( 50);
insert into Audita values ( 50, 50, 'Bombeiros Voluntários Catarina Gômes', 37, timestamp '2018-11-20 14:20:35', timestamp '2018-11-24 13:45:22', date '2018-11-20', 'Acredito que denota-se corrupção por parte de várias entidades ainda, termino a auditoria convicto de que não são necessários mais procedimentos.');
insert into Solicita values ( 50, timestamp '2018-07-25 11:32:23', 50, timestamp '2018-11-23 13:55:54', timestamp '2018-11-23 14:42:07');
insert into Camara values ( 51);
insert into Video values ( timestamp '2018-05-22 09:28:41', timestamp '2018-05-22 18:28:07', 51);
insert into SegmentoVideo values ( 0, '21337 seconds', timestamp '2018-05-22 09:28:41', 51);
insert into SegmentoVideo values ( 1, '11029 seconds', timestamp '2018-05-22 09:28:41', 51);
insert into Local values ( 'Estarreja');
insert into Vigia values ( 'Estarreja', 51);
insert into ProcessoSocorro values ( 51);
insert into EventoEmergencia values ( '914663264', timestamp '2018-10-07 09:47:44', 'João Antunes', 'Estarreja', 51);
insert into EntidadeMeio values ( 'Quartel Joana Coelho');
insert into Meio values ( 51, 'Helicoptero', 'Quartel Joana Coelho');
insert into MeioApoio values ( 51, 'Quartel Joana Coelho');
insert into Alocado values ( 51, 'Quartel Joana Coelho', 168, 31);
insert into Acciona values ( 51, 'Quartel Joana Coelho', 31);
insert into Coordenador values ( 51);
insert into Camara values ( 52);
insert into Video values ( timestamp '2018-09-23 01:20:10', timestamp '2018-09-23 15:40:57', 52);
insert into SegmentoVideo values ( 0, '42137 seconds', timestamp '2018-09-23 01:20:10', 52);
insert into SegmentoVideo values ( 1, '2347 seconds', timestamp '2018-09-23 01:20:10', 52);
insert into SegmentoVideo values ( 2, '7163 seconds', timestamp '2018-09-23 01:20:10', 52);
insert into Local values ( 'Rio Tinto');
insert into Vigia values ( 'Rio Tinto', 52);
insert into ProcessoSocorro values ( 52);
insert into EventoEmergencia values ( '923557552', timestamp '2018-10-03 12:44:14', 'Cristiana Coelho', 'Rio Tinto', 52);
insert into EntidadeMeio values ( 'Bombeiros Municipais Miguel Guerreiro');
insert into Meio values ( 52, 'Mâscaras de fumo', 'Bombeiros Municipais Miguel Guerreiro');
insert into MeioCombate values ( 52, 'Bombeiros Municipais Miguel Guerreiro');
insert into Acciona values ( 52, 'Bombeiros Municipais Miguel Guerreiro', 33);
insert into Coordenador values ( 52);
insert into Audita values ( 52, 52, 'Bombeiros Municipais Miguel Guerreiro', 33, timestamp '2018-06-15 06:46:29', timestamp '2018-06-24 20:20:34', date '2018-06-15', 'Acredito que foram realizados todos os possíveis para alcançar um boa resolução assim dou por concluida esta auditoria.');
insert into Solicita values ( 52, timestamp '2018-09-23 01:20:10', 52, timestamp '2018-06-18 23:01:47', timestamp '2018-06-20 08:25:14');
insert into Camara values ( 53);
insert into Video values ( timestamp '2018-05-30 16:11:14', timestamp '2018-05-31 05:33:30', 53);
insert into SegmentoVideo values ( 0, '3446 seconds', timestamp '2018-05-30 16:11:14', 53);
insert into SegmentoVideo values ( 1, '17288 seconds', timestamp '2018-05-30 16:11:14', 53);
insert into SegmentoVideo values ( 2, '27402 seconds', timestamp '2018-05-30 16:11:14', 53);
insert into Local values ( 'Santiago do Cacém');
insert into Vigia values ( 'Santiago do Cacém', 53);
insert into ProcessoSocorro values ( 53);
insert into EventoEmergencia values ( '956023027', timestamp '2018-07-17 12:08:50', 'Catarina Vitorino', 'Santiago do Cacém', 53);
insert into EntidadeMeio values ( 'Bombeiros Voluntários António Valério');
insert into Meio values ( 53, 'Ambulância', 'Bombeiros Voluntários António Valério');
insert into MeioApoio values ( 53, 'Bombeiros Voluntários António Valério');
insert into Alocado values ( 53, 'Bombeiros Voluntários António Valério', 98, 14);
insert into Acciona values ( 53, 'Bombeiros Voluntários António Valério', 14);
insert into Coordenador values ( 53);
insert into Audita values ( 53, 53, 'Bombeiros Voluntários António Valério', 14, timestamp '2018-07-22 21:27:12', timestamp '2018-11-13 10:03:04', date '2018-07-22', 'Acredito que todo o processo decorreu dentro da lei assim dou por concluida esta auditoria.');
insert into Solicita values ( 53, timestamp '2018-05-30 16:11:14', 53, timestamp '2018-09-02 08:56:10', timestamp '2018-11-04 18:53:50');
insert into Camara values ( 54);
insert into Video values ( timestamp '2018-04-20 04:50:21', timestamp '2018-04-20 19:26:17', 54);
insert into SegmentoVideo values ( 0, '2853 seconds', timestamp '2018-04-20 04:50:21', 54);
insert into SegmentoVideo values ( 1, '49703 seconds', timestamp '2018-04-20 04:50:21', 54);
insert into Local values ( 'Rio Maior');
insert into Vigia values ( 'Rio Maior', 54);
insert into ProcessoSocorro values ( 54);
insert into EventoEmergencia values ( '931157864', timestamp '2018-09-28 06:51:52', 'Tiago Nicolau', 'Rio Maior', 54);
insert into EntidadeMeio values ( 'Bombeiros Municipais Catarina Antunes');
insert into Meio values ( 54, 'Carro de Bombeiros', 'Bombeiros Municipais Catarina Antunes');
insert into MeioCombate values ( 54, 'Bombeiros Municipais Catarina Antunes');
insert into Acciona values ( 54, 'Bombeiros Municipais Catarina Antunes', 0);
insert into Coordenador values ( 54);
insert into Camara values ( 55);
insert into Video values ( timestamp '2018-02-17 22:47:52', timestamp '2018-02-18 17:55:07', 55);
insert into SegmentoVideo values ( 0, '48631 seconds', timestamp '2018-02-17 22:47:52', 55);
insert into SegmentoVideo values ( 1, '20204 seconds', timestamp '2018-02-17 22:47:52', 55);
insert into Local values ( 'Trofa');
insert into Vigia values ( 'Trofa', 55);
insert into ProcessoSocorro values ( 55);
insert into EventoEmergencia values ( '943612139', timestamp '2018-11-21 22:35:59', 'Daniel Correia', 'Trofa', 55);
insert into EntidadeMeio values ( 'Fundação de Albufeira');
insert into Meio values ( 55, 'Maca', 'Fundação de Albufeira');
insert into MeioApoio values ( 55, 'Fundação de Albufeira');
insert into Alocado values ( 55, 'Fundação de Albufeira', 80, 17);
insert into Acciona values ( 55, 'Fundação de Albufeira', 17);
insert into Coordenador values ( 55);
insert into Camara values ( 56);
insert into Video values ( timestamp '2018-07-18 18:37:24', timestamp '2018-07-18 21:06:32', 56);
insert into SegmentoVideo values ( 0, '280 seconds', timestamp '2018-07-18 18:37:24', 56);
insert into SegmentoVideo values ( 1, '5703 seconds', timestamp '2018-07-18 18:37:24', 56);
insert into SegmentoVideo values ( 2, '2965 seconds', timestamp '2018-07-18 18:37:24', 56);
insert into Local values ( 'Anadia');
insert into Vigia values ( 'Anadia', 56);
insert into ProcessoSocorro values ( 56);
insert into EventoEmergencia values ( '957055762', timestamp '2018-05-16 03:12:35', 'Pedro Antunes', 'Anadia', 56);
insert into EntidadeMeio values ( 'Junta Cristiana Matos');
insert into Meio values ( 56, 'Helicoptero', 'Junta Cristiana Matos');
insert into MeioApoio values ( 56, 'Junta Cristiana Matos');
insert into Alocado values ( 56, 'Junta Cristiana Matos', 26, 17);
insert into Acciona values ( 56, 'Junta Cristiana Matos', 17);
insert into Coordenador values ( 56);
insert into Audita values ( 56, 56, 'Junta Cristiana Matos', 17, timestamp '2018-10-09 11:45:45', timestamp '2018-10-20 20:57:09', date '2018-10-09', 'Com base na minha análise, foram realizados todos os possíveis para alcançar um boa resolução assim dou por concluida esta auditoria.');
insert into Solicita values ( 56, timestamp '2018-07-18 18:37:24', 56, timestamp '2018-10-15 15:52:33', timestamp '2018-10-20 03:00:46');
insert into Camara values ( 57);
insert into Video values ( timestamp '2018-10-19 02:29:13', timestamp '2018-10-19 03:37:10', 57);
insert into SegmentoVideo values ( 0, '550 seconds', timestamp '2018-10-19 02:29:13', 57);
insert into SegmentoVideo values ( 1, '3527 seconds', timestamp '2018-10-19 02:29:13', 57);
insert into Local values ( 'Caniço');
insert into Vigia values ( 'Caniço', 57);
insert into ProcessoSocorro values ( 57);
insert into EventoEmergencia values ( '915340010', timestamp '2018-08-16 09:48:58', 'Miguel Nogueira', 'Caniço', 57);
insert into EntidadeMeio values ( 'Quartel Rita Gômes');
insert into Meio values ( 57, 'Maca', 'Quartel Rita Gômes');
insert into MeioApoio values ( 57, 'Quartel Rita Gômes');
insert into Alocado values ( 57, 'Quartel Rita Gômes', 106, 14);
insert into Acciona values ( 57, 'Quartel Rita Gômes', 14);
insert into Coordenador values ( 57);
insert into Camara values ( 58);
insert into Video values ( timestamp '2018-03-05 12:28:07', timestamp '2018-03-05 22:32:07', 58);
insert into SegmentoVideo values ( 0, '365 seconds', timestamp '2018-03-05 12:28:07', 58);
insert into SegmentoVideo values ( 1, '25969 seconds', timestamp '2018-03-05 12:28:07', 58);
insert into SegmentoVideo values ( 2, '9906 seconds', timestamp '2018-03-05 12:28:07', 58);
insert into Local values ( 'Santa Maria da Feira');
insert into Vigia values ( 'Santa Maria da Feira', 58);
insert into ProcessoSocorro values ( 58);
insert into EventoEmergencia values ( '935307793', timestamp '2018-01-28 03:18:02', 'Manel Coelho', 'Santa Maria da Feira', 58);
insert into EntidadeMeio values ( 'Fundação de Gondomar');
insert into Meio values ( 58, 'Carro', 'Fundação de Gondomar');
insert into MeioApoio values ( 58, 'Fundação de Gondomar');
insert into Alocado values ( 58, 'Fundação de Gondomar', 20, 2);
insert into Acciona values ( 58, 'Fundação de Gondomar', 2);
insert into Coordenador values ( 58);
insert into Audita values ( 58, 58, 'Fundação de Gondomar', 2, timestamp '2018-05-24 03:29:31', timestamp '2018-08-08 03:03:32', date '2018-05-24', 'Estou convicto que denota-se corrupção por parte de várias entidades ainda, termino a auditoria convicto de que não são necessários mais procedimentos.');
insert into Solicita values ( 58, timestamp '2018-03-05 12:28:07', 58, timestamp '2018-07-08 01:21:32', timestamp '2018-07-17 03:41:13');
insert into Camara values ( 59);
insert into Video values ( timestamp '2018-07-08 22:18:53', timestamp '2018-07-09 04:47:51', 59);
insert into SegmentoVideo values ( 0, '10783 seconds', timestamp '2018-07-08 22:18:53', 59);
insert into SegmentoVideo values ( 1, '5669 seconds', timestamp '2018-07-08 22:18:53', 59);
insert into SegmentoVideo values ( 2, '6886 seconds', timestamp '2018-07-08 22:18:53', 59);
insert into Local values ( 'Mêda');
insert into Vigia values ( 'Mêda', 59);
insert into ProcessoSocorro values ( 59);
insert into EventoEmergencia values ( '917806838', timestamp '2018-06-11 12:40:57', 'Joana Gômes', 'Mêda', 59);
insert into EntidadeMeio values ( 'Quartel Manel Gômes');
insert into Meio values ( 59, 'Bombeiros', 'Quartel Manel Gômes');
insert into MeioCombate values ( 59, 'Quartel Manel Gômes');
insert into Acciona values ( 59, 'Quartel Manel Gômes', 11);
insert into Coordenador values ( 59);
insert into Camara values ( 60);
insert into Video values ( timestamp '2018-10-03 07:15:52', timestamp '2018-10-04 03:20:36', 60);
insert into SegmentoVideo values ( 0, '25473 seconds', timestamp '2018-10-03 07:15:52', 60);
insert into SegmentoVideo values ( 1, '46811 seconds', timestamp '2018-10-03 07:15:52', 60);
insert into Local values ( 'Machico');
insert into Vigia values ( 'Machico', 60);
insert into ProcessoSocorro values ( 60);
insert into EventoEmergencia values ( '921677300', timestamp '2018-05-24 16:28:16', 'Miguel Vitorino', 'Machico', 60);
insert into EntidadeMeio values ( 'Fundação Marta Antunes');
insert into Meio values ( 60, 'Helicoptero', 'Fundação Marta Antunes');
insert into MeioApoio values ( 60, 'Fundação Marta Antunes');
insert into Alocado values ( 60, 'Fundação Marta Antunes', 112, 11);
insert into Acciona values ( 60, 'Fundação Marta Antunes', 11);
insert into Coordenador values ( 60);
insert into Audita values ( 60, 60, 'Fundação Marta Antunes', 11, timestamp '2018-08-30 23:26:43', timestamp '2018-11-08 09:14:50', date '2018-08-30', 'Estou convicto que foram realizados todos os possíveis para alcançar um boa resolução por fim deixo a indicação de que uma maior investigação será necessária.');
insert into Solicita values ( 60, timestamp '2018-10-03 07:15:52', 60, timestamp '2018-09-20 21:38:32', timestamp '2018-10-24 15:15:26');
insert into Camara values ( 61);
insert into Video values ( timestamp '2018-02-22 00:31:42', timestamp '2018-02-22 17:27:18', 61);
insert into SegmentoVideo values ( 0, '35784 seconds', timestamp '2018-02-22 00:31:42', 61);
insert into SegmentoVideo values ( 1, '25152 seconds', timestamp '2018-02-22 00:31:42', 61);
insert into Local values ( 'Pombal');
insert into Vigia values ( 'Pombal', 61);
insert into ProcessoSocorro values ( 61);
insert into EventoEmergencia values ( '931489749', timestamp '2018-05-11 13:28:29', 'Manel Silva', 'Pombal', 61);
insert into EntidadeMeio values ( 'Junta de Câmara de Lobos');
insert into Meio values ( 61, 'Carro de Bombeiros', 'Junta de Câmara de Lobos');
insert into MeioCombate values ( 61, 'Junta de Câmara de Lobos');
insert into Acciona values ( 61, 'Junta de Câmara de Lobos', 57);
insert into Coordenador values ( 61);
insert into Camara values ( 62);
insert into Video values ( timestamp '2018-02-02 01:28:01', timestamp '2018-02-02 09:07:20', 62);
insert into SegmentoVideo values ( 0, '38 seconds', timestamp '2018-02-02 01:28:01', 62);
insert into SegmentoVideo values ( 1, '21955 seconds', timestamp '2018-02-02 01:28:01', 62);
insert into SegmentoVideo values ( 2, '1212 seconds', timestamp '2018-02-02 01:28:01', 62);
insert into SegmentoVideo values ( 3, '2526 seconds', timestamp '2018-02-02 01:28:01', 62);
insert into SegmentoVideo values ( 4, '1828 seconds', timestamp '2018-02-02 01:28:01', 62);
insert into Local values ( 'Lagos');
insert into Vigia values ( 'Lagos', 62);
insert into ProcessoSocorro values ( 62);
insert into EventoEmergencia values ( '934229378', timestamp '2018-03-15 09:37:26', 'Marta Correia', 'Lagos', 62);
insert into EntidadeMeio values ( 'Fundação Inês Antunes');
insert into Meio values ( 62, 'Carro', 'Fundação Inês Antunes');
insert into MeioApoio values ( 62, 'Fundação Inês Antunes');
insert into Alocado values ( 62, 'Fundação Inês Antunes', 67, 38);
insert into Acciona values ( 62, 'Fundação Inês Antunes', 38);
insert into Coordenador values ( 62);
insert into Audita values ( 62, 62, 'Fundação Inês Antunes', 38, timestamp '2018-11-13 20:02:14', timestamp '2018-11-16 11:20:33', date '2018-11-13', 'Tendo concluido a minha auditoria, denota-se corrupção por parte de várias entidades por fim deixo a indicação de que uma maior investigação será necessária.');
insert into Solicita values ( 62, timestamp '2018-02-02 01:28:01', 62, timestamp '2018-11-13 22:41:34', timestamp '2018-11-15 12:29:19');
insert into Camara values ( 63);
insert into Video values ( timestamp '2018-07-31 02:08:56', timestamp '2018-07-31 20:14:54', 63);
insert into SegmentoVideo values ( 0, '15581 seconds', timestamp '2018-07-31 02:08:56', 63);
insert into SegmentoVideo values ( 1, '49577 seconds', timestamp '2018-07-31 02:08:56', 63);
insert into Local values ( 'Santo Tirso');
insert into Vigia values ( 'Santo Tirso', 63);
insert into ProcessoSocorro values ( 63);
insert into EventoEmergencia values ( '930110751', timestamp '2018-02-01 06:42:24', 'Marta Nogueira', 'Santo Tirso', 63);
insert into EntidadeMeio values ( 'Bombeiros Municipais de Peso da Régua');
insert into Meio values ( 63, 'Maca', 'Bombeiros Municipais de Peso da Régua');
insert into MeioApoio values ( 63, 'Bombeiros Municipais de Peso da Régua');
insert into Alocado values ( 63, 'Bombeiros Municipais de Peso da Régua', 58, 41);
insert into Acciona values ( 63, 'Bombeiros Municipais de Peso da Régua', 41);
insert into Coordenador values ( 63);
insert into Camara values ( 64);
insert into Video values ( timestamp '2018-03-11 12:58:02', timestamp '2018-03-11 22:37:33', 64);
insert into SegmentoVideo values ( 0, '14537 seconds', timestamp '2018-03-11 12:58:02', 64);
insert into SegmentoVideo values ( 1, '2126 seconds', timestamp '2018-03-11 12:58:02', 64);
insert into SegmentoVideo values ( 2, '18108 seconds', timestamp '2018-03-11 12:58:02', 64);
insert into Local values ( 'Póvoa de Varzim');
insert into Vigia values ( 'Póvoa de Varzim', 64);
insert into ProcessoSocorro values ( 64);
insert into EventoEmergencia values ( '950648096', timestamp '2018-10-12 14:46:59', 'Carolina Martinho', 'Póvoa de Varzim', 64);
insert into EntidadeMeio values ( 'Junta de Guimarães');
insert into Meio values ( 64, 'Mâscaras de fumo', 'Junta de Guimarães');
insert into MeioCombate values ( 64, 'Junta de Guimarães');
insert into Acciona values ( 64, 'Junta de Guimarães', 55);
insert into Coordenador values ( 64);
insert into Camara values ( 65);
insert into Video values ( timestamp '2018-09-19 10:56:33', timestamp '2018-09-19 23:58:12', 65);
insert into SegmentoVideo values ( 0, '1056 seconds', timestamp '2018-09-19 10:56:33', 65);
insert into SegmentoVideo values ( 1, '45843 seconds', timestamp '2018-09-19 10:56:33', 65);
insert into Local values ( 'Reguengos de Monsaraz');
insert into Vigia values ( 'Reguengos de Monsaraz', 65);
insert into ProcessoSocorro values ( 65);
insert into EventoEmergencia values ( '925434384', timestamp '2018-03-25 03:08:43', 'Pedro Guerreiro', 'Reguengos de Monsaraz', 65);
insert into EntidadeMeio values ( 'Bombeiros Municipais Rita Matos');
insert into Meio values ( 65, 'Paramédico', 'Bombeiros Municipais Rita Matos');
insert into MeioSocorro values ( 65, 'Bombeiros Municipais Rita Matos');
insert into Transporta values ( 65, 'Bombeiros Municipais Rita Matos', 3, 1);
insert into Acciona values ( 65, 'Bombeiros Municipais Rita Matos', 1);
insert into Coordenador values ( 65);
insert into Audita values ( 65, 65, 'Bombeiros Municipais Rita Matos', 1, timestamp '2018-05-18 14:12:14', timestamp '2018-05-22 12:11:20', date '2018-05-18', 'Acredito que foram realizados todos os possíveis para alcançar um boa resolução por fim deixo a indicação de que uma maior investigação será necessária.');
insert into Solicita values ( 65, timestamp '2018-09-19 10:56:33', 65, timestamp '2018-05-22 05:05:31', timestamp '2018-05-22 06:41:20');
insert into Camara values ( 66);
insert into Video values ( timestamp '2018-05-24 17:44:08', timestamp '2018-05-25 11:41:06', 66);
insert into SegmentoVideo values ( 0, '56813 seconds', timestamp '2018-05-24 17:44:08', 66);
insert into SegmentoVideo values ( 1, '7805 seconds', timestamp '2018-05-24 17:44:08', 66);
insert into Local values ( 'Faro');
insert into Vigia values ( 'Faro', 66);
insert into ProcessoSocorro values ( 66);
insert into EventoEmergencia values ( '921738219', timestamp '2018-03-24 06:54:40', 'João Martinho', 'Faro', 66);
insert into EntidadeMeio values ( 'Fundação João Valério');
insert into Meio values ( 66, 'Carro', 'Fundação João Valério');
insert into MeioApoio values ( 66, 'Fundação João Valério');
insert into Alocado values ( 66, 'Fundação João Valério', 96, 13);
insert into Acciona values ( 66, 'Fundação João Valério', 13);
insert into Coordenador values ( 66);
insert into Audita values ( 66, 66, 'Fundação João Valério', 13, timestamp '2018-11-23 19:00:31', timestamp '2018-11-24 21:00:15', date '2018-11-23', 'Acredito que foram cortados cantos ainda, termino a auditoria convicto de que não são necessários mais procedimentos.');
insert into Solicita values ( 66, timestamp '2018-05-24 17:44:08', 66, timestamp '2018-11-24 18:26:56', timestamp '2018-11-24 20:26:35');
insert into Camara values ( 67);
insert into Video values ( timestamp '2018-10-29 03:59:16', timestamp '2018-10-29 11:49:25', 67);
insert into SegmentoVideo values ( 0, '19392 seconds', timestamp '2018-10-29 03:59:16', 67);
insert into SegmentoVideo values ( 1, '8817 seconds', timestamp '2018-10-29 03:59:16', 67);
insert into Local values ( 'Amarante');
insert into Vigia values ( 'Amarante', 67);
insert into ProcessoSocorro values ( 67);
insert into EventoEmergencia values ( '920544330', timestamp '2018-02-02 17:44:59', 'António Nogueira', 'Amarante', 67);
insert into EntidadeMeio values ( 'Esquadra Inês Gômes');
insert into Meio values ( 67, 'Mâscaras de fumo', 'Esquadra Inês Gômes');
insert into MeioCombate values ( 67, 'Esquadra Inês Gômes');
insert into Acciona values ( 67, 'Esquadra Inês Gômes', 44);
insert into Coordenador values ( 67);
insert into Audita values ( 67, 67, 'Esquadra Inês Gômes', 44, timestamp '2018-10-06 19:26:06', timestamp '2018-10-08 05:41:12', date '2018-10-06', 'Acredito que foram cortados cantos assim dou por concluida esta auditoria.');
insert into Solicita values ( 67, timestamp '2018-10-29 03:59:16', 67, timestamp '2018-10-07 17:21:46', timestamp '2018-10-08 00:39:13');
insert into Camara values ( 68);
insert into Video values ( timestamp '2018-09-09 22:27:14', timestamp '2018-09-10 01:50:25', 68);
insert into SegmentoVideo values ( 0, '5354 seconds', timestamp '2018-09-09 22:27:14', 68);
insert into SegmentoVideo values ( 1, '6837 seconds', timestamp '2018-09-09 22:27:14', 68);
insert into Local values ( 'Vila Nova de Santo André');
insert into Vigia values ( 'Vila Nova de Santo André', 68);
insert into ProcessoSocorro values ( 68);
insert into EventoEmergencia values ( '943499941', timestamp '2018-04-15 06:00:01', 'António Nogueira', 'Vila Nova de Santo André', 68);
insert into EntidadeMeio values ( 'Bombeiros Municipais Inês Antunes');
insert into Meio values ( 68, 'Bombeiros', 'Bombeiros Municipais Inês Antunes');
insert into MeioCombate values ( 68, 'Bombeiros Municipais Inês Antunes');
insert into Acciona values ( 68, 'Bombeiros Municipais Inês Antunes', 53);
insert into Coordenador values ( 68);
insert into Camara values ( 69);
insert into Video values ( timestamp '2018-06-20 15:17:54', timestamp '2018-06-21 14:45:48', 69);
insert into SegmentoVideo values ( 0, '67382 seconds', timestamp '2018-06-20 15:17:54', 69);
insert into SegmentoVideo values ( 1, '1723 seconds', timestamp '2018-06-20 15:17:54', 69);
insert into SegmentoVideo values ( 2, '15369 seconds', timestamp '2018-06-20 15:17:54', 69);
insert into Local values ( 'Ourém');
insert into Vigia values ( 'Ourém', 69);
insert into ProcessoSocorro values ( 69);
insert into EventoEmergencia values ( '940916607', timestamp '2018-01-27 15:59:01', 'Catarina Vitorino', 'Ourém', 69);
insert into EntidadeMeio values ( 'Hospital de Aveiro');
insert into Meio values ( 69, 'Rações', 'Hospital de Aveiro');
insert into MeioCombate values ( 69, 'Hospital de Aveiro');
insert into Acciona values ( 69, 'Hospital de Aveiro', 40);
insert into Coordenador values ( 69);
insert into Audita values ( 69, 69, 'Hospital de Aveiro', 40, timestamp '2018-07-16 21:16:19', timestamp '2018-10-23 15:49:56', date '2018-07-16', 'Estou convicto que denota-se corrupção por parte de várias entidades ainda, termino a auditoria convicto de que não são necessários mais procedimentos.');
insert into Solicita values ( 69, timestamp '2018-06-20 15:17:54', 69, timestamp '2018-08-15 07:38:30', timestamp '2018-10-03 19:04:05');
insert into Camara values ( 70);
insert into Video values ( timestamp '2018-02-18 15:00:16', timestamp '2018-02-19 02:54:42', 70);
insert into SegmentoVideo values ( 0, '30334 seconds', timestamp '2018-02-18 15:00:16', 70);
insert into SegmentoVideo values ( 1, '12532 seconds', timestamp '2018-02-18 15:00:16', 70);
insert into Local values ( 'Gandra');
insert into Vigia values ( 'Gandra', 70);
insert into ProcessoSocorro values ( 70);
insert into EventoEmergencia values ( '969762601', timestamp '2018-01-07 14:44:13', 'Catarina Vitorino', 'Gandra', 70);
insert into EntidadeMeio values ( 'Junta de Lisboa');
insert into Meio values ( 70, 'Helicoptero', 'Junta de Lisboa');
insert into MeioApoio values ( 70, 'Junta de Lisboa');
insert into Alocado values ( 70, 'Junta de Lisboa', 2, 18);
insert into Acciona values ( 70, 'Junta de Lisboa', 18);
insert into Coordenador values ( 70);
insert into Audita values ( 70, 70, 'Junta de Lisboa', 18, timestamp '2018-05-10 02:26:30', timestamp '2018-08-25 23:10:21', date '2018-05-10', 'Conclui que foram realizados todos os possíveis para alcançar um boa resolução assim dou por concluida esta auditoria.');
insert into Solicita values ( 70, timestamp '2018-02-18 15:00:16', 70, timestamp '2018-05-25 15:32:02', timestamp '2018-06-13 06:28:39');
insert into Camara values ( 71);
insert into Video values ( timestamp '2018-02-10 11:21:51', timestamp '2018-02-10 17:39:41', 71);
insert into SegmentoVideo values ( 0, '1719 seconds', timestamp '2018-02-10 11:21:51', 71);
insert into SegmentoVideo values ( 1, '11745 seconds', timestamp '2018-02-10 11:21:51', 71);
insert into SegmentoVideo values ( 2, '9206 seconds', timestamp '2018-02-10 11:21:51', 71);
insert into Local values ( 'Seia');
insert into Vigia values ( 'Seia', 71);
insert into ProcessoSocorro values ( 71);
insert into EventoEmergencia values ( '920120193', timestamp '2018-02-05 12:22:17', 'Carolina Matos', 'Seia', 71);
insert into EntidadeMeio values ( 'Esquadra Marta Matos');
insert into Meio values ( 71, 'Médico', 'Esquadra Marta Matos');
insert into MeioSocorro values ( 71, 'Esquadra Marta Matos');
insert into Transporta values ( 71, 'Esquadra Marta Matos', 1, 14);
insert into Acciona values ( 71, 'Esquadra Marta Matos', 14);
insert into Coordenador values ( 71);
insert into Audita values ( 71, 71, 'Esquadra Marta Matos', 14, timestamp '2018-10-15 21:21:50', timestamp '2018-11-09 10:05:27', date '2018-10-15', 'Tendo concluido a minha auditoria, todo o processo decorreu dentro da lei ainda, termino a auditoria convicto de que não são necessários mais procedimentos.');
insert into Solicita values ( 71, timestamp '2018-02-10 11:21:51', 71, timestamp '2018-11-09 03:06:53', timestamp '2018-11-09 09:52:02');
insert into Camara values ( 72);
insert into Video values ( timestamp '2018-03-27 03:17:54', timestamp '2018-03-27 05:18:20', 72);
insert into SegmentoVideo values ( 0, '2341 seconds', timestamp '2018-03-27 03:17:54', 72);
insert into SegmentoVideo values ( 1, '4885 seconds', timestamp '2018-03-27 03:17:54', 72);
insert into Local values ( 'Portimão');
insert into Vigia values ( 'Portimão', 72);
insert into ProcessoSocorro values ( 72);
insert into EventoEmergencia values ( '943867338', timestamp '2018-04-20 20:33:50', 'Joana Coelho', 'Portimão', 72);
insert into EntidadeMeio values ( 'Junta de Porto');
insert into Meio values ( 72, 'Garrafas de água', 'Junta de Porto');
insert into MeioSocorro values ( 72, 'Junta de Porto');
insert into Transporta values ( 72, 'Junta de Porto', 2, 7);
insert into Acciona values ( 72, 'Junta de Porto', 7);
insert into Coordenador values ( 72);
insert into Camara values ( 73);
insert into Video values ( timestamp '2018-02-26 04:16:26', timestamp '2018-02-26 11:24:55', 73);
insert into SegmentoVideo values ( 0, '21021 seconds', timestamp '2018-02-26 04:16:26', 73);
insert into SegmentoVideo values ( 1, '730 seconds', timestamp '2018-02-26 04:16:26', 73);
insert into SegmentoVideo values ( 2, '3958 seconds', timestamp '2018-02-26 04:16:26', 73);
insert into Local values ( 'Lordelo');
insert into Vigia values ( 'Lordelo', 73);
insert into ProcessoSocorro values ( 73);
insert into EventoEmergencia values ( '912961145', timestamp '2018-02-11 19:01:03', 'João Gômes', 'Lordelo', 73);
insert into EntidadeMeio values ( 'Quartel Miguel Margato');
insert into Meio values ( 73, 'Ambulância', 'Quartel Miguel Margato');
insert into MeioApoio values ( 73, 'Quartel Miguel Margato');
insert into Alocado values ( 73, 'Quartel Miguel Margato', 43, 9);
insert into Acciona values ( 73, 'Quartel Miguel Margato', 9);
insert into Coordenador values ( 73);
insert into Audita values ( 73, 73, 'Quartel Miguel Margato', 9, timestamp '2018-08-24 01:50:30', timestamp '2018-09-21 13:33:32', date '2018-08-24', 'Estou convicto que foram realizados todos os possíveis para alcançar um boa resolução por fim deixo a indicação de que uma maior investigação será necessária.');
insert into Solicita values ( 73, timestamp '2018-02-26 04:16:26', 73, timestamp '2018-09-17 19:31:24', timestamp '2018-09-18 17:06:26');
insert into Camara values ( 74);
insert into Video values ( timestamp '2018-07-09 02:00:53', timestamp '2018-07-09 02:15:39', 74);
insert into SegmentoVideo values ( 0, '886.0 seconds', timestamp '2018-07-09 02:00:53', 74);
insert into Local values ( 'Guarda');
insert into Vigia values ( 'Guarda', 74);
insert into ProcessoSocorro values ( 74);
insert into EventoEmergencia values ( '936398723', timestamp '2018-08-11 18:20:09', 'Ana Abreu', 'Guarda', 74);
insert into EntidadeMeio values ( 'Fundação de Pombal');
insert into Meio values ( 74, 'Garrafas de água', 'Fundação de Pombal');
insert into MeioSocorro values ( 74, 'Fundação de Pombal');
insert into Transporta values ( 74, 'Fundação de Pombal', 4, 44);
insert into Acciona values ( 74, 'Fundação de Pombal', 44);
insert into Coordenador values ( 74);
insert into Audita values ( 74, 74, 'Fundação de Pombal', 44, timestamp '2018-07-29 16:49:06', timestamp '2018-10-17 06:44:18', date '2018-07-29', 'Tendo concluido a minha auditoria, foram cortados cantos por fim deixo a indicação de que uma maior investigação será necessária.');
insert into Solicita values ( 74, timestamp '2018-07-09 02:00:53', 74, timestamp '2018-10-03 00:54:48', timestamp '2018-10-12 13:29:50');
insert into Camara values ( 75);
insert into Video values ( timestamp '2018-05-15 08:57:35', timestamp '2018-05-15 11:26:55', 75);
insert into SegmentoVideo values ( 0, '4043 seconds', timestamp '2018-05-15 08:57:35', 75);
insert into SegmentoVideo values ( 1, '390 seconds', timestamp '2018-05-15 08:57:35', 75);
insert into SegmentoVideo values ( 2, '4527 seconds', timestamp '2018-05-15 08:57:35', 75);
insert into Local values ( 'Marco de Canaveses');
insert into Vigia values ( 'Marco de Canaveses', 75);
insert into ProcessoSocorro values ( 75);
insert into EventoEmergencia values ( '944895859', timestamp '2018-09-11 04:43:54', 'Catarina Guerreiro', 'Marco de Canaveses', 75);
insert into EntidadeMeio values ( 'Esquadra de Quarteira');
insert into Meio values ( 75, 'Helicoptero', 'Esquadra de Quarteira');
insert into MeioCombate values ( 75, 'Esquadra de Quarteira');
insert into Acciona values ( 75, 'Esquadra de Quarteira', 56);
insert into Coordenador values ( 75);
insert into Camara values ( 76);
insert into Video values ( timestamp '2018-05-29 16:36:35', timestamp '2018-05-30 11:51:07', 76);
insert into SegmentoVideo values ( 0, '45134 seconds', timestamp '2018-05-29 16:36:35', 76);
insert into SegmentoVideo values ( 1, '8839 seconds', timestamp '2018-05-29 16:36:35', 76);
insert into SegmentoVideo values ( 2, '15299 seconds', timestamp '2018-05-29 16:36:35', 76);
insert into Local values ( 'Sines');
insert into Vigia values ( 'Sines', 76);
insert into ProcessoSocorro values ( 76);
insert into EventoEmergencia values ( '937759552', timestamp '2018-09-05 08:03:07', 'João Martinho', 'Sines', 76);
insert into EntidadeMeio values ( 'Junta Cristiana Margato');
insert into Meio values ( 76, 'Psicólogo', 'Junta Cristiana Margato');
insert into MeioSocorro values ( 76, 'Junta Cristiana Margato');
insert into Transporta values ( 76, 'Junta Cristiana Margato', 6, 10);
insert into Acciona values ( 76, 'Junta Cristiana Margato', 10);
insert into Coordenador values ( 76);
insert into Audita values ( 76, 76, 'Junta Cristiana Margato', 10, timestamp '2018-11-24 14:43:15', timestamp '2018-11-24 15:38:47', date '2018-11-24', 'Acredito que todo o processo decorreu dentro da lei ainda, termino a auditoria convicto de que não são necessários mais procedimentos.');
insert into Solicita values ( 76, timestamp '2018-05-29 16:36:35', 76, timestamp '2018-11-24 15:33:11', timestamp '2018-11-24 15:38:42');
insert into Camara values ( 77);
insert into Video values ( timestamp '2018-04-18 01:35:00', timestamp '2018-04-18 20:24:44', 77);
insert into SegmentoVideo values ( 0, '33692 seconds', timestamp '2018-04-18 01:35:00', 77);
insert into SegmentoVideo values ( 1, '30141 seconds', timestamp '2018-04-18 01:35:00', 77);
insert into SegmentoVideo values ( 2, '3951 seconds', timestamp '2018-04-18 01:35:00', 77);
insert into Local values ( 'Matosinhos');
insert into Vigia values ( 'Matosinhos', 77);
insert into ProcessoSocorro values ( 77);
insert into EventoEmergencia values ( '913530250', timestamp '2018-09-08 00:07:58', 'João Abreu', 'Matosinhos', 77);
insert into EntidadeMeio values ( 'Bombeiros Voluntários Ana Martinho');
insert into Meio values ( 77, 'Paramédico', 'Bombeiros Voluntários Ana Martinho');
insert into MeioSocorro values ( 77, 'Bombeiros Voluntários Ana Martinho');
insert into Transporta values ( 77, 'Bombeiros Voluntários Ana Martinho', 1, 21);
insert into Acciona values ( 77, 'Bombeiros Voluntários Ana Martinho', 21);
insert into Coordenador values ( 77);
insert into Camara values ( 78);
insert into Video values ( timestamp '2018-07-12 01:31:36', timestamp '2018-07-12 20:17:57', 78);
insert into SegmentoVideo values ( 0, '56970 seconds', timestamp '2018-07-12 01:31:36', 78);
insert into SegmentoVideo values ( 1, '10611 seconds', timestamp '2018-07-12 01:31:36', 78);
insert into Local values ( 'Caldas da Rainha');
insert into Vigia values ( 'Caldas da Rainha', 78);
insert into ProcessoSocorro values ( 78);
insert into EventoEmergencia values ( '961734149', timestamp '2018-01-16 11:58:59', 'Manel Matos', 'Caldas da Rainha', 78);
insert into EntidadeMeio values ( 'Fundação Daniel Martinho');
insert into Meio values ( 78, 'Camião', 'Fundação Daniel Martinho');
insert into MeioApoio values ( 78, 'Fundação Daniel Martinho');
insert into Alocado values ( 78, 'Fundação Daniel Martinho', 43, 67);
insert into Acciona values ( 78, 'Fundação Daniel Martinho', 67);
insert into Coordenador values ( 78);
insert into Camara values ( 79);
insert into Video values ( timestamp '2018-10-22 15:42:08', timestamp '2018-10-23 01:09:31', 79);
insert into SegmentoVideo values ( 0, '23543 seconds', timestamp '2018-10-22 15:42:08', 79);
insert into SegmentoVideo values ( 1, '318 seconds', timestamp '2018-10-22 15:42:08', 79);
insert into SegmentoVideo values ( 2, '10182 seconds', timestamp '2018-10-22 15:42:08', 79);
insert into Local values ( 'Braga');
insert into Vigia values ( 'Braga', 79);
insert into ProcessoSocorro values ( 79);
insert into EventoEmergencia values ( '969606402', timestamp '2018-07-02 02:54:35', 'Inês Nicolau', 'Braga', 79);
insert into EntidadeMeio values ( 'Bombeiros Municipais de Vila Franca de Xira');
insert into Meio values ( 79, 'Paramédico', 'Bombeiros Municipais de Vila Franca de Xira');
insert into MeioSocorro values ( 79, 'Bombeiros Municipais de Vila Franca de Xira');
insert into Transporta values ( 79, 'Bombeiros Municipais de Vila Franca de Xira', 6, 46);
insert into Acciona values ( 79, 'Bombeiros Municipais de Vila Franca de Xira', 46);
insert into Coordenador values ( 79);
insert into Audita values ( 79, 79, 'Bombeiros Municipais de Vila Franca de Xira', 46, timestamp '2018-08-25 08:24:32', timestamp '2018-09-28 19:21:26', date '2018-08-25', 'Com base na minha análise, todo o processo decorreu dentro da lei assim dou por concluida esta auditoria.');
insert into Solicita values ( 79, timestamp '2018-10-22 15:42:08', 79, timestamp '2018-09-10 15:34:00', timestamp '2018-09-11 14:16:17');
insert into Camara values ( 80);
insert into Video values ( timestamp '2018-04-21 03:29:48', timestamp '2018-04-21 23:39:11', 80);
insert into SegmentoVideo values ( 0, '7434 seconds', timestamp '2018-04-21 03:29:48', 80);
insert into SegmentoVideo values ( 1, '65129 seconds', timestamp '2018-04-21 03:29:48', 80);
insert into Local values ( 'Oliveira do Bairro');
insert into Vigia values ( 'Oliveira do Bairro', 80);
insert into ProcessoSocorro values ( 80);
insert into EventoEmergencia values ( '964358833', timestamp '2018-06-26 15:16:50', 'Francisco Antunes', 'Oliveira do Bairro', 80);
insert into EntidadeMeio values ( 'Bombeiros Municipais Manel Gômes');
insert into Meio values ( 80, 'Desfibrilhador', 'Bombeiros Municipais Manel Gômes');
insert into MeioSocorro values ( 80, 'Bombeiros Municipais Manel Gômes');
insert into Transporta values ( 80, 'Bombeiros Municipais Manel Gômes', 3, 31);
insert into Acciona values ( 80, 'Bombeiros Municipais Manel Gômes', 31);
insert into Coordenador values ( 80);
insert into Camara values ( 81);
insert into Video values ( timestamp '2018-07-18 09:57:58', timestamp '2018-07-18 12:20:20', 81);
insert into SegmentoVideo values ( 0, '7164 seconds', timestamp '2018-07-18 09:57:58', 81);
insert into SegmentoVideo values ( 1, '1378 seconds', timestamp '2018-07-18 09:57:58', 81);
insert into Local values ( 'Vila do Conde');
insert into Vigia values ( 'Vila do Conde', 81);
insert into ProcessoSocorro values ( 81);
insert into EventoEmergencia values ( '964145475', timestamp '2018-11-06 03:47:06', 'Rita Correia', 'Vila do Conde', 81);
insert into EntidadeMeio values ( 'Hospital António Martinho');
insert into Meio values ( 81, 'Mâscaras de fumo', 'Hospital António Martinho');
insert into MeioCombate values ( 81, 'Hospital António Martinho');
insert into Acciona values ( 81, 'Hospital António Martinho', 49);
insert into Coordenador values ( 81);
insert into Camara values ( 82);
insert into Video values ( timestamp '2018-01-03 10:41:38', timestamp '2018-01-03 17:07:21', 82);
insert into SegmentoVideo values ( 0, '112 seconds', timestamp '2018-01-03 10:41:38', 82);
insert into SegmentoVideo values ( 1, '23031 seconds', timestamp '2018-01-03 10:41:38', 82);
insert into Local values ( 'Viseu');
insert into Vigia values ( 'Viseu', 82);
insert into ProcessoSocorro values ( 82);
insert into EventoEmergencia values ( '950465972', timestamp '2018-04-23 15:23:18', 'Daniel Abreu', 'Viseu', 82);
insert into EntidadeMeio values ( 'Fundação Joana Guerreiro');
insert into Meio values ( 82, 'Desfibrilhador', 'Fundação Joana Guerreiro');
insert into MeioSocorro values ( 82, 'Fundação Joana Guerreiro');
insert into Transporta values ( 82, 'Fundação Joana Guerreiro', 3, 8);
insert into Acciona values ( 82, 'Fundação Joana Guerreiro', 8);
insert into Coordenador values ( 82);
insert into Camara values ( 83);
insert into Video values ( timestamp '2018-09-06 14:29:25', timestamp '2018-09-07 11:38:07', 83);
insert into SegmentoVideo values ( 0, '64226 seconds', timestamp '2018-09-06 14:29:25', 83);
insert into SegmentoVideo values ( 1, '7101 seconds', timestamp '2018-09-06 14:29:25', 83);
insert into SegmentoVideo values ( 2, '2432 seconds', timestamp '2018-09-06 14:29:25', 83);
insert into SegmentoVideo values ( 3, '2363 seconds', timestamp '2018-09-06 14:29:25', 83);
insert into Local values ( 'Gafanha da Nazaré');
insert into Vigia values ( 'Gafanha da Nazaré', 83);
insert into ProcessoSocorro values ( 83);
insert into EventoEmergencia values ( '936974302', timestamp '2018-10-03 03:52:36', 'Rita Correia', 'Gafanha da Nazaré', 83);
insert into EntidadeMeio values ( 'Junta Miguel Correia');
insert into Meio values ( 83, 'Helicoptero', 'Junta Miguel Correia');
insert into MeioApoio values ( 83, 'Junta Miguel Correia');
insert into Alocado values ( 83, 'Junta Miguel Correia', 27, 21);
insert into Acciona values ( 83, 'Junta Miguel Correia', 21);
insert into Coordenador values ( 83);
insert into Audita values ( 83, 83, 'Junta Miguel Correia', 21, timestamp '2018-10-30 12:05:53', timestamp '2018-11-15 06:26:19', date '2018-10-30', 'Estou convicto que todo o processo decorreu dentro da lei ainda, termino a auditoria convicto de que não são necessários mais procedimentos.');
insert into Solicita values ( 83, timestamp '2018-09-06 14:29:25', 83, timestamp '2018-11-13 08:20:32', timestamp '2018-11-14 17:25:52');
insert into Camara values ( 84);
insert into Video values ( timestamp '2018-01-01 13:17:48', timestamp '2018-01-02 00:08:14', 84);
insert into SegmentoVideo values ( 0, '4785 seconds', timestamp '2018-01-01 13:17:48', 84);
insert into SegmentoVideo values ( 1, '34241 seconds', timestamp '2018-01-01 13:17:48', 84);
insert into Local values ( 'Funchal');
insert into Vigia values ( 'Funchal', 84);
insert into ProcessoSocorro values ( 84);
insert into EventoEmergencia values ( '969474493', timestamp '2018-04-12 05:08:40', 'Cristiana Nicolau', 'Funchal', 84);
insert into EntidadeMeio values ( 'Junta de Oliveira do Hospital');
insert into Meio values ( 84, 'Kit de primeiros socorros', 'Junta de Oliveira do Hospital');
insert into MeioSocorro values ( 84, 'Junta de Oliveira do Hospital');
insert into Transporta values ( 84, 'Junta de Oliveira do Hospital', 2, 1);
insert into Acciona values ( 84, 'Junta de Oliveira do Hospital', 1);
insert into Coordenador values ( 84);
insert into Camara values ( 85);
insert into Video values ( timestamp '2018-06-10 18:34:51', timestamp '2018-06-11 10:38:02', 85);
insert into SegmentoVideo values ( 0, '40307 seconds', timestamp '2018-06-10 18:34:51', 85);
insert into SegmentoVideo values ( 1, '17484 seconds', timestamp '2018-06-10 18:34:51', 85);
insert into Local values ( 'Espinho');
insert into Vigia values ( 'Espinho', 85);
insert into ProcessoSocorro values ( 85);
insert into EventoEmergencia values ( '948305673', timestamp '2018-01-23 06:43:59', 'Daniel Margato', 'Espinho', 85);
insert into EntidadeMeio values ( 'Esquadra Joana Gômes');
insert into Meio values ( 85, 'Ambulância', 'Esquadra Joana Gômes');
insert into MeioApoio values ( 85, 'Esquadra Joana Gômes');
insert into Alocado values ( 85, 'Esquadra Joana Gômes', 75, 4);
insert into Acciona values ( 85, 'Esquadra Joana Gômes', 4);
insert into Coordenador values ( 85);
insert into Audita values ( 85, 85, 'Esquadra Joana Gômes', 4, timestamp '2018-10-22 11:13:26', timestamp '2018-10-22 19:51:45', date '2018-10-22', 'Com base na minha análise, denota-se corrupção por parte de várias entidades assim dou por concluida esta auditoria.');
insert into Solicita values ( 85, timestamp '2018-06-10 18:34:51', 85, timestamp '2018-10-22 11:37:45', timestamp '2018-10-22 12:14:08');
insert into Camara values ( 86);
insert into Video values ( timestamp '2018-07-21 04:12:01', timestamp '2018-07-21 15:50:26', 86);
insert into SegmentoVideo values ( 0, '26326 seconds', timestamp '2018-07-21 04:12:01', 86);
insert into SegmentoVideo values ( 1, '2025 seconds', timestamp '2018-07-21 04:12:01', 86);
insert into SegmentoVideo values ( 2, '13554 seconds', timestamp '2018-07-21 04:12:01', 86);
insert into Local values ( 'Rebordosa');
insert into Vigia values ( 'Rebordosa', 86);
insert into ProcessoSocorro values ( 86);
insert into EventoEmergencia values ( '957803710', timestamp '2018-07-03 14:11:38', 'Tiago Valério', 'Rebordosa', 86);
insert into EntidadeMeio values ( 'Junta Pedro Figueiredo');
insert into Meio values ( 86, 'Garrafas de água', 'Junta Pedro Figueiredo');
insert into MeioSocorro values ( 86, 'Junta Pedro Figueiredo');
insert into Transporta values ( 86, 'Junta Pedro Figueiredo', 3, 75);
insert into Acciona values ( 86, 'Junta Pedro Figueiredo', 75);
insert into Coordenador values ( 86);
insert into Audita values ( 86, 86, 'Junta Pedro Figueiredo', 75, timestamp '2018-09-23 04:43:58', timestamp '2018-10-20 16:43:09', date '2018-09-23', 'Com base na minha análise, todo o processo decorreu dentro da lei assim dou por concluida esta auditoria.');
insert into Solicita values ( 86, timestamp '2018-07-21 04:12:01', 86, timestamp '2018-09-23 19:47:13', timestamp '2018-10-08 10:24:13');
insert into Camara values ( 87);
insert into Video values ( timestamp '2018-11-07 08:37:58', timestamp '2018-11-07 21:44:13', 87);
insert into SegmentoVideo values ( 0, '42121 seconds', timestamp '2018-11-07 08:37:58', 87);
insert into SegmentoVideo values ( 1, '62 seconds', timestamp '2018-11-07 08:37:58', 87);
insert into SegmentoVideo values ( 2, '3963 seconds', timestamp '2018-11-07 08:37:58', 87);
insert into SegmentoVideo values ( 3, '1029.0 seconds', timestamp '2018-11-07 08:37:58', 87);
insert into Local values ( 'Esmoriz');
insert into Vigia values ( 'Esmoriz', 87);
insert into ProcessoSocorro values ( 87);
insert into EventoEmergencia values ( '923572706', timestamp '2018-08-07 17:27:44', 'Miguel Nicolau', 'Esmoriz', 87);
insert into EntidadeMeio values ( 'Junta Catarina Nicolau');
insert into Meio values ( 87, 'Helicoptero', 'Junta Catarina Nicolau');
insert into MeioApoio values ( 87, 'Junta Catarina Nicolau');
insert into Alocado values ( 87, 'Junta Catarina Nicolau', 40, 30);
insert into Acciona values ( 87, 'Junta Catarina Nicolau', 30);
insert into Coordenador values ( 87);
insert into Audita values ( 87, 87, 'Junta Catarina Nicolau', 30, timestamp '2018-04-24 23:39:21', timestamp '2018-06-21 17:01:35', date '2018-04-24', 'Conclui que foram realizados todos os possíveis para alcançar um boa resolução ainda, termino a auditoria convicto de que não são necessários mais procedimentos.');
insert into Solicita values ( 87, timestamp '2018-11-07 08:37:58', 87, timestamp '2018-06-18 06:48:42', timestamp '2018-06-20 13:14:51');
insert into Camara values ( 88);
insert into Video values ( timestamp '2018-02-09 23:44:42', timestamp '2018-02-10 13:15:26', 88);
insert into SegmentoVideo values ( 0, '40086 seconds', timestamp '2018-02-09 23:44:42', 88);
insert into SegmentoVideo values ( 1, '2086 seconds', timestamp '2018-02-09 23:44:42', 88);
insert into SegmentoVideo values ( 2, '6472.0 seconds', timestamp '2018-02-09 23:44:42', 88);
insert into Local values ( 'Trancoso');
insert into Vigia values ( 'Trancoso', 88);
insert into ProcessoSocorro values ( 88);
insert into EventoEmergencia values ( '916705496', timestamp '2018-11-06 10:24:12', 'Catarina Rodrigues', 'Trancoso', 88);
insert into EntidadeMeio values ( 'Quartel João Figueiredo');
insert into Meio values ( 88, 'Bombeiros', 'Quartel João Figueiredo');
insert into MeioCombate values ( 88, 'Quartel João Figueiredo');
insert into Acciona values ( 88, 'Quartel João Figueiredo', 72);
insert into Coordenador values ( 88);
insert into Audita values ( 88, 88, 'Quartel João Figueiredo', 72, timestamp '2018-07-28 20:01:42', timestamp '2018-09-07 02:18:13', date '2018-07-28', 'Estou convicto que denota-se corrupção por parte de várias entidades assim dou por concluida esta auditoria.');
insert into Solicita values ( 88, timestamp '2018-02-09 23:44:42', 88, timestamp '2018-08-12 12:07:25', timestamp '2018-09-01 14:17:44');
insert into Camara values ( 89);
insert into Video values ( timestamp '2018-03-27 22:35:37', timestamp '2018-03-27 23:18:05', 89);
insert into SegmentoVideo values ( 0, '1295 seconds', timestamp '2018-03-27 22:35:37', 89);
insert into SegmentoVideo values ( 1, '108 seconds', timestamp '2018-03-27 22:35:37', 89);
insert into SegmentoVideo values ( 2, '1145 seconds', timestamp '2018-03-27 22:35:37', 89);
insert into Local values ( 'Paredes');
insert into Vigia values ( 'Paredes', 89);
insert into ProcessoSocorro values ( 89);
insert into EventoEmergencia values ( '951921356', timestamp '2018-06-28 16:47:09', 'Cristiana Gômes', 'Paredes', 89);
insert into EntidadeMeio values ( 'Hospital Catarina Vitorino');
insert into Meio values ( 89, 'Camião', 'Hospital Catarina Vitorino');
insert into MeioApoio values ( 89, 'Hospital Catarina Vitorino');
insert into Alocado values ( 89, 'Hospital Catarina Vitorino', 65, 20);
insert into Acciona values ( 89, 'Hospital Catarina Vitorino', 20);
insert into Coordenador values ( 89);
insert into Audita values ( 89, 89, 'Hospital Catarina Vitorino', 20, timestamp '2018-11-23 16:12:57', timestamp '2018-11-24 22:27:00', date '2018-11-23', 'Com base na minha análise, denota-se corrupção por parte de várias entidades assim dou por concluida esta auditoria.');
insert into Solicita values ( 89, timestamp '2018-03-27 22:35:37', 89, timestamp '2018-11-24 13:56:38', timestamp '2018-11-24 15:28:16');
insert into Camara values ( 90);
insert into Video values ( timestamp '2018-10-16 17:27:19', timestamp '2018-10-16 18:33:09', 90);
insert into SegmentoVideo values ( 0, '3117 seconds', timestamp '2018-10-16 17:27:19', 90);
insert into SegmentoVideo values ( 1, '833.0 seconds', timestamp '2018-10-16 17:27:19', 90);
insert into Local values ( 'Ovar');
insert into Vigia values ( 'Ovar', 90);
insert into ProcessoSocorro values ( 90);
insert into EventoEmergencia values ( '936107867', timestamp '2018-08-14 18:34:20', 'Rita Valério', 'Ovar', 90);
insert into EntidadeMeio values ( 'Junta de Vila Real de Santo António');
insert into Meio values ( 90, 'Rações', 'Junta de Vila Real de Santo António');
insert into MeioCombate values ( 90, 'Junta de Vila Real de Santo António');
insert into Acciona values ( 90, 'Junta de Vila Real de Santo António', 56);
insert into Coordenador values ( 90);
insert into Camara values ( 91);
insert into Video values ( timestamp '2018-09-28 00:52:41', timestamp '2018-09-28 06:24:45', 91);
insert into SegmentoVideo values ( 0, '15790 seconds', timestamp '2018-09-28 00:52:41', 91);
insert into SegmentoVideo values ( 1, '4134 seconds', timestamp '2018-09-28 00:52:41', 91);
insert into Local values ( 'Gondomar');
insert into Vigia values ( 'Gondomar', 91);
insert into ProcessoSocorro values ( 91);
insert into EventoEmergencia values ( '963680939', timestamp '2018-08-05 02:59:43', 'Ana Nogueira', 'Gondomar', 91);
insert into EntidadeMeio values ( 'Camara de Funchal');
insert into Meio values ( 91, 'Desfibrilhador', 'Camara de Funchal');
insert into MeioSocorro values ( 91, 'Camara de Funchal');
insert into Transporta values ( 91, 'Camara de Funchal', 4, 5);
insert into Acciona values ( 91, 'Camara de Funchal', 5);
insert into Coordenador values ( 91);
insert into Camara values ( 92);
insert into Video values ( timestamp '2018-05-06 08:03:23', timestamp '2018-05-06 11:37:15', 92);
insert into SegmentoVideo values ( 0, '11900 seconds', timestamp '2018-05-06 08:03:23', 92);
insert into SegmentoVideo values ( 1, '932.0 seconds', timestamp '2018-05-06 08:03:23', 92);
insert into Local values ( 'Évora');
insert into Vigia values ( 'Évora', 92);
insert into ProcessoSocorro values ( 92);
insert into EventoEmergencia values ( '954953302', timestamp '2018-06-22 03:58:07', 'Cristiana Coelho', 'Évora', 92);
insert into EntidadeMeio values ( 'Camara de Anadia');
insert into Meio values ( 92, 'Carro', 'Camara de Anadia');
insert into MeioApoio values ( 92, 'Camara de Anadia');
insert into Alocado values ( 92, 'Camara de Anadia', 15, 63);
insert into Acciona values ( 92, 'Camara de Anadia', 63);
insert into Coordenador values ( 92);
insert into Audita values ( 92, 92, 'Camara de Anadia', 63, timestamp '2018-08-14 13:28:04', timestamp '2018-11-24 00:56:18', date '2018-08-14', 'Com base na minha análise, denota-se corrupção por parte de várias entidades assim dou por concluida esta auditoria.');
insert into Solicita values ( 92, timestamp '2018-05-06 08:03:23', 92, timestamp '2018-09-27 00:12:07', timestamp '2018-10-21 08:57:28');
insert into Camara values ( 93);
insert into Video values ( timestamp '2018-02-08 20:45:06', timestamp '2018-02-09 06:15:39', 93);
insert into SegmentoVideo values ( 0, '15511 seconds', timestamp '2018-02-08 20:45:06', 93);
insert into SegmentoVideo values ( 1, '18722 seconds', timestamp '2018-02-08 20:45:06', 93);
insert into Local values ( 'Praia da Vitória');
insert into Vigia values ( 'Praia da Vitória', 93);
insert into ProcessoSocorro values ( 93);
insert into EventoEmergencia values ( '920261565', timestamp '2018-05-14 06:25:09', 'Manel Antunes', 'Praia da Vitória', 93);
insert into EntidadeMeio values ( 'Hospital de Alfena');
insert into Meio values ( 93, 'Carro', 'Hospital de Alfena');
insert into MeioApoio values ( 93, 'Hospital de Alfena');
insert into Alocado values ( 93, 'Hospital de Alfena', 91, 64);
insert into Acciona values ( 93, 'Hospital de Alfena', 64);
insert into Coordenador values ( 93);
insert into Camara values ( 94);
insert into Video values ( timestamp '2018-07-09 03:47:31', timestamp '2018-07-09 04:30:25', 94);
insert into SegmentoVideo values ( 0, '2574.0 seconds', timestamp '2018-07-09 03:47:31', 94);
insert into Local values ( 'Loures');
insert into Vigia values ( 'Loures', 94);
insert into ProcessoSocorro values ( 94);
insert into EventoEmergencia values ( '945773587', timestamp '2018-03-06 02:41:29', 'Daniel Abreu', 'Loures', 94);
insert into EntidadeMeio values ( 'Camara de Montemor-o-Novo');
insert into Meio values ( 94, 'Médico', 'Camara de Montemor-o-Novo');
insert into MeioSocorro values ( 94, 'Camara de Montemor-o-Novo');
insert into Transporta values ( 94, 'Camara de Montemor-o-Novo', 6, 23);
insert into Acciona values ( 94, 'Camara de Montemor-o-Novo', 23);
insert into Coordenador values ( 94);
insert into Camara values ( 95);
insert into Video values ( timestamp '2018-09-19 01:13:00', timestamp '2018-09-19 23:52:31', 95);
insert into SegmentoVideo values ( 0, '52912 seconds', timestamp '2018-09-19 01:13:00', 95);
insert into SegmentoVideo values ( 1, '28659 seconds', timestamp '2018-09-19 01:13:00', 95);
insert into Local values ( 'Serpa');
insert into Vigia values ( 'Serpa', 95);
insert into ProcessoSocorro values ( 95);
insert into EventoEmergencia values ( '928262912', timestamp '2018-04-21 12:38:41', 'Marta Margato', 'Serpa', 95);
insert into EntidadeMeio values ( 'Esquadra de Gafanha da Nazaré');
insert into Meio values ( 95, 'Mâscaras de fumo', 'Esquadra de Gafanha da Nazaré');
insert into MeioCombate values ( 95, 'Esquadra de Gafanha da Nazaré');
insert into Acciona values ( 95, 'Esquadra de Gafanha da Nazaré', 75);
insert into Coordenador values ( 95);
insert into Audita values ( 95, 95, 'Esquadra de Gafanha da Nazaré', 75, timestamp '2018-09-15 04:00:26', timestamp '2018-10-01 07:40:35', date '2018-09-15', 'Tendo concluido a minha auditoria, foram cortados cantos ainda, termino a auditoria convicto de que não são necessários mais procedimentos.');
insert into Solicita values ( 95, timestamp '2018-09-19 01:13:00', 95, timestamp '2018-09-18 19:38:21', timestamp '2018-09-29 01:31:52');
insert into Camara values ( 96);
insert into Video values ( timestamp '2018-06-03 00:07:33', timestamp '2018-06-03 14:59:33', 96);
insert into SegmentoVideo values ( 0, '26638 seconds', timestamp '2018-06-03 00:07:33', 96);
insert into SegmentoVideo values ( 1, '5125 seconds', timestamp '2018-06-03 00:07:33', 96);
insert into SegmentoVideo values ( 2, '3973 seconds', timestamp '2018-06-03 00:07:33', 96);
insert into SegmentoVideo values ( 3, '14434 seconds', timestamp '2018-06-03 00:07:33', 96);
insert into SegmentoVideo values ( 4, '1197 seconds', timestamp '2018-06-03 00:07:33', 96);
insert into SegmentoVideo values ( 5, '2153.0 seconds', timestamp '2018-06-03 00:07:33', 96);
insert into Local values ( 'Peniche');
insert into Vigia values ( 'Peniche', 96);
insert into ProcessoSocorro values ( 96);
insert into EventoEmergencia values ( '968009506', timestamp '2018-10-15 22:07:14', 'Joana Rodrigues', 'Peniche', 96);
insert into EntidadeMeio values ( 'Hospital de Santa Cruz');
insert into Meio values ( 96, 'Esquadrão', 'Hospital de Santa Cruz');
insert into MeioCombate values ( 96, 'Hospital de Santa Cruz');
insert into Acciona values ( 96, 'Hospital de Santa Cruz', 65);
insert into Coordenador values ( 96);
insert into Audita values ( 96, 96, 'Hospital de Santa Cruz', 65, timestamp '2018-11-13 04:20:47', timestamp '2018-11-18 10:30:31', date '2018-11-13', 'Acredito que denota-se corrupção por parte de várias entidades ainda, termino a auditoria convicto de que não são necessários mais procedimentos.');
insert into Solicita values ( 96, timestamp '2018-06-03 00:07:33', 96, timestamp '2018-11-16 19:28:45', timestamp '2018-11-17 23:50:07');
insert into Camara values ( 97);
insert into Video values ( timestamp '2018-02-28 11:07:26', timestamp '2018-03-01 05:26:00', 97);
insert into SegmentoVideo values ( 0, '55802 seconds', timestamp '2018-02-28 11:07:26', 97);
insert into SegmentoVideo values ( 1, '10112 seconds', timestamp '2018-02-28 11:07:26', 97);
insert into Local values ( 'Santarém');
insert into Vigia values ( 'Santarém', 97);
insert into ProcessoSocorro values ( 97);
insert into EventoEmergencia values ( '955950507', timestamp '2018-06-22 04:58:26', 'Francisco Silva', 'Santarém', 97);
insert into EntidadeMeio values ( 'Fundação de Ourém');
insert into Meio values ( 97, 'Esquadrão', 'Fundação de Ourém');
insert into MeioCombate values ( 97, 'Fundação de Ourém');
insert into Acciona values ( 97, 'Fundação de Ourém', 50);
insert into Coordenador values ( 97);
insert into Camara values ( 98);
insert into Video values ( timestamp '2018-01-11 15:55:01', timestamp '2018-01-12 07:39:31', 98);
insert into SegmentoVideo values ( 0, '13729 seconds', timestamp '2018-01-11 15:55:01', 98);
insert into SegmentoVideo values ( 1, '42941 seconds', timestamp '2018-01-11 15:55:01', 98);
insert into Local values ( 'Ponta Delgada');
insert into Vigia values ( 'Ponta Delgada', 98);
insert into ProcessoSocorro values ( 98);
insert into EventoEmergencia values ( '952116043', timestamp '2018-02-20 13:38:11', 'Manel Antunes', 'Ponta Delgada', 98);
insert into EntidadeMeio values ( 'Bombeiros Voluntários de Borba');
insert into Meio values ( 98, 'Mangueira', 'Bombeiros Voluntários de Borba');
insert into MeioCombate values ( 98, 'Bombeiros Voluntários de Borba');
insert into Acciona values ( 98, 'Bombeiros Voluntários de Borba', 29);
insert into Coordenador values ( 98);
insert into Audita values ( 98, 98, 'Bombeiros Voluntários de Borba', 29, timestamp '2018-07-03 01:08:58', timestamp '2018-09-11 16:05:49', date '2018-07-03', 'Tendo concluido a minha auditoria, foram realizados todos os possíveis para alcançar um boa resolução ainda, termino a auditoria convicto de que não são necessários mais procedimentos.');
insert into Solicita values ( 98, timestamp '2018-01-11 15:55:01', 98, timestamp '2018-08-19 00:04:00', timestamp '2018-09-10 22:15:31');
insert into Camara values ( 99);
insert into Video values ( timestamp '2018-03-05 02:19:53', timestamp '2018-03-05 18:11:56', 99);
insert into SegmentoVideo values ( 0, '20856 seconds', timestamp '2018-03-05 02:19:53', 99);
insert into SegmentoVideo values ( 1, '36267 seconds', timestamp '2018-03-05 02:19:53', 99);
insert into Local values ( 'Mangualde');
insert into Vigia values ( 'Mangualde', 99);
insert into ProcessoSocorro values ( 99);
insert into EventoEmergencia values ( '955102923', timestamp '2018-06-07 01:46:49', 'Inês Coelho', 'Mangualde', 99);
insert into EntidadeMeio values ( 'Junta de Valongo');
insert into Meio values ( 99, 'Garrafas de água', 'Junta de Valongo');
insert into MeioSocorro values ( 99, 'Junta de Valongo');
insert into Transporta values ( 99, 'Junta de Valongo', 6, 55);
insert into Acciona values ( 99, 'Junta de Valongo', 55);
insert into Coordenador values ( 99);
insert into Camara values ( 100);
insert into Video values ( timestamp '2018-02-25 08:58:04', timestamp '2018-02-25 09:10:15', 100);
insert into SegmentoVideo values ( 0, '24 seconds', timestamp '2018-02-25 08:58:04', 100);
insert into SegmentoVideo values ( 1, '707 seconds', timestamp '2018-02-25 08:58:04', 100);
insert into Local values ( 'Loulé');
insert into Vigia values ( 'Loulé', 100);
insert into ProcessoSocorro values ( 100);
insert into EventoEmergencia values ( '917900580', timestamp '2018-06-04 22:12:28', 'Miguel Guerreiro', 'Loulé', 100);
insert into EntidadeMeio values ( 'Quartel António Antunes');
insert into Meio values ( 100, 'Drone', 'Quartel António Antunes');
insert into MeioSocorro values ( 100, 'Quartel António Antunes');
insert into Transporta values ( 100, 'Quartel António Antunes', 6, 50);
insert into Acciona values ( 100, 'Quartel António Antunes', 50);
insert into Coordenador values ( 100);
insert into Audita values ( 100, 100, 'Quartel António Antunes', 50, timestamp '2018-09-10 00:43:10', timestamp '2018-09-15 15:00:23', date '2018-09-10', 'Estou convicto que denota-se corrupção por parte de várias entidades por fim deixo a indicação de que uma maior investigação será necessária.');
insert into Solicita values ( 100, timestamp '2018-02-25 08:58:04', 100, timestamp '2018-09-12 21:15:34', timestamp '2018-09-13 10:42:35');
insert into Camara values ( 101);
insert into Video values ( timestamp '2018-01-13 02:16:50', timestamp '2018-01-13 22:33:55', 101);
insert into SegmentoVideo values ( 0, '70648 seconds', timestamp '2018-01-13 02:16:50', 101);
insert into SegmentoVideo values ( 1, '2377.0 seconds', timestamp '2018-01-13 02:16:50', 101);
insert into Local values ( 'Castelo Branco');
insert into Vigia values ( 'Castelo Branco', 101);
insert into ProcessoSocorro values ( 101);
insert into EventoEmergencia values ( '944947365', timestamp '2018-03-10 20:14:54', 'Rita Valério', 'Castelo Branco', 101);
insert into EntidadeMeio values ( 'Fundação de Reguengos de Monsaraz');
insert into Meio values ( 101, 'Helicoptero', 'Fundação de Reguengos de Monsaraz');
insert into MeioApoio values ( 101, 'Fundação de Reguengos de Monsaraz');
insert into Alocado values ( 101, 'Fundação de Reguengos de Monsaraz', 64, 68);
insert into Acciona values ( 101, 'Fundação de Reguengos de Monsaraz', 68);
insert into Coordenador values ( 101);
insert into Camara values ( 102);
insert into Video values ( timestamp '2018-04-08 07:26:01', timestamp '2018-04-09 02:23:45', 102);
insert into SegmentoVideo values ( 0, '3157 seconds', timestamp '2018-04-08 07:26:01', 102);
insert into SegmentoVideo values ( 1, '20897 seconds', timestamp '2018-04-08 07:26:01', 102);
insert into SegmentoVideo values ( 2, '44210 seconds', timestamp '2018-04-08 07:26:01', 102);
insert into Local values ( 'Santa Comba Dão');
insert into Vigia values ( 'Santa Comba Dão', 102);
insert into ProcessoSocorro values ( 102);
insert into EventoEmergencia values ( '969310880', timestamp '2018-01-28 19:03:58', 'João Silva', 'Santa Comba Dão', 102);
insert into EntidadeMeio values ( 'Bombeiros Voluntários Manel Coelho');
insert into Meio values ( 102, 'Psicólogo', 'Bombeiros Voluntários Manel Coelho');
insert into MeioSocorro values ( 102, 'Bombeiros Voluntários Manel Coelho');
insert into Transporta values ( 102, 'Bombeiros Voluntários Manel Coelho', 2, 24);
insert into Acciona values ( 102, 'Bombeiros Voluntários Manel Coelho', 24);
insert into Coordenador values ( 102);
insert into Audita values ( 102, 102, 'Bombeiros Voluntários Manel Coelho', 24, timestamp '2018-10-28 12:40:45', timestamp '2018-11-04 07:36:10', date '2018-10-28', 'Com base na minha análise, denota-se corrupção por parte de várias entidades por fim deixo a indicação de que uma maior investigação será necessária.');
insert into Solicita values ( 102, timestamp '2018-04-08 07:26:01', 102, timestamp '2018-10-29 01:07:47', timestamp '2018-11-04 03:09:43');
insert into Camara values ( 103);
insert into Video values ( timestamp '2018-07-21 14:30:04', timestamp '2018-07-21 18:25:03', 103);
insert into SegmentoVideo values ( 0, '11881 seconds', timestamp '2018-07-21 14:30:04', 103);
insert into SegmentoVideo values ( 1, '2218 seconds', timestamp '2018-07-21 14:30:04', 103);
insert into Local values ( 'Setúbal');
insert into Vigia values ( 'Setúbal', 103);
insert into ProcessoSocorro values ( 103);
insert into EventoEmergencia values ( '935800389', timestamp '2018-02-13 19:17:44', 'Pedro Margato', 'Setúbal', 103);
insert into EntidadeMeio values ( 'Esquadra Tiago Correia');
insert into Meio values ( 103, 'Kit de primeiros socorros', 'Esquadra Tiago Correia');
insert into MeioSocorro values ( 103, 'Esquadra Tiago Correia');
insert into Transporta values ( 103, 'Esquadra Tiago Correia', 2, 10);
insert into Acciona values ( 103, 'Esquadra Tiago Correia', 10);
insert into Coordenador values ( 103);
insert into Audita values ( 103, 103, 'Esquadra Tiago Correia', 10, timestamp '2018-11-18 06:47:01', timestamp '2018-11-21 09:05:18', date '2018-11-18', 'Acredito que todo o processo decorreu dentro da lei assim dou por concluida esta auditoria.');
insert into Solicita values ( 103, timestamp '2018-07-21 14:30:04', 103, timestamp '2018-11-20 06:06:09', timestamp '2018-11-20 20:02:25');
insert into Camara values ( 104);
insert into Video values ( timestamp '2018-06-14 07:20:51', timestamp '2018-06-14 20:01:43', 104);
insert into SegmentoVideo values ( 0, '9394 seconds', timestamp '2018-06-14 07:20:51', 104);
insert into SegmentoVideo values ( 1, '19486 seconds', timestamp '2018-06-14 07:20:51', 104);
insert into SegmentoVideo values ( 2, '16772 seconds', timestamp '2018-06-14 07:20:51', 104);
insert into Local values ( 'Lixa');
insert into Vigia values ( 'Lixa', 104);
insert into ProcessoSocorro values ( 104);
insert into EventoEmergencia values ( '944412421', timestamp '2018-10-26 07:51:35', 'Francisco Figueiredo', 'Lixa', 104);
insert into EntidadeMeio values ( 'Hospital Carolina Matos');
insert into Meio values ( 104, 'Maca', 'Hospital Carolina Matos');
insert into MeioApoio values ( 104, 'Hospital Carolina Matos');
insert into Alocado values ( 104, 'Hospital Carolina Matos', 56, 36);
insert into Acciona values ( 104, 'Hospital Carolina Matos', 36);
insert into Coordenador values ( 104);
insert into Audita values ( 104, 104, 'Hospital Carolina Matos', 36, timestamp '2018-08-20 04:54:05', timestamp '2018-11-04 04:48:44', date '2018-08-20', 'Com base na minha análise, foram cortados cantos assim dou por concluida esta auditoria.');
insert into Solicita values ( 104, timestamp '2018-06-14 07:20:51', 104, timestamp '2018-09-21 01:57:37', timestamp '2018-10-30 14:02:43');
insert into Camara values ( 105);
insert into Video values ( timestamp '2018-02-14 16:01:30', timestamp '2018-02-15 11:44:30', 105);
insert into SegmentoVideo values ( 0, '9541 seconds', timestamp '2018-02-14 16:01:30', 105);
insert into SegmentoVideo values ( 1, '7667 seconds', timestamp '2018-02-14 16:01:30', 105);
insert into SegmentoVideo values ( 2, '53772 seconds', timestamp '2018-02-14 16:01:30', 105);
insert into Local values ( 'Vale de Cambra');
insert into Vigia values ( 'Vale de Cambra', 105);
insert into ProcessoSocorro values ( 105);
insert into EventoEmergencia values ( '957284663', timestamp '2018-10-30 17:14:50', 'Pedro Nogueira', 'Vale de Cambra', 105);
insert into EntidadeMeio values ( 'Junta Ana Martinho');
insert into Meio values ( 105, 'Esquadrão', 'Junta Ana Martinho');
insert into MeioCombate values ( 105, 'Junta Ana Martinho');
insert into Acciona values ( 105, 'Junta Ana Martinho', 26);
insert into Coordenador values ( 105);
insert into Audita values ( 105, 105, 'Junta Ana Martinho', 26, timestamp '2018-06-15 10:24:33', timestamp '2018-10-22 02:43:47', date '2018-06-15', 'Estou convicto que todo o processo decorreu dentro da lei por fim deixo a indicação de que uma maior investigação será necessária.');
insert into Solicita values ( 105, timestamp '2018-02-14 16:01:30', 105, timestamp '2018-07-06 15:48:28', timestamp '2018-09-29 13:25:38');
insert into Camara values ( 106);
insert into Video values ( timestamp '2018-01-10 22:37:22', timestamp '2018-01-11 09:10:25', 106);
insert into SegmentoVideo values ( 0, '34142 seconds', timestamp '2018-01-10 22:37:22', 106);
insert into SegmentoVideo values ( 1, '3841 seconds', timestamp '2018-01-10 22:37:22', 106);
insert into Local values ( 'Leiria');
insert into Vigia values ( 'Leiria', 106);
insert into ProcessoSocorro values ( 106);
insert into EventoEmergencia values ( '943960549', timestamp '2018-03-24 17:41:22', 'António Silva', 'Leiria', 106);
insert into EntidadeMeio values ( 'Fundação Daniel Antunes');
insert into Meio values ( 106, 'Ambulância', 'Fundação Daniel Antunes');
insert into MeioApoio values ( 106, 'Fundação Daniel Antunes');
insert into Alocado values ( 106, 'Fundação Daniel Antunes', 53, 14);
insert into Acciona values ( 106, 'Fundação Daniel Antunes', 14);
insert into Coordenador values ( 106);
insert into Audita values ( 106, 106, 'Fundação Daniel Antunes', 14, timestamp '2018-07-19 15:21:21', timestamp '2018-08-12 22:10:53', date '2018-07-19', 'Com base na minha análise, foram realizados todos os possíveis para alcançar um boa resolução ainda, termino a auditoria convicto de que não são necessários mais procedimentos.');
insert into Solicita values ( 106, timestamp '2018-01-10 22:37:22', 106, timestamp '2018-07-29 14:25:10', timestamp '2018-08-08 00:04:57');
insert into Camara values ( 107);
insert into Video values ( timestamp '2018-10-20 20:41:45', timestamp '2018-10-21 14:41:51', 107);
insert into SegmentoVideo values ( 0, '40078 seconds', timestamp '2018-10-20 20:41:45', 107);
insert into SegmentoVideo values ( 1, '18158 seconds', timestamp '2018-10-20 20:41:45', 107);
insert into SegmentoVideo values ( 2, '6570 seconds', timestamp '2018-10-20 20:41:45', 107);
insert into Local values ( 'Mirandela');
insert into Vigia values ( 'Mirandela', 107);
insert into ProcessoSocorro values ( 107);
insert into EventoEmergencia values ( '966136702', timestamp '2018-10-11 10:59:27', 'Manel Margato', 'Mirandela', 107);
insert into EntidadeMeio values ( 'Bombeiros Municipais Manel Nicolau');
insert into Meio values ( 107, 'Mâscaras de fumo', 'Bombeiros Municipais Manel Nicolau');
insert into MeioCombate values ( 107, 'Bombeiros Municipais Manel Nicolau');
insert into Acciona values ( 107, 'Bombeiros Municipais Manel Nicolau', 13);
insert into Coordenador values ( 107);
insert into Camara values ( 108);
insert into Video values ( timestamp '2018-03-12 21:30:58', timestamp '2018-03-13 20:18:46', 108);
insert into SegmentoVideo values ( 0, '80410 seconds', timestamp '2018-03-12 21:30:58', 108);
insert into SegmentoVideo values ( 1, '239 seconds', timestamp '2018-03-12 21:30:58', 108);
insert into SegmentoVideo values ( 2, '1419.0 seconds', timestamp '2018-03-12 21:30:58', 108);
insert into Local values ( 'Cartaxo');
insert into Vigia values ( 'Cartaxo', 108);
insert into ProcessoSocorro values ( 108);
insert into EventoEmergencia values ( '961996180', timestamp '2018-10-12 18:27:07', 'Marta Margato', 'Cartaxo', 108);
insert into EntidadeMeio values ( 'Quartel de Seixal');
insert into Meio values ( 108, 'Helicoptero', 'Quartel de Seixal');
insert into MeioApoio values ( 108, 'Quartel de Seixal');
insert into Alocado values ( 108, 'Quartel de Seixal', 14, 63);
insert into Acciona values ( 108, 'Quartel de Seixal', 63);
insert into Coordenador values ( 108);
insert into Audita values ( 108, 108, 'Quartel de Seixal', 63, timestamp '2018-08-20 11:45:51', timestamp '2018-09-16 08:06:59', date '2018-08-20', 'Com base na minha análise, foram cortados cantos por fim deixo a indicação de que uma maior investigação será necessária.');
insert into Solicita values ( 108, timestamp '2018-03-12 21:30:58', 108, timestamp '2018-09-06 01:41:05', timestamp '2018-09-09 06:16:58');
insert into Camara values ( 109);
insert into Video values ( timestamp '2018-09-22 03:23:55', timestamp '2018-09-23 02:32:39', 109);
insert into SegmentoVideo values ( 0, '46499 seconds', timestamp '2018-09-22 03:23:55', 109);
insert into SegmentoVideo values ( 1, '35067 seconds', timestamp '2018-09-22 03:23:55', 109);
insert into SegmentoVideo values ( 2, '743 seconds', timestamp '2018-09-22 03:23:55', 109);
insert into SegmentoVideo values ( 3, '1015 seconds', timestamp '2018-09-22 03:23:55', 109);
insert into Local values ( 'Vila Nova de Foz Côa');
insert into Vigia values ( 'Vila Nova de Foz Côa', 109);
insert into ProcessoSocorro values ( 109);
insert into EventoEmergencia values ( '933979417', timestamp '2018-04-24 14:34:19', 'Tiago Coelho', 'Vila Nova de Foz Côa', 109);
insert into EntidadeMeio values ( 'Esquadra Cristiana Valério');
insert into Meio values ( 109, 'Helicoptero', 'Esquadra Cristiana Valério');
insert into MeioApoio values ( 109, 'Esquadra Cristiana Valério');
insert into Alocado values ( 109, 'Esquadra Cristiana Valério', 165, 6);
insert into Acciona values ( 109, 'Esquadra Cristiana Valério', 6);
insert into Coordenador values ( 109);
insert into Camara values ( 110);
insert into Video values ( timestamp '2018-11-24 21:07:24', timestamp '2018-11-25 08:16:20', 110);
insert into SegmentoVideo values ( 0, '11104 seconds', timestamp '2018-11-24 21:07:24', 110);
insert into SegmentoVideo values ( 1, '29032 seconds', timestamp '2018-11-24 21:07:24', 110);
insert into Local values ( 'Barreiro');
insert into Vigia values ( 'Barreiro', 110);
insert into ProcessoSocorro values ( 110);
insert into EventoEmergencia values ( '944089768', timestamp '2018-11-17 22:58:23', 'Ana Margato', 'Barreiro', 110);
insert into EntidadeMeio values ( 'Hospital Tiago Gômes');
insert into Meio values ( 110, 'Helicoptero', 'Hospital Tiago Gômes');
insert into MeioCombate values ( 110, 'Hospital Tiago Gômes');
insert into Acciona values ( 110, 'Hospital Tiago Gômes', 50);
insert into Coordenador values ( 110);
insert into Audita values ( 110, 110, 'Hospital Tiago Gômes', 50, timestamp '2018-08-27 09:51:03', timestamp '2018-10-24 07:38:59', date '2018-08-27', 'Estou convicto que foram realizados todos os possíveis para alcançar um boa resolução por fim deixo a indicação de que uma maior investigação será necessária.');
insert into Solicita values ( 110, timestamp '2018-11-24 21:07:24', 110, timestamp '2018-09-26 23:50:25', timestamp '2018-10-14 13:22:08');
insert into Camara values ( 111);
insert into Video values ( timestamp '2018-10-14 11:54:29', timestamp '2018-10-15 10:11:19', 111);
insert into SegmentoVideo values ( 0, '62395 seconds', timestamp '2018-10-14 11:54:29', 111);
insert into SegmentoVideo values ( 1, '17815 seconds', timestamp '2018-10-14 11:54:29', 111);
insert into Local values ( 'Penafiel');
insert into Vigia values ( 'Penafiel', 111);
insert into ProcessoSocorro values ( 111);
insert into EventoEmergencia values ( '961444487', timestamp '2018-05-19 15:38:51', 'Cristiana Correia', 'Penafiel', 111);
insert into EntidadeMeio values ( 'Camara João Margato');
insert into Meio values ( 111, 'Camião', 'Camara João Margato');
insert into MeioApoio values ( 111, 'Camara João Margato');
insert into Alocado values ( 111, 'Camara João Margato', 23, 21);
insert into Acciona values ( 111, 'Camara João Margato', 21);
insert into Coordenador values ( 111);
insert into Camara values ( 112);
insert into Video values ( timestamp '2018-07-29 06:20:57', timestamp '2018-07-29 23:44:15', 112);
insert into SegmentoVideo values ( 0, '19668 seconds', timestamp '2018-07-29 06:20:57', 112);
insert into SegmentoVideo values ( 1, '8068 seconds', timestamp '2018-07-29 06:20:57', 112);
insert into SegmentoVideo values ( 2, '34862 seconds', timestamp '2018-07-29 06:20:57', 112);
insert into Local values ( 'Portalegre');
insert into Vigia values ( 'Portalegre', 112);
insert into ProcessoSocorro values ( 112);
insert into EventoEmergencia values ( '957889793', timestamp '2018-10-27 19:10:29', 'Rita Matos', 'Portalegre', 112);
insert into EntidadeMeio values ( 'Quartel Miguel Matos');
insert into Meio values ( 112, 'Drone', 'Quartel Miguel Matos');
insert into MeioSocorro values ( 112, 'Quartel Miguel Matos');
insert into Transporta values ( 112, 'Quartel Miguel Matos', 3, 20);
insert into Acciona values ( 112, 'Quartel Miguel Matos', 20);
insert into Coordenador values ( 112);
insert into Audita values ( 112, 112, 'Quartel Miguel Matos', 20, timestamp '2018-11-24 15:54:56', timestamp '2018-11-24 17:19:32', date '2018-11-24', 'Estou convicto que todo o processo decorreu dentro da lei por fim deixo a indicação de que uma maior investigação será necessária.');
insert into Solicita values ( 112, timestamp '2018-07-29 06:20:57', 112, timestamp '2018-11-24 16:01:53', timestamp '2018-11-24 16:27:13');
insert into Camara values ( 113);
insert into Video values ( timestamp '2018-02-26 12:42:54', timestamp '2018-02-26 16:22:27', 113);
insert into SegmentoVideo values ( 0, '1651 seconds', timestamp '2018-02-26 12:42:54', 113);
insert into SegmentoVideo values ( 1, '11522 seconds', timestamp '2018-02-26 12:42:54', 113);
insert into Local values ( 'Lamego');
insert into Vigia values ( 'Lamego', 113);
insert into ProcessoSocorro values ( 113);
insert into EventoEmergencia values ( '963717302', timestamp '2018-10-23 19:36:46', 'Catarina Gômes', 'Lamego', 113);
insert into EntidadeMeio values ( 'Quartel João Nicolau');
insert into Meio values ( 113, 'Rações', 'Quartel João Nicolau');
insert into MeioCombate values ( 113, 'Quartel João Nicolau');
insert into Acciona values ( 113, 'Quartel João Nicolau', 6);
insert into Coordenador values ( 113);
insert into Audita values ( 113, 113, 'Quartel João Nicolau', 6, timestamp '2018-08-16 21:30:28', timestamp '2018-09-19 14:52:24', date '2018-08-16', 'Com base na minha análise, denota-se corrupção por parte de várias entidades por fim deixo a indicação de que uma maior investigação será necessária.');
insert into Solicita values ( 113, timestamp '2018-02-26 12:42:54', 113, timestamp '2018-09-19 08:11:09', timestamp '2018-09-19 09:24:53');
insert into Camara values ( 114);
insert into Video values ( timestamp '2018-02-01 06:55:27', timestamp '2018-02-02 01:45:53', 114);
insert into SegmentoVideo values ( 0, '53206 seconds', timestamp '2018-02-01 06:55:27', 114);
insert into SegmentoVideo values ( 1, '14620 seconds', timestamp '2018-02-01 06:55:27', 114);
insert into Local values ( 'Quarteira');
insert into Vigia values ( 'Quarteira', 114);
insert into ProcessoSocorro values ( 114);
insert into EventoEmergencia values ( '913097900', timestamp '2018-04-27 02:29:35', 'Manel Margato', 'Quarteira', 114);
insert into EntidadeMeio values ( 'Bombeiros Municipais de Seia');
insert into Meio values ( 114, 'Paramédico', 'Bombeiros Municipais de Seia');
insert into MeioSocorro values ( 114, 'Bombeiros Municipais de Seia');
insert into Transporta values ( 114, 'Bombeiros Municipais de Seia', 4, 70);
insert into Acciona values ( 114, 'Bombeiros Municipais de Seia', 70);
insert into Coordenador values ( 114);
insert into Camara values ( 115);
insert into Video values ( timestamp '2018-09-07 09:45:59', timestamp '2018-09-07 13:10:10', 115);
insert into SegmentoVideo values ( 0, '12251.0 seconds', timestamp '2018-09-07 09:45:59', 115);
insert into Local values ( 'Póvoa de Santa Iria');
insert into Vigia values ( 'Póvoa de Santa Iria', 115);
insert into ProcessoSocorro values ( 115);
insert into EventoEmergencia values ( '941830145', timestamp '2018-05-28 23:59:27', 'Miguel Correia', 'Póvoa de Santa Iria', 115);
insert into EntidadeMeio values ( 'Junta Joana Martinho');
insert into Meio values ( 115, 'Carro de Bombeiros', 'Junta Joana Martinho');
insert into MeioCombate values ( 115, 'Junta Joana Martinho');
insert into Acciona values ( 115, 'Junta Joana Martinho', 53);
insert into Coordenador values ( 115);
insert into Camara values ( 116);
insert into Video values ( timestamp '2018-01-12 09:37:55', timestamp '2018-01-12 17:53:14', 116);
insert into SegmentoVideo values ( 0, '27892 seconds', timestamp '2018-01-12 09:37:55', 116);
insert into SegmentoVideo values ( 1, '1827 seconds', timestamp '2018-01-12 09:37:55', 116);
insert into Local values ( 'Fafe');
insert into Vigia values ( 'Fafe', 116);
insert into ProcessoSocorro values ( 116);
insert into EventoEmergencia values ( '946456373', timestamp '2018-07-24 13:39:32', 'Pedro Martinho', 'Fafe', 116);
insert into EntidadeMeio values ( 'Camara de Vila Real de Santo António');
insert into Meio values ( 116, 'Mâscaras de fumo', 'Camara de Vila Real de Santo António');
insert into MeioCombate values ( 116, 'Camara de Vila Real de Santo António');
insert into Acciona values ( 116, 'Camara de Vila Real de Santo António', 76);
insert into Coordenador values ( 116);
insert into Audita values ( 116, 116, 'Camara de Vila Real de Santo António', 76, timestamp '2018-09-20 18:18:53', timestamp '2018-11-14 00:44:19', date '2018-09-20', 'Acredito que foram realizados todos os possíveis para alcançar um boa resolução ainda, termino a auditoria convicto de que não são necessários mais procedimentos.');
insert into Solicita values ( 116, timestamp '2018-01-12 09:37:55', 116, timestamp '2018-10-29 23:01:43', timestamp '2018-11-10 16:21:19');
insert into Camara values ( 117);
insert into Video values ( timestamp '2018-06-17 04:40:35', timestamp '2018-06-17 08:07:38', 117);
insert into SegmentoVideo values ( 0, '4321 seconds', timestamp '2018-06-17 04:40:35', 117);
insert into SegmentoVideo values ( 1, '8102.0 seconds', timestamp '2018-06-17 04:40:35', 117);
insert into Local values ( 'Pinhel');
insert into Vigia values ( 'Pinhel', 117);
insert into ProcessoSocorro values ( 117);
insert into EventoEmergencia values ( '929082812', timestamp '2018-02-02 13:15:21', 'Daniel Antunes', 'Pinhel', 117);
insert into EntidadeMeio values ( 'Junta de Gouveia');
insert into Meio values ( 117, 'Carro', 'Junta de Gouveia');
insert into MeioApoio values ( 117, 'Junta de Gouveia');
insert into Alocado values ( 117, 'Junta de Gouveia', 70, 115);
insert into Acciona values ( 117, 'Junta de Gouveia', 115);
insert into Coordenador values ( 117);
insert into Camara values ( 118);
insert into Video values ( timestamp '2018-01-02 02:09:35', timestamp '2018-01-02 13:58:13', 118);
insert into SegmentoVideo values ( 0, '34312 seconds', timestamp '2018-01-02 02:09:35', 118);
insert into SegmentoVideo values ( 1, '5002 seconds', timestamp '2018-01-02 02:09:35', 118);
insert into SegmentoVideo values ( 2, '1166 seconds', timestamp '2018-01-02 02:09:35', 118);
insert into SegmentoVideo values ( 3, '75 seconds', timestamp '2018-01-02 02:09:35', 118);
insert into SegmentoVideo values ( 4, '458 seconds', timestamp '2018-01-02 02:09:35', 118);
insert into SegmentoVideo values ( 5, '1505.0 seconds', timestamp '2018-01-02 02:09:35', 118);
insert into Local values ( 'Peso da Régua');
insert into Vigia values ( 'Peso da Régua', 118);
insert into ProcessoSocorro values ( 118);
insert into EventoEmergencia values ( '915749302', timestamp '2018-10-23 19:09:09', 'Miguel Rodrigues', 'Peso da Régua', 118);
insert into EntidadeMeio values ( 'Camara de Gafanha da Nazaré');
insert into Meio values ( 118, 'Carro', 'Camara de Gafanha da Nazaré');
insert into MeioApoio values ( 118, 'Camara de Gafanha da Nazaré');
insert into Alocado values ( 118, 'Camara de Gafanha da Nazaré', 20, 77);
insert into Acciona values ( 118, 'Camara de Gafanha da Nazaré', 77);
insert into Coordenador values ( 118);
insert into Camara values ( 119);
insert into Video values ( timestamp '2018-05-30 19:59:00', timestamp '2018-05-31 00:03:19', 119);
insert into SegmentoVideo values ( 0, '10248 seconds', timestamp '2018-05-30 19:59:00', 119);
insert into SegmentoVideo values ( 1, '604 seconds', timestamp '2018-05-30 19:59:00', 119);
insert into SegmentoVideo values ( 2, '3807.0 seconds', timestamp '2018-05-30 19:59:00', 119);
insert into Local values ( 'Tarouca');
insert into Vigia values ( 'Tarouca', 119);
insert into ProcessoSocorro values ( 119);
insert into EventoEmergencia values ( '951920792', timestamp '2018-02-06 21:26:35', 'Francisco Nicolau', 'Tarouca', 119);
insert into EntidadeMeio values ( 'Esquadra Miguel Matos');
insert into Meio values ( 119, 'Camião', 'Esquadra Miguel Matos');
insert into MeioApoio values ( 119, 'Esquadra Miguel Matos');
insert into Alocado values ( 119, 'Esquadra Miguel Matos', 49, 49);
insert into Acciona values ( 119, 'Esquadra Miguel Matos', 49);
insert into Coordenador values ( 119);
insert into Audita values ( 119, 119, 'Esquadra Miguel Matos', 49, timestamp '2018-07-29 13:06:01', timestamp '2018-10-07 04:35:58', date '2018-07-29', 'Conclui que foram cortados cantos assim dou por concluida esta auditoria.');
insert into Solicita values ( 119, timestamp '2018-05-30 19:59:00', 119, timestamp '2018-09-29 11:17:03', timestamp '2018-10-04 16:46:20');
insert into Camara values ( 120);
insert into Video values ( timestamp '2018-11-24 19:31:18', timestamp '2018-11-25 08:42:52', 120);
insert into SegmentoVideo values ( 0, '46389 seconds', timestamp '2018-11-24 19:31:18', 120);
insert into SegmentoVideo values ( 1, '109 seconds', timestamp '2018-11-24 19:31:18', 120);
insert into SegmentoVideo values ( 2, '996.0 seconds', timestamp '2018-11-24 19:31:18', 120);
insert into Local values ( 'Tomar');
insert into Vigia values ( 'Tomar', 120);
insert into ProcessoSocorro values ( 120);
insert into EventoEmergencia values ( '929730613', timestamp '2018-04-22 04:01:26', 'Daniel Nogueira', 'Tomar', 120);
insert into EntidadeMeio values ( 'Camara Daniel Nogueira');
insert into Meio values ( 120, 'Garrafas de água', 'Camara Daniel Nogueira');
insert into MeioSocorro values ( 120, 'Camara Daniel Nogueira');
insert into Transporta values ( 120, 'Camara Daniel Nogueira', 4, 34);
insert into Acciona values ( 120, 'Camara Daniel Nogueira', 34);
insert into Coordenador values ( 120);
insert into Audita values ( 120, 120, 'Camara Daniel Nogueira', 34, timestamp '2018-10-22 10:25:05', timestamp '2018-10-27 05:13:32', date '2018-10-22', 'Conclui que foram cortados cantos assim dou por concluida esta auditoria.');
insert into Solicita values ( 120, timestamp '2018-11-24 19:31:18', 120, timestamp '2018-10-24 14:50:07', timestamp '2018-10-25 17:56:19');
insert into Camara values ( 121);
insert into Video values ( timestamp '2018-01-21 16:19:48', timestamp '2018-01-22 09:04:49', 121);
insert into SegmentoVideo values ( 0, '54700 seconds', timestamp '2018-01-21 16:19:48', 121);
insert into SegmentoVideo values ( 1, '5601 seconds', timestamp '2018-01-21 16:19:48', 121);
insert into Local values ( 'Alverca do Ribatejo');
insert into Vigia values ( 'Alverca do Ribatejo', 121);
insert into ProcessoSocorro values ( 121);
insert into EventoEmergencia values ( '960110009', timestamp '2018-09-23 05:38:13', 'Miguel Gômes', 'Alverca do Ribatejo', 121);
insert into EntidadeMeio values ( 'Fundação de Caniço');
insert into Meio values ( 121, 'Helicoptero', 'Fundação de Caniço');
insert into MeioCombate values ( 121, 'Fundação de Caniço');
insert into Acciona values ( 121, 'Fundação de Caniço', 86);
insert into Coordenador values ( 121);
insert into Camara values ( 122);
insert into Video values ( timestamp '2018-04-12 22:29:44', timestamp '2018-04-13 07:01:16', 122);
insert into SegmentoVideo values ( 0, '741 seconds', timestamp '2018-04-12 22:29:44', 122);
insert into SegmentoVideo values ( 1, '15161 seconds', timestamp '2018-04-12 22:29:44', 122);
insert into SegmentoVideo values ( 2, '2554 seconds', timestamp '2018-04-12 22:29:44', 122);
insert into SegmentoVideo values ( 3, '12236 seconds', timestamp '2018-04-12 22:29:44', 122);
insert into Local values ( 'Esposende');
insert into Vigia values ( 'Esposende', 122);
insert into ProcessoSocorro values ( 122);
insert into EventoEmergencia values ( '962673755', timestamp '2018-01-24 09:39:43', 'Rita Vitorino', 'Esposende', 122);
insert into EntidadeMeio values ( 'Fundação Inês Correia');
insert into Meio values ( 122, 'Carro', 'Fundação Inês Correia');
insert into MeioApoio values ( 122, 'Fundação Inês Correia');
insert into Alocado values ( 122, 'Fundação Inês Correia', 140, 116);
insert into Acciona values ( 122, 'Fundação Inês Correia', 116);
insert into Coordenador values ( 122);
insert into Audita values ( 122, 122, 'Fundação Inês Correia', 116, timestamp '2018-09-09 03:51:56', timestamp '2018-09-11 13:08:52', date '2018-09-09', 'Tendo concluido a minha auditoria, denota-se corrupção por parte de várias entidades ainda, termino a auditoria convicto de que não são necessários mais procedimentos.');
insert into Solicita values ( 122, timestamp '2018-04-12 22:29:44', 122, timestamp '2018-09-09 06:26:51', timestamp '2018-09-10 10:26:12');
insert into Camara values ( 123);
insert into Video values ( timestamp '2018-01-22 08:53:56', timestamp '2018-01-23 00:00:14', 123);
insert into SegmentoVideo values ( 0, '20071 seconds', timestamp '2018-01-22 08:53:56', 123);
insert into SegmentoVideo values ( 1, '34307 seconds', timestamp '2018-01-22 08:53:56', 123);
insert into Local values ( 'Torres Vedras');
insert into Vigia values ( 'Torres Vedras', 123);
insert into ProcessoSocorro values ( 123);
insert into EventoEmergencia values ( '938507200', timestamp '2018-01-14 05:03:44', 'Rita Silva', 'Torres Vedras', 123);
insert into EntidadeMeio values ( 'Camara Carolina Abreu');
insert into Meio values ( 123, 'Carro', 'Camara Carolina Abreu');
insert into MeioApoio values ( 123, 'Camara Carolina Abreu');
insert into Alocado values ( 123, 'Camara Carolina Abreu', 58, 36);
insert into Acciona values ( 123, 'Camara Carolina Abreu', 36);
insert into Coordenador values ( 123);
insert into Audita values ( 123, 123, 'Camara Carolina Abreu', 36, timestamp '2018-08-17 15:11:56', timestamp '2018-11-16 21:52:38', date '2018-08-17', 'Tendo concluido a minha auditoria, todo o processo decorreu dentro da lei ainda, termino a auditoria convicto de que não são necessários mais procedimentos.');
insert into Solicita values ( 123, timestamp '2018-01-22 08:53:56', 123, timestamp '2018-10-24 14:18:28', timestamp '2018-11-13 03:58:42');
insert into Camara values ( 124);
insert into Video values ( timestamp '2018-11-16 03:53:08', timestamp '2018-11-16 22:23:59', 124);
insert into SegmentoVideo values ( 0, '59320 seconds', timestamp '2018-11-16 03:53:08', 124);
insert into SegmentoVideo values ( 1, '1245 seconds', timestamp '2018-11-16 03:53:08', 124);
insert into SegmentoVideo values ( 2, '6086.0 seconds', timestamp '2018-11-16 03:53:08', 124);
insert into Local values ( 'Costa da Caparica');
insert into Vigia values ( 'Costa da Caparica', 124);
insert into ProcessoSocorro values ( 124);
insert into EventoEmergencia values ( '936179355', timestamp '2018-08-06 18:31:43', 'Inês Abreu', 'Costa da Caparica', 124);
insert into EntidadeMeio values ( 'Hospital Francisco Vitorino');
insert into Meio values ( 124, 'Psicólogo', 'Hospital Francisco Vitorino');
insert into MeioSocorro values ( 124, 'Hospital Francisco Vitorino');
insert into Transporta values ( 124, 'Hospital Francisco Vitorino', 1, 112);
insert into Acciona values ( 124, 'Hospital Francisco Vitorino', 112);
insert into Coordenador values ( 124);
insert into Camara values ( 125);
insert into Video values ( timestamp '2018-07-20 08:15:39', timestamp '2018-07-21 02:29:56', 125);
insert into SegmentoVideo values ( 0, '60586 seconds', timestamp '2018-07-20 08:15:39', 125);
insert into SegmentoVideo values ( 1, '1525 seconds', timestamp '2018-07-20 08:15:39', 125);
insert into SegmentoVideo values ( 2, '3546 seconds', timestamp '2018-07-20 08:15:39', 125);
insert into Local values ( 'Alcobaça');
insert into Vigia values ( 'Alcobaça', 125);
insert into ProcessoSocorro values ( 125);
insert into EventoEmergencia values ( '929342549', timestamp '2018-08-15 09:34:30', 'Catarina Matos', 'Alcobaça', 125);
insert into EntidadeMeio values ( 'Bombeiros Voluntários Daniel Figueiredo');
insert into Meio values ( 125, 'Carro', 'Bombeiros Voluntários Daniel Figueiredo');
insert into MeioApoio values ( 125, 'Bombeiros Voluntários Daniel Figueiredo');
insert into Alocado values ( 125, 'Bombeiros Voluntários Daniel Figueiredo', 158, 60);
insert into Acciona values ( 125, 'Bombeiros Voluntários Daniel Figueiredo', 60);
insert into Coordenador values ( 125);
insert into Camara values ( 126);
insert into Video values ( timestamp '2018-08-16 15:05:43', timestamp '2018-08-17 09:19:05', 126);
insert into SegmentoVideo values ( 0, '13742 seconds', timestamp '2018-08-16 15:05:43', 126);
insert into SegmentoVideo values ( 1, '18612 seconds', timestamp '2018-08-16 15:05:43', 126);
insert into SegmentoVideo values ( 2, '26272 seconds', timestamp '2018-08-16 15:05:43', 126);
insert into SegmentoVideo values ( 3, '4330 seconds', timestamp '2018-08-16 15:05:43', 126);
insert into SegmentoVideo values ( 4, '1628 seconds', timestamp '2018-08-16 15:05:43', 126);
insert into SegmentoVideo values ( 5, '1018.0 seconds', timestamp '2018-08-16 15:05:43', 126);
insert into Local values ( 'Oliveira de Azeméis');
insert into Vigia values ( 'Oliveira de Azeméis', 126);
insert into ProcessoSocorro values ( 126);
insert into EventoEmergencia values ( '953174222', timestamp '2018-07-23 01:16:50', 'Miguel Valério', 'Oliveira de Azeméis', 126);
insert into EntidadeMeio values ( 'Esquadra de Leiria');
insert into Meio values ( 126, 'Psicólogo', 'Esquadra de Leiria');
insert into MeioSocorro values ( 126, 'Esquadra de Leiria');
insert into Transporta values ( 126, 'Esquadra de Leiria', 3, 20);
insert into Acciona values ( 126, 'Esquadra de Leiria', 20);
insert into Coordenador values ( 126);
insert into Audita values ( 126, 126, 'Esquadra de Leiria', 20, timestamp '2018-11-24 08:08:06', timestamp '2018-11-24 13:06:15', date '2018-11-24', 'Tendo concluido a minha auditoria, foram realizados todos os possíveis para alcançar um boa resolução assim dou por concluida esta auditoria.');
insert into Solicita values ( 126, timestamp '2018-08-16 15:05:43', 126, timestamp '2018-11-24 09:26:59', timestamp '2018-11-24 09:35:16');
insert into Camara values ( 127);
insert into Video values ( timestamp '2018-07-02 04:05:00', timestamp '2018-07-02 21:47:23', 127);
insert into SegmentoVideo values ( 0, '61713 seconds', timestamp '2018-07-02 04:05:00', 127);
insert into SegmentoVideo values ( 1, '2030.0 seconds', timestamp '2018-07-02 04:05:00', 127);
insert into Local values ( 'Cantanhede');
insert into Vigia values ( 'Cantanhede', 127);
insert into ProcessoSocorro values ( 127);
insert into EventoEmergencia values ( '952577214', timestamp '2018-06-12 17:38:22', 'Manel Silva', 'Cantanhede', 127);
insert into EntidadeMeio values ( 'Esquadra Cristiana Antunes');
insert into Meio values ( 127, 'Médico', 'Esquadra Cristiana Antunes');
insert into MeioSocorro values ( 127, 'Esquadra Cristiana Antunes');
insert into Transporta values ( 127, 'Esquadra Cristiana Antunes', 6, 12);
insert into Acciona values ( 127, 'Esquadra Cristiana Antunes', 12);
insert into Coordenador values ( 127);
insert into Camara values ( 128);
insert into Video values ( timestamp '2018-07-22 07:50:45', timestamp '2018-07-22 12:13:15', 128);
insert into SegmentoVideo values ( 0, '2278 seconds', timestamp '2018-07-22 07:50:45', 128);
insert into SegmentoVideo values ( 1, '880 seconds', timestamp '2018-07-22 07:50:45', 128);
insert into SegmentoVideo values ( 2, '12592 seconds', timestamp '2018-07-22 07:50:45', 128);
insert into Local values ( 'Amora');
insert into Vigia values ( 'Amora', 128);
insert into ProcessoSocorro values ( 128);
insert into EventoEmergencia values ( '948728914', timestamp '2018-06-15 00:16:50', 'Daniel Rodrigues', 'Amora', 128);
insert into EntidadeMeio values ( 'Hospital Rita Silva');
insert into Meio values ( 128, 'Camião', 'Hospital Rita Silva');
insert into MeioApoio values ( 128, 'Hospital Rita Silva');
insert into Alocado values ( 128, 'Hospital Rita Silva', 137, 109);
insert into Acciona values ( 128, 'Hospital Rita Silva', 109);
insert into Coordenador values ( 128);
insert into Audita values ( 128, 128, 'Hospital Rita Silva', 109, timestamp '2018-05-23 03:41:38', timestamp '2018-09-01 06:30:59', date '2018-05-23', 'Tendo concluido a minha auditoria, denota-se corrupção por parte de várias entidades por fim deixo a indicação de que uma maior investigação será necessária.');
insert into Solicita values ( 128, timestamp '2018-07-22 07:50:45', 128, timestamp '2018-08-06 19:54:24', timestamp '2018-08-25 08:44:56');
insert into Camara values ( 129);
insert into Video values ( timestamp '2018-03-15 14:09:31', timestamp '2018-03-16 03:48:13', 129);
insert into SegmentoVideo values ( 0, '430 seconds', timestamp '2018-03-15 14:09:31', 129);
insert into SegmentoVideo values ( 1, '48692 seconds', timestamp '2018-03-15 14:09:31', 129);
insert into Local values ( 'Fátima');
insert into Vigia values ( 'Fátima', 129);
insert into ProcessoSocorro values ( 129);
insert into EventoEmergencia values ( '960488994', timestamp '2018-08-15 22:56:52', 'Cristiana Rodrigues', 'Fátima', 129);
insert into EntidadeMeio values ( 'Hospital de Caniço');
insert into Meio values ( 129, 'Psicólogo', 'Hospital de Caniço');
insert into MeioSocorro values ( 129, 'Hospital de Caniço');
insert into Transporta values ( 129, 'Hospital de Caniço', 2, 44);
insert into Acciona values ( 129, 'Hospital de Caniço', 44);
insert into Coordenador values ( 129);
insert into Camara values ( 130);
insert into Video values ( timestamp '2018-10-17 22:10:29', timestamp '2018-10-18 14:34:40', 130);
insert into SegmentoVideo values ( 0, '33544 seconds', timestamp '2018-10-17 22:10:29', 130);
insert into SegmentoVideo values ( 1, '25507 seconds', timestamp '2018-10-17 22:10:29', 130);
insert into Local values ( 'Estremoz');
insert into Vigia values ( 'Estremoz', 130);
insert into ProcessoSocorro values ( 130);
insert into EventoEmergencia values ( '963076453', timestamp '2018-10-30 16:43:34', 'Marta Rodrigues', 'Estremoz', 130);
insert into EntidadeMeio values ( 'Bombeiros Voluntários de Vendas Novas');
insert into Meio values ( 130, 'Helicoptero', 'Bombeiros Voluntários de Vendas Novas');
insert into MeioCombate values ( 130, 'Bombeiros Voluntários de Vendas Novas');
insert into Acciona values ( 130, 'Bombeiros Voluntários de Vendas Novas', 38);
insert into Coordenador values ( 130);
insert into Camara values ( 131);
insert into Video values ( timestamp '2018-11-10 07:39:04', timestamp '2018-11-10 11:16:08', 131);
insert into SegmentoVideo values ( 0, '9041 seconds', timestamp '2018-11-10 07:39:04', 131);
insert into SegmentoVideo values ( 1, '3983 seconds', timestamp '2018-11-10 07:39:04', 131);
insert into Local values ( 'Odivelas');
insert into Vigia values ( 'Odivelas', 131);
insert into ProcessoSocorro values ( 131);
insert into EventoEmergencia values ( '945575891', timestamp '2018-02-22 05:10:28', 'Pedro Nogueira', 'Odivelas', 131);
insert into EntidadeMeio values ( 'Fundação Tiago Rodrigues');
insert into Meio values ( 131, 'Mâscaras de fumo', 'Fundação Tiago Rodrigues');
insert into MeioCombate values ( 131, 'Fundação Tiago Rodrigues');
insert into Acciona values ( 131, 'Fundação Tiago Rodrigues', 46);
insert into Coordenador values ( 131);
insert into Audita values ( 131, 131, 'Fundação Tiago Rodrigues', 46, timestamp '2018-10-26 09:28:46', timestamp '2018-11-15 07:49:52', date '2018-10-26', 'Com base na minha análise, foram realizados todos os possíveis para alcançar um boa resolução por fim deixo a indicação de que uma maior investigação será necessária.');
insert into Solicita values ( 131, timestamp '2018-11-10 07:39:04', 131, timestamp '2018-11-14 23:36:20', timestamp '2018-11-15 05:22:11');
insert into Camara values ( 132);
insert into Video values ( timestamp '2018-06-04 18:22:18', timestamp '2018-06-04 20:38:35', 132);
insert into SegmentoVideo values ( 0, '2134 seconds', timestamp '2018-06-04 18:22:18', 132);
insert into SegmentoVideo values ( 1, '6043 seconds', timestamp '2018-06-04 18:22:18', 132);
insert into Local values ( 'Beja');
insert into Vigia values ( 'Beja', 132);
insert into ProcessoSocorro values ( 132);
insert into EventoEmergencia values ( '932282648', timestamp '2018-04-07 12:46:28', 'Daniel Guerreiro', 'Beja', 132);
insert into EntidadeMeio values ( 'Bombeiros Voluntários de Lixa');
insert into Meio values ( 132, 'Mâscaras de fumo', 'Bombeiros Voluntários de Lixa');
insert into MeioCombate values ( 132, 'Bombeiros Voluntários de Lixa');
insert into Acciona values ( 132, 'Bombeiros Voluntários de Lixa', 121);
insert into Coordenador values ( 132);
insert into Camara values ( 133);
insert into Video values ( timestamp '2018-09-01 17:03:52', timestamp '2018-09-02 04:32:15', 133);
insert into SegmentoVideo values ( 0, '17769 seconds', timestamp '2018-09-01 17:03:52', 133);
insert into SegmentoVideo values ( 1, '12260 seconds', timestamp '2018-09-01 17:03:52', 133);
insert into SegmentoVideo values ( 2, '2220 seconds', timestamp '2018-09-01 17:03:52', 133);
insert into SegmentoVideo values ( 3, '9054 seconds', timestamp '2018-09-01 17:03:52', 133);
insert into Local values ( 'Viana do Castelo');
insert into Vigia values ( 'Viana do Castelo', 133);
insert into ProcessoSocorro values ( 133);
insert into EventoEmergencia values ( '942607422', timestamp '2018-10-26 23:01:35', 'Miguel Guerreiro', 'Viana do Castelo', 133);
insert into EntidadeMeio values ( 'Fundação de Ermesinde');
insert into Meio values ( 133, 'Carro', 'Fundação de Ermesinde');
insert into MeioApoio values ( 133, 'Fundação de Ermesinde');
insert into Alocado values ( 133, 'Fundação de Ermesinde', 118, 57);
insert into Acciona values ( 133, 'Fundação de Ermesinde', 57);
insert into Coordenador values ( 133);
insert into Audita values ( 133, 133, 'Fundação de Ermesinde', 57, timestamp '2018-08-22 00:48:49', timestamp '2018-08-22 12:53:10', date '2018-08-22', 'Acredito que foram realizados todos os possíveis para alcançar um boa resolução assim dou por concluida esta auditoria.');
insert into Solicita values ( 133, timestamp '2018-09-01 17:03:52', 133, timestamp '2018-08-22 10:13:56', timestamp '2018-08-22 12:43:15');
insert into Camara values ( 134);
insert into Video values ( timestamp '2018-04-22 06:19:04', timestamp '2018-04-23 04:33:06', 134);
insert into SegmentoVideo values ( 0, '79247 seconds', timestamp '2018-04-22 06:19:04', 134);
insert into SegmentoVideo values ( 1, '795 seconds', timestamp '2018-04-22 06:19:04', 134);
insert into Local values ( 'Seixal');
insert into Vigia values ( 'Seixal', 134);
insert into ProcessoSocorro values ( 134);
insert into EventoEmergencia values ( '910572490', timestamp '2018-11-11 06:41:43', 'Tiago Antunes', 'Seixal', 134);
insert into EntidadeMeio values ( 'Bombeiros Voluntários de Bragança');
insert into Meio values ( 134, 'Drone', 'Bombeiros Voluntários de Bragança');
insert into MeioSocorro values ( 134, 'Bombeiros Voluntários de Bragança');
insert into Transporta values ( 134, 'Bombeiros Voluntários de Bragança', 3, 0);
insert into Acciona values ( 134, 'Bombeiros Voluntários de Bragança', 0);
insert into Coordenador values ( 134);
insert into Camara values ( 135);
insert into Video values ( timestamp '2018-05-27 10:40:39', timestamp '2018-05-28 09:01:01', 135);
insert into SegmentoVideo values ( 0, '9808 seconds', timestamp '2018-05-27 10:40:39', 135);
insert into SegmentoVideo values ( 1, '70614 seconds', timestamp '2018-05-27 10:40:39', 135);
insert into Local values ( 'Macedo de Cavaleiros');
insert into Vigia values ( 'Macedo de Cavaleiros', 135);
insert into ProcessoSocorro values ( 135);
insert into EventoEmergencia values ( '926709201', timestamp '2018-01-17 03:41:02', 'Tiago Abreu', 'Macedo de Cavaleiros', 135);
insert into EntidadeMeio values ( 'Bombeiros Municipais de Albufeira');
insert into Meio values ( 135, 'Garrafas de água', 'Bombeiros Municipais de Albufeira');
insert into MeioSocorro values ( 135, 'Bombeiros Municipais de Albufeira');
insert into Transporta values ( 135, 'Bombeiros Municipais de Albufeira', 5, 19);
insert into Acciona values ( 135, 'Bombeiros Municipais de Albufeira', 19);
insert into Coordenador values ( 135);
insert into Audita values ( 135, 135, 'Bombeiros Municipais de Albufeira', 19, timestamp '2018-11-05 07:02:12', timestamp '2018-11-13 15:09:24', date '2018-11-05', 'Tendo concluido a minha auditoria, foram cortados cantos por fim deixo a indicação de que uma maior investigação será necessária.');
insert into Solicita values ( 135, timestamp '2018-05-27 10:40:39', 135, timestamp '2018-11-05 15:30:13', timestamp '2018-11-10 10:40:17');
insert into Camara values ( 136);
insert into Video values ( timestamp '2018-05-08 04:48:18', timestamp '2018-05-08 17:55:36', 136);
insert into SegmentoVideo values ( 0, '46562 seconds', timestamp '2018-05-08 04:48:18', 136);
insert into SegmentoVideo values ( 1, '676 seconds', timestamp '2018-05-08 04:48:18', 136);
insert into Local values ( 'Ponte de Sor');
insert into Vigia values ( 'Ponte de Sor', 136);
insert into ProcessoSocorro values ( 136);
insert into EventoEmergencia values ( '964645678', timestamp '2018-02-05 09:47:08', 'Cristiana Coelho', 'Ponte de Sor', 136);
insert into EntidadeMeio values ( 'Junta de Macedo de Cavaleiros');
insert into Meio values ( 136, 'Desfibrilhador', 'Junta de Macedo de Cavaleiros');
insert into MeioSocorro values ( 136, 'Junta de Macedo de Cavaleiros');
insert into Transporta values ( 136, 'Junta de Macedo de Cavaleiros', 6, 100);
insert into Acciona values ( 136, 'Junta de Macedo de Cavaleiros', 100);
insert into Coordenador values ( 136);
insert into Camara values ( 137);
insert into Video values ( timestamp '2018-04-22 09:10:14', timestamp '2018-04-23 08:33:13', 137);
insert into SegmentoVideo values ( 0, '62154 seconds', timestamp '2018-04-22 09:10:14', 137);
insert into SegmentoVideo values ( 1, '22025 seconds', timestamp '2018-04-22 09:10:14', 137);
insert into Local values ( 'Valongo');
insert into Vigia values ( 'Valongo', 137);
insert into ProcessoSocorro values ( 137);
insert into EventoEmergencia values ( '930077881', timestamp '2018-01-20 11:22:35', 'Marta Figueiredo', 'Valongo', 137);
insert into EntidadeMeio values ( 'Esquadra Marta Antunes');
insert into Meio values ( 137, 'Ambulância', 'Esquadra Marta Antunes');
insert into MeioApoio values ( 137, 'Esquadra Marta Antunes');
insert into Alocado values ( 137, 'Esquadra Marta Antunes', 86, 7);
insert into Acciona values ( 137, 'Esquadra Marta Antunes', 7);
insert into Coordenador values ( 137);
insert into Audita values ( 137, 137, 'Esquadra Marta Antunes', 7, timestamp '2018-10-02 21:27:46', timestamp '2018-10-03 11:01:14', date '2018-10-02', 'Com base na minha análise, denota-se corrupção por parte de várias entidades ainda, termino a auditoria convicto de que não são necessários mais procedimentos.');
insert into Solicita values ( 137, timestamp '2018-04-22 09:10:14', 137, timestamp '2018-10-03 03:55:51', timestamp '2018-10-03 09:29:18');
insert into Camara values ( 138);
insert into Video values ( timestamp '2018-05-26 18:30:28', timestamp '2018-05-27 14:59:14', 138);
insert into SegmentoVideo values ( 0, '27119 seconds', timestamp '2018-05-26 18:30:28', 138);
insert into SegmentoVideo values ( 1, '46607 seconds', timestamp '2018-05-26 18:30:28', 138);
insert into Local values ( 'Vila Franca de Xira');
insert into Vigia values ( 'Vila Franca de Xira', 138);
insert into ProcessoSocorro values ( 138);
insert into EventoEmergencia values ( '945394906', timestamp '2018-07-13 05:17:40', 'Miguel Correia', 'Vila Franca de Xira', 138);
insert into EntidadeMeio values ( 'Junta de Vila Franca de Xira');
insert into Meio values ( 138, 'Médico', 'Junta de Vila Franca de Xira');
insert into MeioSocorro values ( 138, 'Junta de Vila Franca de Xira');
insert into Transporta values ( 138, 'Junta de Vila Franca de Xira', 2, 83);
insert into Acciona values ( 138, 'Junta de Vila Franca de Xira', 83);
insert into Coordenador values ( 138);
insert into Audita values ( 138, 138, 'Junta de Vila Franca de Xira', 83, timestamp '2018-11-20 19:10:18', timestamp '2018-11-22 15:20:03', date '2018-11-20', 'Com base na minha análise, denota-se corrupção por parte de várias entidades ainda, termino a auditoria convicto de que não são necessários mais procedimentos.');
insert into Solicita values ( 138, timestamp '2018-05-26 18:30:28', 138, timestamp '2018-11-21 10:03:03', timestamp '2018-11-21 21:44:25');
insert into Camara values ( 139);
insert into Video values ( timestamp '2018-11-21 15:20:18', timestamp '2018-11-22 00:25:22', 139);
insert into SegmentoVideo values ( 0, '22785 seconds', timestamp '2018-11-21 15:20:18', 139);
insert into SegmentoVideo values ( 1, '9919 seconds', timestamp '2018-11-21 15:20:18', 139);
insert into Local values ( 'Porto');
insert into Vigia values ( 'Porto', 139);
insert into ProcessoSocorro values ( 139);
insert into EventoEmergencia values ( '954807254', timestamp '2018-04-10 22:20:51', 'Inês Vitorino', 'Porto', 139);
insert into EntidadeMeio values ( 'Bombeiros Municipais Ana Vitorino');
insert into Meio values ( 139, 'Maca', 'Bombeiros Municipais Ana Vitorino');
insert into MeioApoio values ( 139, 'Bombeiros Municipais Ana Vitorino');
insert into Alocado values ( 139, 'Bombeiros Municipais Ana Vitorino', 70, 30);
insert into Acciona values ( 139, 'Bombeiros Municipais Ana Vitorino', 30);
insert into Coordenador values ( 139);
insert into Audita values ( 139, 139, 'Bombeiros Municipais Ana Vitorino', 30, timestamp '2018-07-09 12:03:18', timestamp '2018-09-14 20:56:10', date '2018-07-09', 'Com base na minha análise, foram cortados cantos ainda, termino a auditoria convicto de que não são necessários mais procedimentos.');
insert into Solicita values ( 139, timestamp '2018-11-21 15:20:18', 139, timestamp '2018-08-22 23:49:58', timestamp '2018-09-13 05:31:26');
insert into Camara values ( 140);
insert into Video values ( timestamp '2018-08-03 10:04:37', timestamp '2018-08-04 02:40:37', 140);
insert into SegmentoVideo values ( 0, '898 seconds', timestamp '2018-08-03 10:04:37', 140);
insert into SegmentoVideo values ( 1, '58862 seconds', timestamp '2018-08-03 10:04:37', 140);
insert into Local values ( 'Queluz');
insert into Vigia values ( 'Queluz', 140);
insert into ProcessoSocorro values ( 140);
insert into EventoEmergencia values ( '922054292', timestamp '2018-03-04 16:35:08', 'Ana Gômes', 'Queluz', 140);
insert into EntidadeMeio values ( 'Junta João Antunes');
insert into Meio values ( 140, 'Rações', 'Junta João Antunes');
insert into MeioCombate values ( 140, 'Junta João Antunes');
insert into Acciona values ( 140, 'Junta João Antunes', 21);
insert into Coordenador values ( 140);
insert into Audita values ( 140, 140, 'Junta João Antunes', 21, timestamp '2018-09-26 22:03:23', timestamp '2018-09-29 03:50:30', date '2018-09-26', 'Conclui que denota-se corrupção por parte de várias entidades por fim deixo a indicação de que uma maior investigação será necessária.');
insert into Solicita values ( 140, timestamp '2018-08-03 10:04:37', 140, timestamp '2018-09-27 09:47:20', timestamp '2018-09-27 16:59:29');
insert into Camara values ( 141);
insert into Video values ( timestamp '2018-05-23 19:14:52', timestamp '2018-05-24 12:02:16', 141);
insert into SegmentoVideo values ( 0, '17501 seconds', timestamp '2018-05-23 19:14:52', 141);
insert into SegmentoVideo values ( 1, '42943 seconds', timestamp '2018-05-23 19:14:52', 141);
insert into Local values ( 'Montemor-o-Novo');
insert into Vigia values ( 'Montemor-o-Novo', 141);
insert into ProcessoSocorro values ( 141);
insert into EventoEmergencia values ( '916172804', timestamp '2018-08-12 19:23:27', 'Inês Margato', 'Montemor-o-Novo', 141);
insert into EntidadeMeio values ( 'Hospital Ana Matos');
insert into Meio values ( 141, 'Camião', 'Hospital Ana Matos');
insert into MeioApoio values ( 141, 'Hospital Ana Matos');
insert into Alocado values ( 141, 'Hospital Ana Matos', 21, 25);
insert into Acciona values ( 141, 'Hospital Ana Matos', 25);
insert into Coordenador values ( 141);
insert into Camara values ( 142);
insert into Video values ( timestamp '2018-07-03 06:42:11', timestamp '2018-07-03 13:37:39', 142);
insert into SegmentoVideo values ( 0, '3890 seconds', timestamp '2018-07-03 06:42:11', 142);
insert into SegmentoVideo values ( 1, '8697 seconds', timestamp '2018-07-03 06:42:11', 142);
insert into SegmentoVideo values ( 2, '3426 seconds', timestamp '2018-07-03 06:42:11', 142);
insert into SegmentoVideo values ( 3, '8915 seconds', timestamp '2018-07-03 06:42:11', 142);
insert into Local values ( 'Albergaria-a-Velha');
insert into Vigia values ( 'Albergaria-a-Velha', 142);
insert into ProcessoSocorro values ( 142);
insert into EventoEmergencia values ( '912625014', timestamp '2018-01-14 02:03:37', 'Miguel Guerreiro', 'Albergaria-a-Velha', 142);
insert into EntidadeMeio values ( 'Fundação de Lordelo');
insert into Meio values ( 142, 'Camião', 'Fundação de Lordelo');
insert into MeioApoio values ( 142, 'Fundação de Lordelo');
insert into Alocado values ( 142, 'Fundação de Lordelo', 104, 123);
insert into Acciona values ( 142, 'Fundação de Lordelo', 123);
insert into Coordenador values ( 142);
insert into Audita values ( 142, 142, 'Fundação de Lordelo', 123, timestamp '2018-03-25 21:49:05', timestamp '2018-10-13 14:52:40', date '2018-03-25', 'Acredito que foram cortados cantos assim dou por concluida esta auditoria.');
insert into Solicita values ( 142, timestamp '2018-07-03 06:42:11', 142, timestamp '2018-04-09 20:56:29', timestamp '2018-09-09 22:22:01');
insert into Camara values ( 143);
insert into Video values ( timestamp '2018-07-21 20:29:56', timestamp '2018-07-21 22:04:23', 143);
insert into SegmentoVideo values ( 0, '1623 seconds', timestamp '2018-07-21 20:29:56', 143);
insert into SegmentoVideo values ( 1, '4044.0 seconds', timestamp '2018-07-21 20:29:56', 143);
insert into Local values ( 'Montijo');
insert into Vigia values ( 'Montijo', 143);
insert into ProcessoSocorro values ( 143);
insert into EventoEmergencia values ( '932393836', timestamp '2018-04-22 12:18:25', 'Carolina Gômes', 'Montijo', 143);
insert into EntidadeMeio values ( 'Camara de Matosinhos');
insert into Meio values ( 143, 'Helicoptero', 'Camara de Matosinhos');
insert into MeioApoio values ( 143, 'Camara de Matosinhos');
insert into Alocado values ( 143, 'Camara de Matosinhos', 11, 112);
insert into Acciona values ( 143, 'Camara de Matosinhos', 112);
insert into Coordenador values ( 143);
insert into Camara values ( 144);
insert into Video values ( timestamp '2018-06-25 18:53:40', timestamp '2018-06-25 23:43:30', 144);
insert into SegmentoVideo values ( 0, '14443 seconds', timestamp '2018-06-25 18:53:40', 144);
insert into SegmentoVideo values ( 1, '2947 seconds', timestamp '2018-06-25 18:53:40', 144);
insert into Local values ( 'Alcácer do Sal');
insert into Vigia values ( 'Alcácer do Sal', 144);
insert into ProcessoSocorro values ( 144);
insert into EventoEmergencia values ( '928614120', timestamp '2018-10-01 17:07:47', 'Manel Silva', 'Alcácer do Sal', 144);
insert into EntidadeMeio values ( 'Bombeiros Municipais de Lagoa');
insert into Meio values ( 144, 'Ambulância', 'Bombeiros Municipais de Lagoa');
insert into MeioApoio values ( 144, 'Bombeiros Municipais de Lagoa');
insert into Alocado values ( 144, 'Bombeiros Municipais de Lagoa', 76, 128);
insert into Acciona values ( 144, 'Bombeiros Municipais de Lagoa', 128);
insert into Coordenador values ( 144);
insert into Camara values ( 145);
insert into Video values ( timestamp '2018-04-27 06:44:50', timestamp '2018-04-28 05:59:59', 145);
insert into SegmentoVideo values ( 0, '36453 seconds', timestamp '2018-04-27 06:44:50', 145);
insert into SegmentoVideo values ( 1, '31143 seconds', timestamp '2018-04-27 06:44:50', 145);
insert into SegmentoVideo values ( 2, '13682 seconds', timestamp '2018-04-27 06:44:50', 145);
insert into SegmentoVideo values ( 3, '2431 seconds', timestamp '2018-04-27 06:44:50', 145);
insert into Local values ( 'Vila Real de Santo António');
insert into Vigia values ( 'Vila Real de Santo António', 145);
insert into ProcessoSocorro values ( 145);
insert into EventoEmergencia values ( '953521233', timestamp '2018-06-27 21:03:00', 'Pedro Matos', 'Vila Real de Santo António', 145);
insert into EntidadeMeio values ( 'Hospital Rita Correia');
insert into Meio values ( 145, 'Paramédico', 'Hospital Rita Correia');
insert into MeioSocorro values ( 145, 'Hospital Rita Correia');
insert into Transporta values ( 145, 'Hospital Rita Correia', 6, 31);
insert into Acciona values ( 145, 'Hospital Rita Correia', 31);
insert into Coordenador values ( 145);
insert into Audita values ( 145, 145, 'Hospital Rita Correia', 31, timestamp '2018-08-30 00:49:12', timestamp '2018-11-01 20:45:03', date '2018-08-30', 'Tendo concluido a minha auditoria, todo o processo decorreu dentro da lei assim dou por concluida esta auditoria.');
insert into Solicita values ( 145, timestamp '2018-04-27 06:44:50', 145, timestamp '2018-09-20 20:26:18', timestamp '2018-10-21 04:03:21');
insert into Camara values ( 146);
insert into Video values ( timestamp '2018-08-23 22:37:37', timestamp '2018-08-24 12:51:05', 146);
insert into SegmentoVideo values ( 0, '26830 seconds', timestamp '2018-08-23 22:37:37', 146);
insert into SegmentoVideo values ( 1, '20971 seconds', timestamp '2018-08-23 22:37:37', 146);
insert into SegmentoVideo values ( 2, '3407.0 seconds', timestamp '2018-08-23 22:37:37', 146);
insert into Local values ( 'Torres Novas');
insert into Vigia values ( 'Torres Novas', 146);
insert into ProcessoSocorro values ( 146);
insert into EventoEmergencia values ( '921791565', timestamp '2018-01-07 00:36:48', 'Francisco Valério', 'Torres Novas', 146);
insert into EntidadeMeio values ( 'Camara de Marinha Grande');
insert into Meio values ( 146, 'Helicoptero', 'Camara de Marinha Grande');
insert into MeioApoio values ( 146, 'Camara de Marinha Grande');
insert into Alocado values ( 146, 'Camara de Marinha Grande', 13, 97);
insert into Acciona values ( 146, 'Camara de Marinha Grande', 97);
insert into Coordenador values ( 146);
insert into Audita values ( 146, 146, 'Camara de Marinha Grande', 97, timestamp '2018-08-15 08:13:07', timestamp '2018-10-08 16:25:49', date '2018-08-15', 'Estou convicto que todo o processo decorreu dentro da lei ainda, termino a auditoria convicto de que não são necessários mais procedimentos.');
insert into Solicita values ( 146, timestamp '2018-08-23 22:37:37', 146, timestamp '2018-10-02 06:16:27', timestamp '2018-10-06 03:56:39');
insert into Camara values ( 147);
insert into Video values ( timestamp '2018-05-21 01:15:00', timestamp '2018-05-21 19:28:14', 147);
insert into SegmentoVideo values ( 0, '39398 seconds', timestamp '2018-05-21 01:15:00', 147);
insert into SegmentoVideo values ( 1, '18685 seconds', timestamp '2018-05-21 01:15:00', 147);
insert into SegmentoVideo values ( 2, '7511 seconds', timestamp '2018-05-21 01:15:00', 147);
insert into Local values ( 'Lagoa');
insert into Vigia values ( 'Lagoa', 147);
insert into ProcessoSocorro values ( 147);
insert into EventoEmergencia values ( '948445431', timestamp '2018-03-17 00:03:36', 'Manel Vitorino', 'Lagoa', 147);
insert into EntidadeMeio values ( 'Hospital Manel Antunes');
insert into Meio values ( 147, 'Garrafas de água', 'Hospital Manel Antunes');
insert into MeioSocorro values ( 147, 'Hospital Manel Antunes');
insert into Transporta values ( 147, 'Hospital Manel Antunes', 2, 59);
insert into Acciona values ( 147, 'Hospital Manel Antunes', 59);
insert into Coordenador values ( 147);
insert into Audita values ( 147, 147, 'Hospital Manel Antunes', 59, timestamp '2018-09-27 19:27:26', timestamp '2018-11-06 21:26:06', date '2018-09-27', 'Estou convicto que foram realizados todos os possíveis para alcançar um boa resolução por fim deixo a indicação de que uma maior investigação será necessária.');
insert into Solicita values ( 147, timestamp '2018-05-21 01:15:00', 147, timestamp '2018-10-09 22:36:31', timestamp '2018-11-01 20:47:26');
insert into Camara values ( 148);
insert into Video values ( timestamp '2018-05-19 02:30:02', timestamp '2018-05-19 15:15:59', 148);
insert into SegmentoVideo values ( 0, '8660 seconds', timestamp '2018-05-19 02:30:02', 148);
insert into SegmentoVideo values ( 1, '24489 seconds', timestamp '2018-05-19 02:30:02', 148);
insert into SegmentoVideo values ( 2, '12808 seconds', timestamp '2018-05-19 02:30:02', 148);
insert into Local values ( 'Silves');
insert into Vigia values ( 'Silves', 148);
insert into ProcessoSocorro values ( 148);
insert into EventoEmergencia values ( '922330392', timestamp '2018-01-13 19:32:55', 'Marta Valério', 'Silves', 148);
insert into EntidadeMeio values ( 'Bombeiros Voluntários Francisco Antunes');
insert into Meio values ( 148, 'Ambulância', 'Bombeiros Voluntários Francisco Antunes');
insert into MeioApoio values ( 148, 'Bombeiros Voluntários Francisco Antunes');
insert into Alocado values ( 148, 'Bombeiros Voluntários Francisco Antunes', 61, 108);
insert into Acciona values ( 148, 'Bombeiros Voluntários Francisco Antunes', 108);
insert into Coordenador values ( 148);
insert into Audita values ( 148, 148, 'Bombeiros Voluntários Francisco Antunes', 108, timestamp '2018-11-17 05:33:27', timestamp '2018-11-20 13:37:00', date '2018-11-17', 'Acredito que foram cortados cantos por fim deixo a indicação de que uma maior investigação será necessária.');
insert into Solicita values ( 148, timestamp '2018-05-19 02:30:02', 148, timestamp '2018-11-17 10:53:09', timestamp '2018-11-20 10:54:49');
insert into Camara values ( 149);
insert into Video values ( timestamp '2018-08-21 18:48:36', timestamp '2018-08-22 02:59:35', 149);
insert into SegmentoVideo values ( 0, '16616 seconds', timestamp '2018-08-21 18:48:36', 149);
insert into SegmentoVideo values ( 1, '1794 seconds', timestamp '2018-08-21 18:48:36', 149);
insert into SegmentoVideo values ( 2, '1713 seconds', timestamp '2018-08-21 18:48:36', 149);
insert into SegmentoVideo values ( 3, '5037 seconds', timestamp '2018-08-21 18:48:36', 149);
insert into SegmentoVideo values ( 4, '1320 seconds', timestamp '2018-08-21 18:48:36', 149);
insert into SegmentoVideo values ( 5, '2979 seconds', timestamp '2018-08-21 18:48:36', 149);
insert into Local values ( 'Entroncamento');
insert into Vigia values ( 'Entroncamento', 149);
insert into ProcessoSocorro values ( 149);
insert into EventoEmergencia values ( '936734766', timestamp '2018-05-25 02:01:58', 'Catarina Abreu', 'Entroncamento', 149);
insert into EntidadeMeio values ( 'Junta de Ponta Delgada');
insert into Meio values ( 149, 'Ambulância', 'Junta de Ponta Delgada');
insert into MeioApoio values ( 149, 'Junta de Ponta Delgada');
insert into Alocado values ( 149, 'Junta de Ponta Delgada', 149, 134);
insert into Acciona values ( 149, 'Junta de Ponta Delgada', 134);
insert into Coordenador values ( 149);
insert into Audita values ( 149, 149, 'Junta de Ponta Delgada', 134, timestamp '2018-11-18 15:09:29', timestamp '2018-11-23 19:38:26', date '2018-11-18', 'Conclui que foram cortados cantos ainda, termino a auditoria convicto de que não são necessários mais procedimentos.');
insert into Solicita values ( 149, timestamp '2018-08-21 18:48:36', 149, timestamp '2018-11-22 23:45:45', timestamp '2018-11-23 11:47:11');
insert into Camara values ( 150);
insert into Video values ( timestamp '2018-06-26 22:27:40', timestamp '2018-06-27 01:38:42', 150);
insert into SegmentoVideo values ( 0, '7151 seconds', timestamp '2018-06-26 22:27:40', 150);
insert into SegmentoVideo values ( 1, '4311 seconds', timestamp '2018-06-26 22:27:40', 150);
insert into Local values ( 'Alfena');
insert into Vigia values ( 'Alfena', 150);
insert into ProcessoSocorro values ( 150);
insert into EventoEmergencia values ( '918986065', timestamp '2018-11-14 21:16:47', 'Manel Martinho', 'Alfena', 150);
insert into EntidadeMeio values ( 'Quartel Manel Antunes');
insert into Meio values ( 150, 'Carro', 'Quartel Manel Antunes');
insert into MeioApoio values ( 150, 'Quartel Manel Antunes');
insert into Alocado values ( 150, 'Quartel Manel Antunes', 162, 31);
insert into Acciona values ( 150, 'Quartel Manel Antunes', 31);
insert into Coordenador values ( 150);
insert into Audita values ( 150, 150, 'Quartel Manel Antunes', 31, timestamp '2018-09-14 02:41:38', timestamp '2018-10-19 15:32:15', date '2018-09-14', 'Com base na minha análise, foram realizados todos os possíveis para alcançar um boa resolução por fim deixo a indicação de que uma maior investigação será necessária.');
insert into Solicita values ( 150, timestamp '2018-06-26 22:27:40', 150, timestamp '2018-10-03 21:07:00', timestamp '2018-10-13 06:05:21');
insert into Camara values ( 151);
insert into Video values ( timestamp '2018-09-17 14:20:51', timestamp '2018-09-18 04:03:43', 151);
insert into SegmentoVideo values ( 0, '30960 seconds', timestamp '2018-09-17 14:20:51', 151);
insert into SegmentoVideo values ( 1, '18412 seconds', timestamp '2018-09-17 14:20:51', 151);
insert into Local values ( 'Vendas Novas');
insert into Vigia values ( 'Vendas Novas', 151);
insert into ProcessoSocorro values ( 151);
insert into EventoEmergencia values ( '934017233', timestamp '2018-01-23 13:08:16', 'Miguel Guerreiro', 'Vendas Novas', 151);
insert into EntidadeMeio values ( 'Bombeiros Voluntários Miguel Nicolau');
insert into Meio values ( 151, 'Paramédico', 'Bombeiros Voluntários Miguel Nicolau');
insert into MeioSocorro values ( 151, 'Bombeiros Voluntários Miguel Nicolau');
insert into Transporta values ( 151, 'Bombeiros Voluntários Miguel Nicolau', 4, 140);
insert into Acciona values ( 151, 'Bombeiros Voluntários Miguel Nicolau', 140);
insert into Coordenador values ( 151);
insert into Audita values ( 151, 151, 'Bombeiros Voluntários Miguel Nicolau', 140, timestamp '2018-05-04 07:45:47', timestamp '2018-06-22 04:46:11', date '2018-05-04', 'Estou convicto que todo o processo decorreu dentro da lei ainda, termino a auditoria convicto de que não são necessários mais procedimentos.');
insert into Solicita values ( 151, timestamp '2018-09-17 14:20:51', 151, timestamp '2018-05-23 21:03:26', timestamp '2018-05-31 01:30:41');
insert into Camara values ( 152);
insert into Video values ( timestamp '2018-08-18 19:12:05', timestamp '2018-08-19 17:58:47', 152);
insert into SegmentoVideo values ( 0, '56269 seconds', timestamp '2018-08-18 19:12:05', 152);
insert into SegmentoVideo values ( 1, '25733 seconds', timestamp '2018-08-18 19:12:05', 152);
insert into Local values ( 'Horta');
insert into Vigia values ( 'Horta', 152);
insert into ProcessoSocorro values ( 152);
insert into EventoEmergencia values ( '958744098', timestamp '2018-11-21 00:52:12', 'Catarina Antunes', 'Horta', 152);
insert into EntidadeMeio values ( 'Junta de Marinha Grande');
insert into Meio values ( 152, 'Carro', 'Junta de Marinha Grande');
insert into MeioApoio values ( 152, 'Junta de Marinha Grande');
insert into Alocado values ( 152, 'Junta de Marinha Grande', 134, 152);
insert into Acciona values ( 152, 'Junta de Marinha Grande', 152);
insert into Coordenador values ( 152);
insert into Camara values ( 153);
insert into Video values ( timestamp '2018-08-16 06:06:51', timestamp '2018-08-16 07:19:27', 153);
insert into SegmentoVideo values ( 0, '2221 seconds', timestamp '2018-08-16 06:06:51', 153);
insert into SegmentoVideo values ( 1, '179 seconds', timestamp '2018-08-16 06:06:51', 153);
insert into SegmentoVideo values ( 2, '1956 seconds', timestamp '2018-08-16 06:06:51', 153);
insert into Local values ( 'Bragança');
insert into Vigia values ( 'Bragança', 153);
insert into ProcessoSocorro values ( 153);
insert into EventoEmergencia values ( '917317945', timestamp '2018-08-09 22:18:35', 'Catarina Correia', 'Bragança', 153);
insert into EntidadeMeio values ( 'Bombeiros Voluntários Ana Abreu');
insert into Meio values ( 153, 'Helicoptero', 'Bombeiros Voluntários Ana Abreu');
insert into MeioApoio values ( 153, 'Bombeiros Voluntários Ana Abreu');
insert into Alocado values ( 153, 'Bombeiros Voluntários Ana Abreu', 114, 18);
insert into Acciona values ( 153, 'Bombeiros Voluntários Ana Abreu', 18);
insert into Coordenador values ( 153);
insert into Audita values ( 153, 153, 'Bombeiros Voluntários Ana Abreu', 18, timestamp '2018-08-27 16:40:55', timestamp '2018-09-26 20:50:45', date '2018-08-27', 'Tendo concluido a minha auditoria, foram realizados todos os possíveis para alcançar um boa resolução por fim deixo a indicação de que uma maior investigação será necessária.');
insert into Solicita values ( 153, timestamp '2018-08-16 06:06:51', 153, timestamp '2018-08-29 20:11:54', timestamp '2018-09-17 08:22:20');
insert into Camara values ( 154);
insert into Video values ( timestamp '2018-03-14 14:47:34', timestamp '2018-03-15 00:32:04', 154);
insert into SegmentoVideo values ( 0, '16900 seconds', timestamp '2018-03-14 14:47:34', 154);
insert into SegmentoVideo values ( 1, '18170 seconds', timestamp '2018-03-14 14:47:34', 154);
insert into Local values ( 'Chaves');
insert into Vigia values ( 'Chaves', 154);
insert into ProcessoSocorro values ( 154);
insert into EventoEmergencia values ( '955535406', timestamp '2018-10-09 22:12:52', 'Cristiana Rodrigues', 'Chaves', 154);
insert into EntidadeMeio values ( 'Camara de Santiago do Cacém');
insert into Meio values ( 154, 'Bombeiros', 'Camara de Santiago do Cacém');
insert into MeioCombate values ( 154, 'Camara de Santiago do Cacém');
insert into Acciona values ( 154, 'Camara de Santiago do Cacém', 82);
insert into Coordenador values ( 154);
insert into Camara values ( 155);
insert into Video values ( timestamp '2018-04-29 11:36:57', timestamp '2018-04-29 12:19:30', 155);
insert into SegmentoVideo values ( 0, '923 seconds', timestamp '2018-04-29 11:36:57', 155);
insert into SegmentoVideo values ( 1, '107 seconds', timestamp '2018-04-29 11:36:57', 155);
insert into SegmentoVideo values ( 2, '367 seconds', timestamp '2018-04-29 11:36:57', 155);
insert into SegmentoVideo values ( 3, '1156 seconds', timestamp '2018-04-29 11:36:57', 155);
insert into Local values ( 'Valpaços');
insert into Vigia values ( 'Valpaços', 155);
insert into ProcessoSocorro values ( 155);
insert into EventoEmergencia values ( '924787696', timestamp '2018-11-08 02:10:58', 'Carolina Rodrigues', 'Valpaços', 155);
insert into EntidadeMeio values ( 'Junta de Leiria');
insert into Meio values ( 155, 'Paramédico', 'Junta de Leiria');
insert into MeioSocorro values ( 155, 'Junta de Leiria');
insert into Transporta values ( 155, 'Junta de Leiria', 5, 123);
insert into Acciona values ( 155, 'Junta de Leiria', 123);
insert into Coordenador values ( 155);
insert into Camara values ( 156);
insert into Video values ( timestamp '2018-08-08 18:34:31', timestamp '2018-08-09 14:51:04', 156);
insert into SegmentoVideo values ( 0, '66448 seconds', timestamp '2018-08-08 18:34:31', 156);
insert into SegmentoVideo values ( 1, '4908 seconds', timestamp '2018-08-08 18:34:31', 156);
insert into SegmentoVideo values ( 2, '1637 seconds', timestamp '2018-08-08 18:34:31', 156);
insert into Local values ( 'Valença');
insert into Vigia values ( 'Valença', 156);
insert into ProcessoSocorro values ( 156);
insert into EventoEmergencia values ( '945620648', timestamp '2018-07-30 10:44:58', 'Daniel Vitorino', 'Valença', 156);
insert into EntidadeMeio values ( 'Fundação Rita Coelho');
insert into Meio values ( 156, 'Carro', 'Fundação Rita Coelho');
insert into MeioApoio values ( 156, 'Fundação Rita Coelho');
insert into Alocado values ( 156, 'Fundação Rita Coelho', 104, 18);
insert into Acciona values ( 156, 'Fundação Rita Coelho', 18);
insert into Coordenador values ( 156);
insert into Audita values ( 156, 156, 'Fundação Rita Coelho', 18, timestamp '2018-11-18 15:13:05', timestamp '2018-11-19 20:25:47', date '2018-11-18', 'Tendo concluido a minha auditoria, todo o processo decorreu dentro da lei assim dou por concluida esta auditoria.');
insert into Solicita values ( 156, timestamp '2018-08-08 18:34:31', 156, timestamp '2018-11-19 10:59:31', timestamp '2018-11-19 12:31:05');
insert into Camara values ( 157);
insert into Video values ( timestamp '2018-07-17 18:13:02', timestamp '2018-07-18 17:16:59', 157);
insert into SegmentoVideo values ( 0, '60087 seconds', timestamp '2018-07-17 18:13:02', 157);
insert into SegmentoVideo values ( 1, '20167 seconds', timestamp '2018-07-17 18:13:02', 157);
insert into SegmentoVideo values ( 2, '2783.0 seconds', timestamp '2018-07-17 18:13:02', 157);
insert into Local values ( 'Marinha Grande');
insert into Vigia values ( 'Marinha Grande', 157);
insert into ProcessoSocorro values ( 157);
insert into EventoEmergencia values ( '915798505', timestamp '2018-01-06 04:58:15', 'Francisco Abreu', 'Marinha Grande', 157);
insert into EntidadeMeio values ( 'Fundação Rita Abreu');
insert into Meio values ( 157, 'Ambulância', 'Fundação Rita Abreu');
insert into MeioApoio values ( 157, 'Fundação Rita Abreu');
insert into Alocado values ( 157, 'Fundação Rita Abreu', 71, 157);
insert into Acciona values ( 157, 'Fundação Rita Abreu', 157);
insert into Coordenador values ( 157);
insert into Audita values ( 157, 157, 'Fundação Rita Abreu', 157, timestamp '2018-02-16 21:43:11', timestamp '2018-09-13 22:04:01', date '2018-02-16', 'Estou convicto que denota-se corrupção por parte de várias entidades ainda, termino a auditoria convicto de que não são necessários mais procedimentos.');
insert into Solicita values ( 157, timestamp '2018-07-17 18:13:02', 157, timestamp '2018-05-03 21:43:46', timestamp '2018-08-29 17:44:18');
insert into Camara values ( 158);
insert into Video values ( timestamp '2018-07-25 09:39:58', timestamp '2018-07-26 04:59:47', 158);
insert into SegmentoVideo values ( 0, '26922 seconds', timestamp '2018-07-25 09:39:58', 158);
insert into SegmentoVideo values ( 1, '34769 seconds', timestamp '2018-07-25 09:39:58', 158);
insert into SegmentoVideo values ( 2, '1828 seconds', timestamp '2018-07-25 09:39:58', 158);
insert into SegmentoVideo values ( 3, '6070 seconds', timestamp '2018-07-25 09:39:58', 158);
insert into Vigia values ( 'Valongo', 158);
insert into ProcessoSocorro values ( 158);
insert into EventoEmergencia values ( '934090327', timestamp '2018-02-04 07:16:50', 'Manel Rodrigues', 'Valongo', 158);
insert into EntidadeMeio values ( 'Quartel de Póvoa de Santa Iria');
insert into Meio values ( 158, 'Helicoptero', 'Quartel de Póvoa de Santa Iria');
insert into MeioApoio values ( 158, 'Quartel de Póvoa de Santa Iria');
insert into Alocado values ( 158, 'Quartel de Póvoa de Santa Iria', 45, 36);
insert into Acciona values ( 158, 'Quartel de Póvoa de Santa Iria', 36);
insert into Coordenador values ( 158);
insert into Audita values ( 158, 158, 'Quartel de Póvoa de Santa Iria', 36, timestamp '2018-10-10 18:18:13', timestamp '2018-11-14 05:51:52', date '2018-10-10', 'Tendo concluido a minha auditoria, denota-se corrupção por parte de várias entidades por fim deixo a indicação de que uma maior investigação será necessária.');
insert into Solicita values ( 158, timestamp '2018-07-25 09:39:58', 158, timestamp '2018-10-18 18:50:17', timestamp '2018-11-12 17:28:05');
insert into Camara values ( 159);
insert into Video values ( timestamp '2018-07-13 23:49:08', timestamp '2018-07-14 06:56:58', 159);
insert into SegmentoVideo values ( 0, '11149 seconds', timestamp '2018-07-13 23:49:08', 159);
insert into SegmentoVideo values ( 1, '14521 seconds', timestamp '2018-07-13 23:49:08', 159);
insert into Vigia values ( 'Vila Nova de Foz Côa', 159);
insert into ProcessoSocorro values ( 159);
insert into EventoEmergencia values ( '917230840', timestamp '2018-06-26 05:42:03', 'Cristiana Gômes', 'Vila Nova de Foz Côa', 159);
insert into EntidadeMeio values ( 'Bombeiros Voluntários de Faro');
insert into Meio values ( 159, 'Carro de Bombeiros', 'Bombeiros Voluntários de Faro');
insert into MeioCombate values ( 159, 'Bombeiros Voluntários de Faro');
insert into Acciona values ( 159, 'Bombeiros Voluntários de Faro', 37);
insert into Coordenador values ( 159);
insert into Audita values ( 159, 159, 'Bombeiros Voluntários de Faro', 37, timestamp '2018-11-07 02:35:12', timestamp '2018-11-22 23:58:27', date '2018-11-07', 'Tendo concluido a minha auditoria, todo o processo decorreu dentro da lei ainda, termino a auditoria convicto de que não são necessários mais procedimentos.');
insert into Solicita values ( 159, timestamp '2018-07-13 23:49:08', 159, timestamp '2018-11-17 06:52:12', timestamp '2018-11-20 09:19:49');
insert into Camara values ( 160);
insert into Video values ( timestamp '2018-07-10 10:24:42', timestamp '2018-07-10 19:46:23', 160);
insert into SegmentoVideo values ( 0, '2267 seconds', timestamp '2018-07-10 10:24:42', 160);
insert into SegmentoVideo values ( 1, '31434 seconds', timestamp '2018-07-10 10:24:42', 160);
insert into Vigia values ( 'Lamego', 160);
insert into ProcessoSocorro values ( 160);
insert into EventoEmergencia values ( '953981426', timestamp '2018-03-29 15:12:15', 'Joana Vitorino', 'Lamego', 160);
insert into EntidadeMeio values ( 'Hospital de Fafe');
insert into Meio values ( 160, 'Carro', 'Hospital de Fafe');
insert into MeioApoio values ( 160, 'Hospital de Fafe');
insert into Alocado values ( 160, 'Hospital de Fafe', 123, 80);
insert into Acciona values ( 160, 'Hospital de Fafe', 80);
insert into Coordenador values ( 160);
insert into Audita values ( 160, 160, 'Hospital de Fafe', 80, timestamp '2018-09-22 21:50:21', timestamp '2018-10-13 17:00:27', date '2018-09-22', 'Acredito que denota-se corrupção por parte de várias entidades por fim deixo a indicação de que uma maior investigação será necessária.');
insert into Solicita values ( 160, timestamp '2018-07-10 10:24:42', 160, timestamp '2018-10-11 12:34:58', timestamp '2018-10-13 14:51:48');
insert into Camara values ( 161);
insert into Video values ( timestamp '2018-02-26 18:20:40', timestamp '2018-02-26 21:31:21', 161);
insert into SegmentoVideo values ( 0, '4308 seconds', timestamp '2018-02-26 18:20:40', 161);
insert into SegmentoVideo values ( 1, '4865 seconds', timestamp '2018-02-26 18:20:40', 161);
insert into SegmentoVideo values ( 2, '359 seconds', timestamp '2018-02-26 18:20:40', 161);
insert into SegmentoVideo values ( 3, '210 seconds', timestamp '2018-02-26 18:20:40', 161);
insert into SegmentoVideo values ( 4, '681 seconds', timestamp '2018-02-26 18:20:40', 161);
insert into SegmentoVideo values ( 5, '1018.0 seconds', timestamp '2018-02-26 18:20:40', 161);
insert into Vigia values ( 'Águeda', 161);
insert into ProcessoSocorro values ( 161);
insert into EventoEmergencia values ( '958316631', timestamp '2018-01-01 13:41:13', 'Cristiana Vitorino', 'Águeda', 161);
insert into EntidadeMeio values ( 'Junta de Vendas Novas');
insert into Meio values ( 161, 'Maca', 'Junta de Vendas Novas');
insert into MeioApoio values ( 161, 'Junta de Vendas Novas');
insert into Alocado values ( 161, 'Junta de Vendas Novas', 64, 25);
insert into Acciona values ( 161, 'Junta de Vendas Novas', 25);
insert into Coordenador values ( 161);
insert into Audita values ( 161, 161, 'Junta de Vendas Novas', 25, timestamp '2018-10-14 21:41:19', timestamp '2018-11-05 16:17:36', date '2018-10-14', 'Conclui que denota-se corrupção por parte de várias entidades ainda, termino a auditoria convicto de que não são necessários mais procedimentos.');
insert into Solicita values ( 161, timestamp '2018-02-26 18:20:40', 161, timestamp '2018-10-29 17:20:16', timestamp '2018-11-05 14:51:06');
insert into Camara values ( 162);
insert into Video values ( timestamp '2018-09-20 10:25:02', timestamp '2018-09-20 20:21:55', 162);
insert into SegmentoVideo values ( 0, '20235 seconds', timestamp '2018-09-20 10:25:02', 162);
insert into SegmentoVideo values ( 1, '7566 seconds', timestamp '2018-09-20 10:25:02', 162);
insert into SegmentoVideo values ( 2, '8012 seconds', timestamp '2018-09-20 10:25:02', 162);
insert into Vigia values ( 'Albufeira', 162);
insert into ProcessoSocorro values ( 162);
insert into EventoEmergencia values ( '962826963', timestamp '2018-11-15 14:36:09', 'Ana Vitorino', 'Albufeira', 162);
insert into EntidadeMeio values ( 'Bombeiros Municipais de Mirandela');
insert into Meio values ( 162, 'Médico', 'Bombeiros Municipais de Mirandela');
insert into MeioSocorro values ( 162, 'Bombeiros Municipais de Mirandela');
insert into Transporta values ( 162, 'Bombeiros Municipais de Mirandela', 1, 58);
insert into Acciona values ( 162, 'Bombeiros Municipais de Mirandela', 58);
insert into Coordenador values ( 162);
insert into Camara values ( 163);
insert into Video values ( timestamp '2018-06-25 22:01:30', timestamp '2018-06-26 19:34:16', 163);
insert into SegmentoVideo values ( 0, '45027 seconds', timestamp '2018-06-25 22:01:30', 163);
insert into SegmentoVideo values ( 1, '24805 seconds', timestamp '2018-06-25 22:01:30', 163);
insert into SegmentoVideo values ( 2, '7734 seconds', timestamp '2018-06-25 22:01:30', 163);
insert into Vigia values ( 'Fiães', 163);
insert into ProcessoSocorro values ( 163);
insert into EventoEmergencia values ( '945961448', timestamp '2018-09-14 20:19:06', 'António Guerreiro', 'Fiães', 163);
insert into EntidadeMeio values ( 'Esquadra de Pombal');
insert into Meio values ( 163, 'Médico', 'Esquadra de Pombal');
insert into MeioSocorro values ( 163, 'Esquadra de Pombal');
insert into Transporta values ( 163, 'Esquadra de Pombal', 4, 108);
insert into Acciona values ( 163, 'Esquadra de Pombal', 108);
insert into Coordenador values ( 163);
insert into Audita values ( 163, 163, 'Esquadra de Pombal', 108, timestamp '2018-10-13 22:18:13', timestamp '2018-10-26 17:06:57', date '2018-10-13', 'Tendo concluido a minha auditoria, todo o processo decorreu dentro da lei ainda, termino a auditoria convicto de que não são necessários mais procedimentos.');
insert into Solicita values ( 163, timestamp '2018-06-25 22:01:30', 163, timestamp '2018-10-14 07:07:28', timestamp '2018-10-15 07:32:35');
insert into Camara values ( 164);
insert into Video values ( timestamp '2018-03-20 07:32:53', timestamp '2018-03-20 20:54:41', 164);
insert into SegmentoVideo values ( 0, '31797 seconds', timestamp '2018-03-20 07:32:53', 164);
insert into SegmentoVideo values ( 1, '12880 seconds', timestamp '2018-03-20 07:32:53', 164);
insert into SegmentoVideo values ( 2, '2323 seconds', timestamp '2018-03-20 07:32:53', 164);
insert into SegmentoVideo values ( 3, '210 seconds', timestamp '2018-03-20 07:32:53', 164);
insert into SegmentoVideo values ( 4, '265 seconds', timestamp '2018-03-20 07:32:53', 164);
insert into SegmentoVideo values ( 5, '30 seconds', timestamp '2018-03-20 07:32:53', 164);
insert into SegmentoVideo values ( 6, '603.0 seconds', timestamp '2018-03-20 07:32:53', 164);
insert into Vigia values ( 'Santa Maria da Feira', 164);
insert into ProcessoSocorro values ( 164);
insert into EventoEmergencia values ( '926174717', timestamp '2018-06-10 03:40:16', 'Marta Margato', 'Santa Maria da Feira', 164);
insert into EntidadeMeio values ( 'Quartel de Queluz');
insert into Meio values ( 164, 'Helicoptero', 'Quartel de Queluz');
insert into MeioApoio values ( 164, 'Quartel de Queluz');
insert into Alocado values ( 164, 'Quartel de Queluz', 98, 78);
insert into Acciona values ( 164, 'Quartel de Queluz', 78);
insert into Coordenador values ( 164);
insert into Audita values ( 164, 164, 'Quartel de Queluz', 78, timestamp '2018-06-19 19:38:53', timestamp '2018-11-21 01:26:16', date '2018-06-19', 'Conclui que foram realizados todos os possíveis para alcançar um boa resolução por fim deixo a indicação de que uma maior investigação será necessária.');
insert into Solicita values ( 164, timestamp '2018-03-20 07:32:53', 164, timestamp '2018-09-12 04:38:56', timestamp '2018-11-08 04:06:13');
insert into Camara values ( 165);
insert into Video values ( timestamp '2018-01-12 08:30:38', timestamp '2018-01-13 05:07:08', 165);
insert into SegmentoVideo values ( 0, '41416 seconds', timestamp '2018-01-12 08:30:38', 165);
insert into SegmentoVideo values ( 1, '3573 seconds', timestamp '2018-01-12 08:30:38', 165);
insert into SegmentoVideo values ( 2, '6206 seconds', timestamp '2018-01-12 08:30:38', 165);
insert into SegmentoVideo values ( 3, '2442 seconds', timestamp '2018-01-12 08:30:38', 165);
insert into SegmentoVideo values ( 4, '20553 seconds', timestamp '2018-01-12 08:30:38', 165);
insert into Vigia values ( 'Santiago do Cacém', 165);
insert into ProcessoSocorro values ( 165);
insert into EventoEmergencia values ( '948443677', timestamp '2018-07-31 00:33:15', 'Ana Martinho', 'Santiago do Cacém', 165);
insert into EntidadeMeio values ( 'Bombeiros Municipais Joana Vitorino');
insert into Meio values ( 165, 'Desfibrilhador', 'Bombeiros Municipais Joana Vitorino');
insert into MeioSocorro values ( 165, 'Bombeiros Municipais Joana Vitorino');
insert into Transporta values ( 165, 'Bombeiros Municipais Joana Vitorino', 6, 126);
insert into Acciona values ( 165, 'Bombeiros Municipais Joana Vitorino', 126);
insert into Coordenador values ( 165);
insert into Audita values ( 165, 165, 'Bombeiros Municipais Joana Vitorino', 126, timestamp '2018-08-22 18:55:17', timestamp '2018-09-25 06:19:05', date '2018-08-22', 'Acredito que foram realizados todos os possíveis para alcançar um boa resolução ainda, termino a auditoria convicto de que não são necessários mais procedimentos.');
insert into Solicita values ( 165, timestamp '2018-01-12 08:30:38', 165, timestamp '2018-09-12 17:59:46', timestamp '2018-09-24 04:28:41');
insert into Camara values ( 166);
insert into Video values ( timestamp '2018-11-12 19:17:34', timestamp '2018-11-13 06:21:00', 166);
insert into SegmentoVideo values ( 0, '7207 seconds', timestamp '2018-11-12 19:17:34', 166);
insert into SegmentoVideo values ( 1, '32599 seconds', timestamp '2018-11-12 19:17:34', 166);
insert into Vigia values ( 'Gandra', 166);
insert into ProcessoSocorro values ( 166);
insert into EventoEmergencia values ( '959389924', timestamp '2018-04-20 18:40:15', 'João Matos', 'Gandra', 166);
insert into EntidadeMeio values ( 'Esquadra Catarina Antunes');
insert into Meio values ( 166, 'Mâscaras de fumo', 'Esquadra Catarina Antunes');
insert into MeioCombate values ( 166, 'Esquadra Catarina Antunes');
insert into Acciona values ( 166, 'Esquadra Catarina Antunes', 72);
insert into Coordenador values ( 166);
insert into Audita values ( 166, 166, 'Esquadra Catarina Antunes', 72, timestamp '2018-08-05 00:57:44', timestamp '2018-08-30 04:52:09', date '2018-08-05', 'Conclui que denota-se corrupção por parte de várias entidades assim dou por concluida esta auditoria.');
insert into Solicita values ( 166, timestamp '2018-11-12 19:17:34', 166, timestamp '2018-08-25 11:28:31', timestamp '2018-08-29 02:10:29');
insert into Camara values ( 167);
insert into Video values ( timestamp '2018-11-07 01:46:40', timestamp '2018-11-07 22:06:06', 167);
insert into SegmentoVideo values ( 0, '13776 seconds', timestamp '2018-11-07 01:46:40', 167);
insert into SegmentoVideo values ( 1, '59390 seconds', timestamp '2018-11-07 01:46:40', 167);
insert into Vigia values ( 'Vila Nova de Foz Côa', 167);
insert into ProcessoSocorro values ( 167);
insert into EventoEmergencia values ( '949552738', timestamp '2018-04-22 03:47:27', 'João Gômes', 'Vila Nova de Foz Côa', 167);
insert into EntidadeMeio values ( 'Hospital de Ovar');
insert into Meio values ( 167, 'Desfibrilhador', 'Hospital de Ovar');
insert into MeioSocorro values ( 167, 'Hospital de Ovar');
insert into Transporta values ( 167, 'Hospital de Ovar', 3, 60);
insert into Acciona values ( 167, 'Hospital de Ovar', 60);
insert into Coordenador values ( 167);
insert into Camara values ( 168);
insert into Video values ( timestamp '2018-06-21 15:28:32', timestamp '2018-06-22 12:34:31', 168);
insert into SegmentoVideo values ( 0, '23172 seconds', timestamp '2018-06-21 15:28:32', 168);
insert into SegmentoVideo values ( 1, '14185 seconds', timestamp '2018-06-21 15:28:32', 168);
insert into SegmentoVideo values ( 2, '14371 seconds', timestamp '2018-06-21 15:28:32', 168);
insert into SegmentoVideo values ( 3, '2131 seconds', timestamp '2018-06-21 15:28:32', 168);
insert into SegmentoVideo values ( 4, '22100 seconds', timestamp '2018-06-21 15:28:32', 168);
insert into Vigia values ( 'Montijo', 168);
insert into ProcessoSocorro values ( 168);
insert into EventoEmergencia values ( '912926233', timestamp '2018-07-29 12:27:49', 'Pedro Silva', 'Montijo', 168);
insert into EntidadeMeio values ( 'Quartel Daniel Abreu');
insert into Meio values ( 168, 'Rações', 'Quartel Daniel Abreu');
insert into MeioCombate values ( 168, 'Quartel Daniel Abreu');
insert into Acciona values ( 168, 'Quartel Daniel Abreu', 25);
insert into Coordenador values ( 168);
insert into Audita values ( 168, 168, 'Quartel Daniel Abreu', 25, timestamp '2018-08-14 11:40:44', timestamp '2018-09-30 06:19:38', date '2018-08-14', 'Conclui que foram cortados cantos por fim deixo a indicação de que uma maior investigação será necessária.');
insert into Solicita values ( 168, timestamp '2018-06-21 15:28:32', 168, timestamp '2018-08-31 22:33:31', timestamp '2018-09-29 00:05:18');
insert into Camara values ( 169);
insert into Video values ( timestamp '2018-07-25 05:44:48', timestamp '2018-07-25 06:24:38', 169);
insert into SegmentoVideo values ( 0, '2390.0 seconds', timestamp '2018-07-25 05:44:48', 169);
insert into Vigia values ( 'Bragança', 169);
insert into ProcessoSocorro values ( 169);
insert into EventoEmergencia values ( '967420141', timestamp '2018-10-24 09:03:31', 'Miguel Correia', 'Bragança', 169);
insert into EntidadeMeio values ( 'Fundação de Costa da Caparica');
insert into Meio values ( 169, 'Paramédico', 'Fundação de Costa da Caparica');
insert into MeioSocorro values ( 169, 'Fundação de Costa da Caparica');
insert into Transporta values ( 169, 'Fundação de Costa da Caparica', 6, 1);
insert into Acciona values ( 169, 'Fundação de Costa da Caparica', 1);
insert into Coordenador values ( 169);
insert into Camara values ( 170);
insert into Video values ( timestamp '2018-02-16 09:50:29', timestamp '2018-02-16 10:35:59', 170);
insert into SegmentoVideo values ( 0, '1444 seconds', timestamp '2018-02-16 09:50:29', 170);
insert into SegmentoVideo values ( 1, '1286 seconds', timestamp '2018-02-16 09:50:29', 170);
insert into Vigia values ( 'Montijo', 170);
insert into ProcessoSocorro values ( 170);
insert into EventoEmergencia values ( '924910042', timestamp '2018-06-23 07:05:19', 'Ana Antunes', 'Montijo', 170);
insert into EntidadeMeio values ( 'Esquadra de Sines');
insert into Meio values ( 170, 'Maca', 'Esquadra de Sines');
insert into MeioApoio values ( 170, 'Esquadra de Sines');
insert into Alocado values ( 170, 'Esquadra de Sines', 140, 68);
insert into Acciona values ( 170, 'Esquadra de Sines', 68);
insert into Coordenador values ( 170);
insert into Camara values ( 171);
insert into Video values ( timestamp '2018-03-21 03:15:40', timestamp '2018-03-21 11:25:24', 171);
insert into SegmentoVideo values ( 0, '2604 seconds', timestamp '2018-03-21 03:15:40', 171);
insert into SegmentoVideo values ( 1, '26780 seconds', timestamp '2018-03-21 03:15:40', 171);
insert into Vigia values ( 'Vila do Conde', 171);
insert into ProcessoSocorro values ( 171);
insert into EventoEmergencia values ( '930077075', timestamp '2018-08-12 16:03:21', 'João Guerreiro', 'Vila do Conde', 171);
insert into EntidadeMeio values ( 'Camara de Lamego');
insert into Meio values ( 171, 'Camião', 'Camara de Lamego');
insert into MeioApoio values ( 171, 'Camara de Lamego');
insert into Alocado values ( 171, 'Camara de Lamego', 142, 0);
insert into Acciona values ( 171, 'Camara de Lamego', 0);
insert into Coordenador values ( 171);
insert into Camara values ( 172);
insert into Video values ( timestamp '2018-01-18 15:10:48', timestamp '2018-01-18 18:27:02', 172);
insert into SegmentoVideo values ( 0, '4740 seconds', timestamp '2018-01-18 15:10:48', 172);
insert into SegmentoVideo values ( 1, '4428 seconds', timestamp '2018-01-18 15:10:48', 172);
insert into SegmentoVideo values ( 2, '148 seconds', timestamp '2018-01-18 15:10:48', 172);
insert into SegmentoVideo values ( 3, '2458 seconds', timestamp '2018-01-18 15:10:48', 172);
insert into Vigia values ( 'Elvas', 172);
insert into ProcessoSocorro values ( 172);
insert into EventoEmergencia values ( '916935709', timestamp '2018-03-31 19:35:39', 'Joana Gômes', 'Elvas', 172);
insert into EntidadeMeio values ( 'Junta Rita Margato');
insert into Meio values ( 172, 'Bombeiros', 'Junta Rita Margato');
insert into MeioCombate values ( 172, 'Junta Rita Margato');
insert into Acciona values ( 172, 'Junta Rita Margato', 126);
insert into Coordenador values ( 172);
insert into Audita values ( 172, 172, 'Junta Rita Margato', 126, timestamp '2018-10-27 12:14:29', timestamp '2018-10-29 07:25:37', date '2018-10-27', 'Estou convicto que foram cortados cantos por fim deixo a indicação de que uma maior investigação será necessária.');
insert into Solicita values ( 172, timestamp '2018-01-18 15:10:48', 172, timestamp '2018-10-29 06:08:30', timestamp '2018-10-29 07:07:45');
insert into Camara values ( 173);
insert into Video values ( timestamp '2018-04-21 14:30:16', timestamp '2018-04-22 11:37:26', 173);
insert into SegmentoVideo values ( 0, '34895 seconds', timestamp '2018-04-21 14:30:16', 173);
insert into SegmentoVideo values ( 1, '12769 seconds', timestamp '2018-04-21 14:30:16', 173);
insert into SegmentoVideo values ( 2, '28366 seconds', timestamp '2018-04-21 14:30:16', 173);
insert into Vigia values ( 'Covilhã', 173);
insert into ProcessoSocorro values ( 173);
insert into EventoEmergencia values ( '931557679', timestamp '2018-07-08 03:34:17', 'Carolina Silva', 'Covilhã', 173);
insert into EntidadeMeio values ( 'Camara de Beja');
insert into Meio values ( 173, 'Bombeiros', 'Camara de Beja');
insert into MeioCombate values ( 173, 'Camara de Beja');
insert into Acciona values ( 173, 'Camara de Beja', 163);
insert into Coordenador values ( 173);
insert into Audita values ( 173, 173, 'Camara de Beja', 163, timestamp '2018-09-20 02:13:54', timestamp '2018-10-18 17:01:41', date '2018-09-20', 'Tendo concluido a minha auditoria, foram cortados cantos assim dou por concluida esta auditoria.');
insert into Solicita values ( 173, timestamp '2018-04-21 14:30:16', 173, timestamp '2018-10-14 21:42:52', timestamp '2018-10-17 21:30:12');
insert into Camara values ( 174);
insert into Video values ( timestamp '2018-11-23 02:04:57', timestamp '2018-11-23 11:57:04', 174);
insert into SegmentoVideo values ( 0, '17418 seconds', timestamp '2018-11-23 02:04:57', 174);
insert into SegmentoVideo values ( 1, '2650 seconds', timestamp '2018-11-23 02:04:57', 174);
insert into SegmentoVideo values ( 2, '7020 seconds', timestamp '2018-11-23 02:04:57', 174);
insert into SegmentoVideo values ( 3, '8439 seconds', timestamp '2018-11-23 02:04:57', 174);
insert into Vigia values ( 'Estarreja', 174);
insert into ProcessoSocorro values ( 174);
insert into EventoEmergencia values ( '914306114', timestamp '2018-01-05 08:58:22', 'Ana Silva', 'Estarreja', 174);
insert into EntidadeMeio values ( 'Hospital de Albufeira');
insert into Meio values ( 174, 'Carro de Bombeiros', 'Hospital de Albufeira');
insert into MeioCombate values ( 174, 'Hospital de Albufeira');
insert into Acciona values ( 174, 'Hospital de Albufeira', 7);
insert into Coordenador values ( 174);
insert into Audita values ( 174, 174, 'Hospital de Albufeira', 7, timestamp '2018-07-01 16:50:13', timestamp '2018-08-29 23:03:55', date '2018-07-01', 'Estou convicto que denota-se corrupção por parte de várias entidades por fim deixo a indicação de que uma maior investigação será necessária.');
insert into Solicita values ( 174, timestamp '2018-11-23 02:04:57', 174, timestamp '2018-07-10 13:41:48', timestamp '2018-07-11 22:40:15');
insert into Camara values ( 175);
insert into Video values ( timestamp '2018-08-20 05:51:08', timestamp '2018-08-20 19:58:04', 175);
insert into SegmentoVideo values ( 0, '38750 seconds', timestamp '2018-08-20 05:51:08', 175);
insert into SegmentoVideo values ( 1, '1315 seconds', timestamp '2018-08-20 05:51:08', 175);
insert into SegmentoVideo values ( 2, '6531 seconds', timestamp '2018-08-20 05:51:08', 175);
insert into SegmentoVideo values ( 3, '2249 seconds', timestamp '2018-08-20 05:51:08', 175);
insert into SegmentoVideo values ( 4, '407 seconds', timestamp '2018-08-20 05:51:08', 175);
insert into SegmentoVideo values ( 5, '1564.0 seconds', timestamp '2018-08-20 05:51:08', 175);
insert into Vigia values ( 'Bragança', 175);
insert into ProcessoSocorro values ( 175);
insert into EventoEmergencia values ( '941892086', timestamp '2018-05-10 09:13:12', 'Miguel Silva', 'Bragança', 175);
insert into EntidadeMeio values ( 'Camara Daniel Matos');
insert into Meio values ( 175, 'Camião', 'Camara Daniel Matos');
insert into MeioApoio values ( 175, 'Camara Daniel Matos');
insert into Alocado values ( 175, 'Camara Daniel Matos', 146, 36);
insert into Acciona values ( 175, 'Camara Daniel Matos', 36);
insert into Coordenador values ( 175);
insert into Camara values ( 176);
insert into Video values ( timestamp '2018-09-04 21:48:09', timestamp '2018-09-05 02:45:17', 176);
insert into SegmentoVideo values ( 0, '6232 seconds', timestamp '2018-09-04 21:48:09', 176);
insert into SegmentoVideo values ( 1, '11596 seconds', timestamp '2018-09-04 21:48:09', 176);
insert into Vigia values ( 'Vizela', 176);
insert into ProcessoSocorro values ( 176);
insert into EventoEmergencia values ( '934646782', timestamp '2018-08-21 09:39:43', 'Tiago Antunes', 'Vizela', 176);
insert into EntidadeMeio values ( 'Bombeiros Voluntários Inês Silva');
insert into Meio values ( 176, 'Rações', 'Bombeiros Voluntários Inês Silva');
insert into MeioCombate values ( 176, 'Bombeiros Voluntários Inês Silva');
insert into Acciona values ( 176, 'Bombeiros Voluntários Inês Silva', 133);
insert into Coordenador values ( 176);
insert into Audita values ( 176, 176, 'Bombeiros Voluntários Inês Silva', 133, timestamp '2018-11-09 17:46:47', timestamp '2018-11-24 12:43:29', date '2018-11-09', 'Tendo concluido a minha auditoria, foram cortados cantos por fim deixo a indicação de que uma maior investigação será necessária.');
insert into Solicita values ( 176, timestamp '2018-09-04 21:48:09', 176, timestamp '2018-11-20 20:50:59', timestamp '2018-11-21 11:45:52');
insert into Camara values ( 177);
insert into Video values ( timestamp '2018-01-23 13:56:16', timestamp '2018-01-24 07:06:49', 177);
insert into SegmentoVideo values ( 0, '775 seconds', timestamp '2018-01-23 13:56:16', 177);
insert into SegmentoVideo values ( 1, '61058 seconds', timestamp '2018-01-23 13:56:16', 177);
insert into Vigia values ( 'Covilhã', 177);
insert into ProcessoSocorro values ( 177);
insert into EventoEmergencia values ( '968086116', timestamp '2018-05-25 01:23:46', 'João Nicolau', 'Covilhã', 177);
insert into EntidadeMeio values ( 'Esquadra Miguel Silva');
insert into Meio values ( 177, 'Camião', 'Esquadra Miguel Silva');
insert into MeioApoio values ( 177, 'Esquadra Miguel Silva');
insert into Alocado values ( 177, 'Esquadra Miguel Silva', 6, 60);
insert into Acciona values ( 177, 'Esquadra Miguel Silva', 60);
insert into Coordenador values ( 177);
insert into Audita values ( 177, 177, 'Esquadra Miguel Silva', 60, timestamp '2018-06-30 04:57:49', timestamp '2018-09-22 09:18:29', date '2018-06-30', 'Estou convicto que foram cortados cantos assim dou por concluida esta auditoria.');
insert into Solicita values ( 177, timestamp '2018-01-23 13:56:16', 177, timestamp '2018-08-27 06:10:53', timestamp '2018-09-12 01:00:15');
insert into Camara values ( 178);
insert into Video values ( timestamp '2018-11-21 16:01:47', timestamp '2018-11-22 04:09:55', 178);
insert into SegmentoVideo values ( 0, '6140 seconds', timestamp '2018-11-21 16:01:47', 178);
insert into SegmentoVideo values ( 1, '37548 seconds', timestamp '2018-11-21 16:01:47', 178);
insert into Vigia values ( 'Borba', 178);
insert into ProcessoSocorro values ( 178);
insert into EventoEmergencia values ( '910590780', timestamp '2018-04-06 19:55:11', 'Inês Margato', 'Borba', 178);
insert into EntidadeMeio values ( 'Hospital Cristiana Guerreiro');
insert into Meio values ( 178, 'Mâscaras de fumo', 'Hospital Cristiana Guerreiro');
insert into MeioCombate values ( 178, 'Hospital Cristiana Guerreiro');
insert into Acciona values ( 178, 'Hospital Cristiana Guerreiro', 172);
insert into Coordenador values ( 178);
insert into Camara values ( 179);
insert into Video values ( timestamp '2018-07-18 08:58:00', timestamp '2018-07-18 18:45:17', 179);
insert into SegmentoVideo values ( 0, '34349 seconds', timestamp '2018-07-18 08:58:00', 179);
insert into SegmentoVideo values ( 1, '888 seconds', timestamp '2018-07-18 08:58:00', 179);
insert into Vigia values ( 'Ermesinde', 179);
insert into ProcessoSocorro values ( 179);
insert into EventoEmergencia values ( '968266594', timestamp '2018-01-22 20:54:00', 'Carolina Matos', 'Ermesinde', 179);
insert into EntidadeMeio values ( 'Hospital Ana Nicolau');
insert into Meio values ( 179, 'Carro de Bombeiros', 'Hospital Ana Nicolau');
insert into MeioCombate values ( 179, 'Hospital Ana Nicolau');
insert into Acciona values ( 179, 'Hospital Ana Nicolau', 136);
insert into Coordenador values ( 179);
insert into Camara values ( 180);
insert into Video values ( timestamp '2018-02-04 17:41:08', timestamp '2018-02-05 00:20:53', 180);
insert into SegmentoVideo values ( 0, '16056 seconds', timestamp '2018-02-04 17:41:08', 180);
insert into SegmentoVideo values ( 1, '7144 seconds', timestamp '2018-02-04 17:41:08', 180);
insert into SegmentoVideo values ( 2, '785.0 seconds', timestamp '2018-02-04 17:41:08', 180);
insert into Vigia values ( 'Vila Franca de Xira', 180);
insert into ProcessoSocorro values ( 180);
insert into EventoEmergencia values ( '913490943', timestamp '2018-11-20 07:10:02', 'João Martinho', 'Vila Franca de Xira', 180);
insert into EntidadeMeio values ( 'Hospital Francisco Rodrigues');
insert into Meio values ( 180, 'Paramédico', 'Hospital Francisco Rodrigues');
insert into MeioSocorro values ( 180, 'Hospital Francisco Rodrigues');
insert into Transporta values ( 180, 'Hospital Francisco Rodrigues', 5, 164);
insert into Acciona values ( 180, 'Hospital Francisco Rodrigues', 164);
insert into Coordenador values ( 180);
insert into Audita values ( 180, 180, 'Hospital Francisco Rodrigues', 164, timestamp '2018-08-19 00:28:01', timestamp '2018-10-22 08:22:58', date '2018-08-19', 'Acredito que todo o processo decorreu dentro da lei por fim deixo a indicação de que uma maior investigação será necessária.');
insert into Solicita values ( 180, timestamp '2018-02-04 17:41:08', 180, timestamp '2018-09-22 13:01:02', timestamp '2018-10-03 15:58:26');
insert into Camara values ( 181);
insert into Video values ( timestamp '2018-03-05 14:09:56', timestamp '2018-03-05 15:16:47', 181);
insert into SegmentoVideo values ( 0, '1206 seconds', timestamp '2018-03-05 14:09:56', 181);
insert into SegmentoVideo values ( 1, '1635 seconds', timestamp '2018-03-05 14:09:56', 181);
insert into SegmentoVideo values ( 2, '1170 seconds', timestamp '2018-03-05 14:09:56', 181);
insert into Vigia values ( 'Quarteira', 181);
insert into ProcessoSocorro values ( 181);
insert into EventoEmergencia values ( '931181514', timestamp '2018-03-23 02:26:09', 'Carolina Correia', 'Quarteira', 181);
insert into EntidadeMeio values ( 'Quartel de Vila Franca de Xira');
insert into Meio values ( 181, 'Helicoptero', 'Quartel de Vila Franca de Xira');
insert into MeioApoio values ( 181, 'Quartel de Vila Franca de Xira');
insert into Alocado values ( 181, 'Quartel de Vila Franca de Xira', 95, 39);
insert into Acciona values ( 181, 'Quartel de Vila Franca de Xira', 39);
insert into Coordenador values ( 181);
insert into Camara values ( 182);
insert into Video values ( timestamp '2018-06-14 01:04:54', timestamp '2018-06-14 13:11:12', 182);
insert into SegmentoVideo values ( 0, '31022 seconds', timestamp '2018-06-14 01:04:54', 182);
insert into SegmentoVideo values ( 1, '10307 seconds', timestamp '2018-06-14 01:04:54', 182);
insert into SegmentoVideo values ( 2, '1073 seconds', timestamp '2018-06-14 01:04:54', 182);
insert into SegmentoVideo values ( 3, '1176 seconds', timestamp '2018-06-14 01:04:54', 182);
insert into Vigia values ( 'Oliveira de Azeméis', 182);
insert into ProcessoSocorro values ( 182);
insert into EventoEmergencia values ( '921914192', timestamp '2018-01-04 05:45:35', 'Tiago Rodrigues', 'Oliveira de Azeméis', 182);
insert into EntidadeMeio values ( 'Junta Pedro Martinho');
insert into Meio values ( 182, 'Esquadrão', 'Junta Pedro Martinho');
insert into MeioCombate values ( 182, 'Junta Pedro Martinho');
insert into Acciona values ( 182, 'Junta Pedro Martinho', 87);
insert into Coordenador values ( 182);
insert into Camara values ( 183);
insert into Video values ( timestamp '2018-10-23 06:58:26', timestamp '2018-10-23 09:40:16', 183);
insert into SegmentoVideo values ( 0, '5289 seconds', timestamp '2018-10-23 06:58:26', 183);
insert into SegmentoVideo values ( 1, '113 seconds', timestamp '2018-10-23 06:58:26', 183);
insert into SegmentoVideo values ( 2, '321 seconds', timestamp '2018-10-23 06:58:26', 183);
insert into SegmentoVideo values ( 3, '127 seconds', timestamp '2018-10-23 06:58:26', 183);
insert into SegmentoVideo values ( 4, '3860 seconds', timestamp '2018-10-23 06:58:26', 183);
insert into Vigia values ( 'Mealhada', 183);
insert into ProcessoSocorro values ( 183);
insert into EventoEmergencia values ( '940428873', timestamp '2018-06-20 17:57:55', 'Tiago Figueiredo', 'Mealhada', 183);
insert into EntidadeMeio values ( 'Bombeiros Municipais de Braga');
insert into Meio values ( 183, 'Helicoptero', 'Bombeiros Municipais de Braga');
insert into MeioCombate values ( 183, 'Bombeiros Municipais de Braga');
insert into Acciona values ( 183, 'Bombeiros Municipais de Braga', 160);
insert into Coordenador values ( 183);
insert into Audita values ( 183, 183, 'Bombeiros Municipais de Braga', 160, timestamp '2018-05-11 07:43:40', timestamp '2018-10-11 23:39:45', date '2018-05-11', 'Com base na minha análise, denota-se corrupção por parte de várias entidades assim dou por concluida esta auditoria.');
insert into Solicita values ( 183, timestamp '2018-10-23 06:58:26', 183, timestamp '2018-09-24 06:57:40', timestamp '2018-10-11 21:53:03');
insert into Camara values ( 184);
insert into Video values ( timestamp '2018-06-05 18:00:40', timestamp '2018-06-05 19:13:18', 184);
insert into SegmentoVideo values ( 0, '4358.0 seconds', timestamp '2018-06-05 18:00:40', 184);
insert into Vigia values ( 'Senhora da Hora', 184);
insert into ProcessoSocorro values ( 184);
insert into EventoEmergencia values ( '962396218', timestamp '2018-02-07 00:28:26', 'Pedro Nicolau', 'Senhora da Hora', 184);
insert into EntidadeMeio values ( 'Esquadra Rita Abreu');
insert into Meio values ( 184, 'Helicoptero', 'Esquadra Rita Abreu');
insert into MeioCombate values ( 184, 'Esquadra Rita Abreu');
insert into Acciona values ( 184, 'Esquadra Rita Abreu', 147);
insert into Coordenador values ( 184);
insert into Camara values ( 185);
insert into Video values ( timestamp '2018-11-07 03:55:45', timestamp '2018-11-07 07:31:36', 185);
insert into SegmentoVideo values ( 0, '9940 seconds', timestamp '2018-11-07 03:55:45', 185);
insert into SegmentoVideo values ( 1, '3011 seconds', timestamp '2018-11-07 03:55:45', 185);
insert into Vigia values ( 'Pombal', 185);
insert into ProcessoSocorro values ( 185);
insert into EventoEmergencia values ( '942349442', timestamp '2018-05-21 14:47:51', 'Carolina Nicolau', 'Pombal', 185);
insert into EntidadeMeio values ( 'Bombeiros Municipais António Gômes');
insert into Meio values ( 185, 'Desfibrilhador', 'Bombeiros Municipais António Gômes');
insert into MeioSocorro values ( 185, 'Bombeiros Municipais António Gômes');
insert into Transporta values ( 185, 'Bombeiros Municipais António Gômes', 2, 47);
insert into Acciona values ( 185, 'Bombeiros Municipais António Gômes', 47);
insert into Coordenador values ( 185);
insert into Audita values ( 185, 185, 'Bombeiros Municipais António Gômes', 47, timestamp '2018-09-12 19:24:24', timestamp '2018-09-15 13:41:42', date '2018-09-12', 'Com base na minha análise, foram cortados cantos assim dou por concluida esta auditoria.');
insert into Solicita values ( 185, timestamp '2018-11-07 03:55:45', 185, timestamp '2018-09-14 02:24:23', timestamp '2018-09-14 20:50:25');
insert into Camara values ( 186);
insert into Video values ( timestamp '2018-04-11 06:54:21', timestamp '2018-04-11 09:29:45', 186);
insert into SegmentoVideo values ( 0, '4164 seconds', timestamp '2018-04-11 06:54:21', 186);
insert into SegmentoVideo values ( 1, '5160 seconds', timestamp '2018-04-11 06:54:21', 186);
insert into Vigia values ( 'Porto', 186);
insert into ProcessoSocorro values ( 186);
insert into EventoEmergencia values ( '965950524', timestamp '2018-10-03 06:15:49', 'António Nicolau', 'Porto', 186);
insert into EntidadeMeio values ( 'Esquadra de Lamego');
insert into Meio values ( 186, 'Drone', 'Esquadra de Lamego');
insert into MeioSocorro values ( 186, 'Esquadra de Lamego');
insert into Transporta values ( 186, 'Esquadra de Lamego', 2, 114);
insert into Acciona values ( 186, 'Esquadra de Lamego', 114);
insert into Coordenador values ( 186);
insert into Camara values ( 187);
insert into Video values ( timestamp '2018-02-17 04:18:02', timestamp '2018-02-17 19:03:32', 187);
insert into SegmentoVideo values ( 0, '28527 seconds', timestamp '2018-02-17 04:18:02', 187);
insert into SegmentoVideo values ( 1, '22979 seconds', timestamp '2018-02-17 04:18:02', 187);
insert into SegmentoVideo values ( 2, '1624 seconds', timestamp '2018-02-17 04:18:02', 187);
insert into Vigia values ( 'Lagos', 187);
insert into ProcessoSocorro values ( 187);
insert into EventoEmergencia values ( '934920190', timestamp '2018-08-26 14:38:01', 'Marta Correia', 'Lagos', 187);
insert into EntidadeMeio values ( 'Fundação de Figueira da Foz');
insert into Meio values ( 187, 'Carro', 'Fundação de Figueira da Foz');
insert into MeioApoio values ( 187, 'Fundação de Figueira da Foz');
insert into Alocado values ( 187, 'Fundação de Figueira da Foz', 12, 182);
insert into Acciona values ( 187, 'Fundação de Figueira da Foz', 182);
insert into Coordenador values ( 187);
insert into Audita values ( 187, 187, 'Fundação de Figueira da Foz', 182, timestamp '2018-04-21 00:51:47', timestamp '2018-11-16 12:38:40', date '2018-04-21', 'Com base na minha análise, denota-se corrupção por parte de várias entidades por fim deixo a indicação de que uma maior investigação será necessária.');
insert into Solicita values ( 187, timestamp '2018-02-17 04:18:02', 187, timestamp '2018-09-26 20:57:20', timestamp '2018-11-04 07:40:36');
insert into Camara values ( 188);
insert into Video values ( timestamp '2018-03-13 08:44:37', timestamp '2018-03-14 02:18:49', 188);
insert into SegmentoVideo values ( 0, '53973 seconds', timestamp '2018-03-13 08:44:37', 188);
insert into SegmentoVideo values ( 1, '9279 seconds', timestamp '2018-03-13 08:44:37', 188);
insert into Vigia values ( 'Caldas da Rainha', 188);
insert into ProcessoSocorro values ( 188);
insert into EventoEmergencia values ( '912458735', timestamp '2018-04-30 17:51:28', 'Ana Valério', 'Caldas da Rainha', 188);
insert into EntidadeMeio values ( 'Fundação Marta Nogueira');
insert into Meio values ( 188, 'Esquadrão', 'Fundação Marta Nogueira');
insert into MeioCombate values ( 188, 'Fundação Marta Nogueira');
insert into Acciona values ( 188, 'Fundação Marta Nogueira', 35);
insert into Coordenador values ( 188);
insert into Audita values ( 188, 188, 'Fundação Marta Nogueira', 35, timestamp '2018-11-23 18:11:24', timestamp '2018-11-23 23:50:52', date '2018-11-23', 'Acredito que todo o processo decorreu dentro da lei por fim deixo a indicação de que uma maior investigação será necessária.');
insert into Solicita values ( 188, timestamp '2018-03-13 08:44:37', 188, timestamp '2018-11-23 18:14:09', timestamp '2018-11-23 21:24:22');
insert into Camara values ( 189);
insert into Video values ( timestamp '2018-04-10 20:32:33', timestamp '2018-04-10 22:04:42', 189);
insert into SegmentoVideo values ( 0, '4127 seconds', timestamp '2018-04-10 20:32:33', 189);
insert into SegmentoVideo values ( 1, '539 seconds', timestamp '2018-04-10 20:32:33', 189);
insert into SegmentoVideo values ( 2, '863 seconds', timestamp '2018-04-10 20:32:33', 189);
insert into Vigia values ( 'Valbom', 189);
insert into ProcessoSocorro values ( 189);
insert into EventoEmergencia values ( '952559845', timestamp '2018-10-07 23:38:23', 'Cristiana Margato', 'Valbom', 189);
insert into EntidadeMeio values ( 'Bombeiros Municipais Ana Matos');
insert into Meio values ( 189, 'Mangueira', 'Bombeiros Municipais Ana Matos');
insert into MeioCombate values ( 189, 'Bombeiros Municipais Ana Matos');
insert into Acciona values ( 189, 'Bombeiros Municipais Ana Matos', 158);
insert into Coordenador values ( 189);
insert into Camara values ( 190);
insert into Video values ( timestamp '2018-07-15 06:12:14', timestamp '2018-07-16 00:19:10', 190);
insert into SegmentoVideo values ( 0, '37251 seconds', timestamp '2018-07-15 06:12:14', 190);
insert into SegmentoVideo values ( 1, '5431 seconds', timestamp '2018-07-15 06:12:14', 190);
insert into SegmentoVideo values ( 2, '6714 seconds', timestamp '2018-07-15 06:12:14', 190);
insert into SegmentoVideo values ( 3, '15820 seconds', timestamp '2018-07-15 06:12:14', 190);
insert into Vigia values ( 'Anadia', 190);
insert into ProcessoSocorro values ( 190);
insert into EventoEmergencia values ( '947289957', timestamp '2018-05-05 09:29:18', 'Carolina Coelho', 'Anadia', 190);
insert into EntidadeMeio values ( 'Bombeiros Municipais de Tondela');
insert into Meio values ( 190, 'Garrafas de água', 'Bombeiros Municipais de Tondela');
insert into MeioSocorro values ( 190, 'Bombeiros Municipais de Tondela');
insert into Transporta values ( 190, 'Bombeiros Municipais de Tondela', 1, 85);
insert into Acciona values ( 190, 'Bombeiros Municipais de Tondela', 85);
insert into Coordenador values ( 190);
insert into Audita values ( 190, 190, 'Bombeiros Municipais de Tondela', 85, timestamp '2018-07-20 01:20:01', timestamp '2018-11-09 23:15:07', date '2018-07-20', 'Estou convicto que foram realizados todos os possíveis para alcançar um boa resolução assim dou por concluida esta auditoria.');
insert into Solicita values ( 190, timestamp '2018-07-15 06:12:14', 190, timestamp '2018-10-03 09:36:33', timestamp '2018-10-27 20:57:26');
insert into Camara values ( 191);
insert into Video values ( timestamp '2018-05-21 23:56:55', timestamp '2018-05-22 01:27:30', 191);
insert into SegmentoVideo values ( 0, '1883 seconds', timestamp '2018-05-21 23:56:55', 191);
insert into SegmentoVideo values ( 1, '3552.0 seconds', timestamp '2018-05-21 23:56:55', 191);
insert into Vigia values ( 'Mêda', 191);
insert into ProcessoSocorro values ( 191);
insert into EventoEmergencia values ( '921560069', timestamp '2018-02-21 15:43:43', 'Marta Vitorino', 'Mêda', 191);
insert into EntidadeMeio values ( 'Bombeiros Municipais de Borba');
insert into Meio values ( 191, 'Psicólogo', 'Bombeiros Municipais de Borba');
insert into MeioSocorro values ( 191, 'Bombeiros Municipais de Borba');
insert into Transporta values ( 191, 'Bombeiros Municipais de Borba', 1, 189);
insert into Acciona values ( 191, 'Bombeiros Municipais de Borba', 189);
insert into Coordenador values ( 191);
insert into Camara values ( 192);
insert into Video values ( timestamp '2018-05-07 04:30:02', timestamp '2018-05-07 13:42:08', 192);
insert into SegmentoVideo values ( 0, '3182 seconds', timestamp '2018-05-07 04:30:02', 192);
insert into SegmentoVideo values ( 1, '11935 seconds', timestamp '2018-05-07 04:30:02', 192);
insert into SegmentoVideo values ( 2, '18009 seconds', timestamp '2018-05-07 04:30:02', 192);
insert into Vigia values ( 'Oliveira do Hospital', 192);
insert into ProcessoSocorro values ( 192);
insert into EventoEmergencia values ( '913432299', timestamp '2018-06-08 11:02:37', 'António Abreu', 'Oliveira do Hospital', 192);
insert into EntidadeMeio values ( 'Junta Pedro Abreu');
insert into Meio values ( 192, 'Rações', 'Junta Pedro Abreu');
insert into MeioCombate values ( 192, 'Junta Pedro Abreu');
insert into Acciona values ( 192, 'Junta Pedro Abreu', 66);
insert into Coordenador values ( 192);
insert into Audita values ( 192, 192, 'Junta Pedro Abreu', 66, timestamp '2018-07-30 18:25:32', timestamp '2018-11-21 21:48:48', date '2018-07-30', 'Estou convicto que foram cortados cantos por fim deixo a indicação de que uma maior investigação será necessária.');
insert into Solicita values ( 192, timestamp '2018-05-07 04:30:02', 192, timestamp '2018-08-25 16:38:25', timestamp '2018-10-01 16:13:53');
insert into Camara values ( 193);
insert into Video values ( timestamp '2018-11-04 15:56:31', timestamp '2018-11-05 13:21:15', 193);
insert into SegmentoVideo values ( 0, '35789 seconds', timestamp '2018-11-04 15:56:31', 193);
insert into SegmentoVideo values ( 1, '21214 seconds', timestamp '2018-11-04 15:56:31', 193);
insert into SegmentoVideo values ( 2, '15129 seconds', timestamp '2018-11-04 15:56:31', 193);
insert into SegmentoVideo values ( 3, '4952 seconds', timestamp '2018-11-04 15:56:31', 193);
insert into Vigia values ( 'Lagoa', 193);
insert into ProcessoSocorro values ( 193);
insert into EventoEmergencia values ( '948929966', timestamp '2018-10-22 00:40:04', 'João Valério', 'Lagoa', 193);
insert into EntidadeMeio values ( 'Bombeiros Municipais Joana Guerreiro');
insert into Meio values ( 193, 'Carro', 'Bombeiros Municipais Joana Guerreiro');
insert into MeioApoio values ( 193, 'Bombeiros Municipais Joana Guerreiro');
insert into Alocado values ( 193, 'Bombeiros Municipais Joana Guerreiro', 55, 9);
insert into Acciona values ( 193, 'Bombeiros Municipais Joana Guerreiro', 9);
insert into Coordenador values ( 193);
insert into Audita values ( 193, 193, 'Bombeiros Municipais Joana Guerreiro', 9, timestamp '2018-05-01 17:46:24', timestamp '2018-08-03 00:22:34', date '2018-05-01', 'Estou convicto que foram realizados todos os possíveis para alcançar um boa resolução assim dou por concluida esta auditoria.');
insert into Solicita values ( 193, timestamp '2018-11-04 15:56:31', 193, timestamp '2018-05-30 15:04:14', timestamp '2018-07-28 09:21:14');
insert into Camara values ( 194);
insert into Video values ( timestamp '2018-09-05 01:28:01', timestamp '2018-09-05 02:56:19', 194);
insert into SegmentoVideo values ( 0, '477 seconds', timestamp '2018-09-05 01:28:01', 194);
insert into SegmentoVideo values ( 1, '4821 seconds', timestamp '2018-09-05 01:28:01', 194);
insert into Vigia values ( 'Santarém', 194);
insert into ProcessoSocorro values ( 194);
insert into EventoEmergencia values ( '969011158', timestamp '2018-01-15 07:04:11', 'Carolina Valério', 'Santarém', 194);
insert into EntidadeMeio values ( 'Esquadra de Reguengos de Monsaraz');
insert into Meio values ( 194, 'Maca', 'Esquadra de Reguengos de Monsaraz');
insert into MeioApoio values ( 194, 'Esquadra de Reguengos de Monsaraz');
insert into Alocado values ( 194, 'Esquadra de Reguengos de Monsaraz', 102, 48);
insert into Acciona values ( 194, 'Esquadra de Reguengos de Monsaraz', 48);
insert into Coordenador values ( 194);
insert into Audita values ( 194, 194, 'Esquadra de Reguengos de Monsaraz', 48, timestamp '2018-10-08 04:54:25', timestamp '2018-10-12 19:47:25', date '2018-10-08', 'Acredito que foram cortados cantos por fim deixo a indicação de que uma maior investigação será necessária.');
insert into Solicita values ( 194, timestamp '2018-09-05 01:28:01', 194, timestamp '2018-10-12 06:13:10', timestamp '2018-10-12 11:10:55');
insert into Camara values ( 195);
insert into Video values ( timestamp '2018-06-20 09:02:31', timestamp '2018-06-21 06:54:32', 195);
insert into SegmentoVideo values ( 0, '24203 seconds', timestamp '2018-06-20 09:02:31', 195);
insert into SegmentoVideo values ( 1, '54518 seconds', timestamp '2018-06-20 09:02:31', 195);
insert into Vigia values ( 'Vizela', 195);
insert into ProcessoSocorro values ( 195);
insert into EventoEmergencia values ( '939049069', timestamp '2018-09-04 01:54:10', 'Miguel Silva', 'Vizela', 195);
insert into EntidadeMeio values ( 'Bombeiros Municipais de Figueira da Foz');
insert into Meio values ( 195, 'Carro', 'Bombeiros Municipais de Figueira da Foz');
insert into MeioApoio values ( 195, 'Bombeiros Municipais de Figueira da Foz');
insert into Alocado values ( 195, 'Bombeiros Municipais de Figueira da Foz', 112, 111);
insert into Acciona values ( 195, 'Bombeiros Municipais de Figueira da Foz', 111);
insert into Coordenador values ( 195);
insert into Audita values ( 195, 195, 'Bombeiros Municipais de Figueira da Foz', 111, timestamp '2018-09-14 14:10:14', timestamp '2018-11-11 16:27:34', date '2018-09-14', 'Conclui que denota-se corrupção por parte de várias entidades ainda, termino a auditoria convicto de que não são necessários mais procedimentos.');
insert into Solicita values ( 195, timestamp '2018-06-20 09:02:31', 195, timestamp '2018-10-04 13:00:22', timestamp '2018-10-25 02:16:10');
insert into Camara values ( 196);
insert into Video values ( timestamp '2018-05-13 15:57:40', timestamp '2018-05-14 07:28:33', 196);
insert into SegmentoVideo values ( 0, '37217 seconds', timestamp '2018-05-13 15:57:40', 196);
insert into SegmentoVideo values ( 1, '7542 seconds', timestamp '2018-05-13 15:57:40', 196);
insert into SegmentoVideo values ( 2, '11094 seconds', timestamp '2018-05-13 15:57:40', 196);
insert into Vigia values ( 'Paredes', 196);
insert into ProcessoSocorro values ( 196);
insert into EventoEmergencia values ( '939341076', timestamp '2018-01-11 16:10:18', 'Pedro Correia', 'Paredes', 196);
insert into EntidadeMeio values ( 'Camara de Ílhavo');
insert into Meio values ( 196, 'Garrafas de água', 'Camara de Ílhavo');
insert into MeioSocorro values ( 196, 'Camara de Ílhavo');
insert into Transporta values ( 196, 'Camara de Ílhavo', 5, 167);
insert into Acciona values ( 196, 'Camara de Ílhavo', 167);
insert into Coordenador values ( 196);
insert into Audita values ( 196, 196, 'Camara de Ílhavo', 167, timestamp '2018-11-04 15:00:40', timestamp '2018-11-22 11:00:40', date '2018-11-04', 'Estou convicto que foram realizados todos os possíveis para alcançar um boa resolução assim dou por concluida esta auditoria.');
insert into Solicita values ( 196, timestamp '2018-05-13 15:57:40', 196, timestamp '2018-11-10 10:22:20', timestamp '2018-11-21 22:10:08');
insert into Camara values ( 197);
insert into Video values ( timestamp '2018-10-05 13:52:23', timestamp '2018-10-06 04:26:00', 197);
insert into SegmentoVideo values ( 0, '47608 seconds', timestamp '2018-10-05 13:52:23', 197);
insert into SegmentoVideo values ( 1, '4809 seconds', timestamp '2018-10-05 13:52:23', 197);
insert into Vigia values ( 'Valpaços', 197);
insert into ProcessoSocorro values ( 197);
insert into EventoEmergencia values ( '957197765', timestamp '2018-04-22 14:00:50', 'Daniel Margato', 'Valpaços', 197);
insert into EntidadeMeio values ( 'Fundação de Tarouca');
insert into Meio values ( 197, 'Rações', 'Fundação de Tarouca');
insert into MeioCombate values ( 197, 'Fundação de Tarouca');
insert into Acciona values ( 197, 'Fundação de Tarouca', 139);
insert into Coordenador values ( 197);
insert into Camara values ( 198);
insert into Video values ( timestamp '2018-07-25 14:24:44', timestamp '2018-07-25 20:59:11', 198);
insert into SegmentoVideo values ( 0, '6006 seconds', timestamp '2018-07-25 14:24:44', 198);
insert into SegmentoVideo values ( 1, '17661 seconds', timestamp '2018-07-25 14:24:44', 198);
insert into Vigia values ( 'São Pedro do Sul', 198);
insert into ProcessoSocorro values ( 198);
insert into EventoEmergencia values ( '964683604', timestamp '2018-02-15 22:50:27', 'Cristiana Abreu', 'São Pedro do Sul', 198);
insert into EntidadeMeio values ( 'Quartel Catarina Nogueira');
insert into Meio values ( 198, 'Bombeiros', 'Quartel Catarina Nogueira');
insert into MeioCombate values ( 198, 'Quartel Catarina Nogueira');
insert into Acciona values ( 198, 'Quartel Catarina Nogueira', 32);
insert into Coordenador values ( 198);
insert into Audita values ( 198, 198, 'Quartel Catarina Nogueira', 32, timestamp '2018-08-15 15:17:55', timestamp '2018-09-18 02:17:51', date '2018-08-15', 'Tendo concluido a minha auditoria, foram cortados cantos por fim deixo a indicação de que uma maior investigação será necessária.');
insert into Solicita values ( 198, timestamp '2018-07-25 14:24:44', 198, timestamp '2018-09-08 12:39:44', timestamp '2018-09-09 13:37:01');
insert into Camara values ( 199);
insert into Video values ( timestamp '2018-10-25 10:19:07', timestamp '2018-10-25 14:49:41', 199);
insert into SegmentoVideo values ( 0, '4125 seconds', timestamp '2018-10-25 10:19:07', 199);
insert into SegmentoVideo values ( 1, '12109 seconds', timestamp '2018-10-25 10:19:07', 199);
insert into Vigia values ( 'Rio Tinto', 199);
insert into ProcessoSocorro values ( 199);
insert into EventoEmergencia values ( '954233756', timestamp '2018-08-24 23:24:06', 'Marta Gômes', 'Rio Tinto', 199);
insert into EntidadeMeio values ( 'Junta Rita Valério');
insert into Meio values ( 199, 'Kit de primeiros socorros', 'Junta Rita Valério');
insert into MeioSocorro values ( 199, 'Junta Rita Valério');
insert into Transporta values ( 199, 'Junta Rita Valério', 1, 193);
insert into Acciona values ( 199, 'Junta Rita Valério', 193);
insert into Coordenador values ( 199);
insert into Audita values ( 199, 199, 'Junta Rita Valério', 193, timestamp '2018-11-13 09:45:06', timestamp '2018-11-15 20:27:16', date '2018-11-13', 'Com base na minha análise, todo o processo decorreu dentro da lei assim dou por concluida esta auditoria.');
insert into Solicita values ( 199, timestamp '2018-10-25 10:19:07', 199, timestamp '2018-11-14 16:28:06', timestamp '2018-11-15 09:10:20');
insert into Camara values ( 200);
insert into Video values ( timestamp '2018-02-01 12:54:00', timestamp '2018-02-02 00:44:31', 200);
insert into SegmentoVideo values ( 0, '20626 seconds', timestamp '2018-02-01 12:54:00', 200);
insert into SegmentoVideo values ( 1, '1591 seconds', timestamp '2018-02-01 12:54:00', 200);
insert into SegmentoVideo values ( 2, '20414.0 seconds', timestamp '2018-02-01 12:54:00', 200);
insert into Vigia values ( 'Almada', 200);
insert into ProcessoSocorro values ( 200);
insert into EventoEmergencia values ( '919661995', timestamp '2018-11-23 17:51:57', 'António Matos', 'Almada', 200);
insert into EntidadeMeio values ( 'Esquadra de Covilhã');
insert into Meio values ( 200, 'Carro de Bombeiros', 'Esquadra de Covilhã');
insert into MeioCombate values ( 200, 'Esquadra de Covilhã');
insert into Acciona values ( 200, 'Esquadra de Covilhã', 60);
insert into Coordenador values ( 200);
insert into Camara values ( 201);
insert into Video values ( timestamp '2018-10-08 22:02:05', timestamp '2018-10-09 09:49:42', 201);
insert into SegmentoVideo values ( 0, '29492 seconds', timestamp '2018-10-08 22:02:05', 201);
insert into SegmentoVideo values ( 1, '6007 seconds', timestamp '2018-10-08 22:02:05', 201);
insert into SegmentoVideo values ( 2, '23 seconds', timestamp '2018-10-08 22:02:05', 201);
insert into SegmentoVideo values ( 3, '2887 seconds', timestamp '2018-10-08 22:02:05', 201);
insert into SegmentoVideo values ( 4, '4048 seconds', timestamp '2018-10-08 22:02:05', 201);
insert into Vigia values ( 'Albufeira', 201);
insert into ProcessoSocorro values ( 201);
insert into EventoEmergencia values ( '918212671', timestamp '2018-01-10 14:00:32', 'João Gômes', 'Albufeira', 201);
insert into EntidadeMeio values ( 'Junta de Viana do Castelo');
insert into Meio values ( 201, 'Camião', 'Junta de Viana do Castelo');
insert into MeioApoio values ( 201, 'Junta de Viana do Castelo');
insert into Alocado values ( 201, 'Junta de Viana do Castelo', 47, 14);
insert into Acciona values ( 201, 'Junta de Viana do Castelo', 14);
insert into Coordenador values ( 201);
insert into Camara values ( 202);
insert into Video values ( timestamp '2018-09-15 00:47:30', timestamp '2018-09-15 07:20:16', 202);
insert into SegmentoVideo values ( 0, '14616 seconds', timestamp '2018-09-15 00:47:30', 202);
insert into SegmentoVideo values ( 1, '8950 seconds', timestamp '2018-09-15 00:47:30', 202);
insert into Vigia values ( 'Lagos', 202);
insert into ProcessoSocorro values ( 202);
insert into EventoEmergencia values ( '917912638', timestamp '2018-08-09 03:59:07', 'Francisco Guerreiro', 'Lagos', 202);
insert into EntidadeMeio values ( 'Fundação António Figueiredo');
insert into Meio values ( 202, 'Carro', 'Fundação António Figueiredo');
insert into MeioApoio values ( 202, 'Fundação António Figueiredo');
insert into Alocado values ( 202, 'Fundação António Figueiredo', 77, 104);
insert into Acciona values ( 202, 'Fundação António Figueiredo', 104);
insert into Coordenador values ( 202);
insert into Camara values ( 203);
insert into Video values ( timestamp '2018-09-01 09:07:15', timestamp '2018-09-01 09:31:50', 203);
insert into SegmentoVideo values ( 0, '795 seconds', timestamp '2018-09-01 09:07:15', 203);
insert into SegmentoVideo values ( 1, '680.0 seconds', timestamp '2018-09-01 09:07:15', 203);
insert into Vigia values ( 'Santarém', 203);
insert into ProcessoSocorro values ( 203);
insert into EventoEmergencia values ( '940177134', timestamp '2018-07-17 00:12:13', 'Francisco Guerreiro', 'Santarém', 203);
insert into EntidadeMeio values ( 'Quartel Joana Nicolau');
insert into Meio values ( 203, 'Médico', 'Quartel Joana Nicolau');
insert into MeioSocorro values ( 203, 'Quartel Joana Nicolau');
insert into Transporta values ( 203, 'Quartel Joana Nicolau', 5, 184);
insert into Acciona values ( 203, 'Quartel Joana Nicolau', 184);
insert into Coordenador values ( 203);
insert into Audita values ( 203, 203, 'Quartel Joana Nicolau', 184, timestamp '2018-07-01 10:48:16', timestamp '2018-07-10 12:18:11', date '2018-07-01', 'Conclui que todo o processo decorreu dentro da lei ainda, termino a auditoria convicto de que não são necessários mais procedimentos.');
insert into Solicita values ( 203, timestamp '2018-09-01 09:07:15', 203, timestamp '2018-07-08 00:50:29', timestamp '2018-07-10 04:56:14');
insert into Camara values ( 204);
insert into Video values ( timestamp '2018-08-06 07:18:53', timestamp '2018-08-06 14:17:26', 204);
insert into SegmentoVideo values ( 0, '14086 seconds', timestamp '2018-08-06 07:18:53', 204);
insert into SegmentoVideo values ( 1, '11027 seconds', timestamp '2018-08-06 07:18:53', 204);
insert into Vigia values ( 'Queluz', 204);
insert into ProcessoSocorro values ( 204);
insert into EventoEmergencia values ( '912133339', timestamp '2018-08-02 22:48:23', 'Ana Vitorino', 'Queluz', 204);
insert into EntidadeMeio values ( 'Junta de Coimbra');
insert into Meio values ( 204, 'Helicoptero', 'Junta de Coimbra');
insert into MeioApoio values ( 204, 'Junta de Coimbra');
insert into Alocado values ( 204, 'Junta de Coimbra', 153, 20);
insert into Acciona values ( 204, 'Junta de Coimbra', 20);
insert into Coordenador values ( 204);
insert into Audita values ( 204, 204, 'Junta de Coimbra', 20, timestamp '2018-11-24 01:02:09', timestamp '2018-11-24 09:22:04', date '2018-11-24', 'Acredito que foram cortados cantos por fim deixo a indicação de que uma maior investigação será necessária.');
insert into Solicita values ( 204, timestamp '2018-08-06 07:18:53', 204, timestamp '2018-11-24 06:41:24', timestamp '2018-11-24 06:49:01');
insert into Camara values ( 205);
insert into Video values ( timestamp '2018-04-06 16:42:12', timestamp '2018-04-07 00:25:03', 205);
insert into SegmentoVideo values ( 0, '15800 seconds', timestamp '2018-04-06 16:42:12', 205);
insert into SegmentoVideo values ( 1, '6131 seconds', timestamp '2018-04-06 16:42:12', 205);
insert into SegmentoVideo values ( 2, '5840 seconds', timestamp '2018-04-06 16:42:12', 205);
insert into Vigia values ( 'Castelo Branco', 205);
insert into ProcessoSocorro values ( 205);
insert into EventoEmergencia values ( '937286131', timestamp '2018-09-27 09:51:42', 'Rita Figueiredo', 'Castelo Branco', 205);
insert into EntidadeMeio values ( 'Camara de São João da Madeira');
insert into Meio values ( 205, 'Rações', 'Camara de São João da Madeira');
insert into MeioCombate values ( 205, 'Camara de São João da Madeira');
insert into Acciona values ( 205, 'Camara de São João da Madeira', 16);
insert into Coordenador values ( 205);
insert into Camara values ( 206);
insert into Video values ( timestamp '2018-05-06 04:58:49', timestamp '2018-05-06 14:54:49', 206);
insert into SegmentoVideo values ( 0, '16838 seconds', timestamp '2018-05-06 04:58:49', 206);
insert into SegmentoVideo values ( 1, '18922 seconds', timestamp '2018-05-06 04:58:49', 206);
insert into Vigia values ( 'Lamego', 206);
insert into ProcessoSocorro values ( 206);
insert into EventoEmergencia values ( '910026496', timestamp '2018-04-19 05:02:15', 'Inês Martinho', 'Lamego', 206);
insert into EntidadeMeio values ( 'Camara Carolina Antunes');
insert into Meio values ( 206, 'Esquadrão', 'Camara Carolina Antunes');
insert into MeioCombate values ( 206, 'Camara Carolina Antunes');
insert into Acciona values ( 206, 'Camara Carolina Antunes', 128);
insert into Coordenador values ( 206);
insert into Audita values ( 206, 206, 'Camara Carolina Antunes', 128, timestamp '2018-11-21 08:34:04', timestamp '2018-11-22 11:16:50', date '2018-11-21', 'Conclui que todo o processo decorreu dentro da lei por fim deixo a indicação de que uma maior investigação será necessária.');
insert into Solicita values ( 206, timestamp '2018-05-06 04:58:49', 206, timestamp '2018-11-21 14:09:30', timestamp '2018-11-22 00:01:08');
insert into Camara values ( 207);
insert into Video values ( timestamp '2018-10-09 04:33:25', timestamp '2018-10-09 12:46:49', 207);
insert into SegmentoVideo values ( 0, '5653 seconds', timestamp '2018-10-09 04:33:25', 207);
insert into SegmentoVideo values ( 1, '12347 seconds', timestamp '2018-10-09 04:33:25', 207);
insert into SegmentoVideo values ( 2, '1472 seconds', timestamp '2018-10-09 04:33:25', 207);
insert into SegmentoVideo values ( 3, '10132 seconds', timestamp '2018-10-09 04:33:25', 207);
insert into Vigia values ( 'Estarreja', 207);
insert into ProcessoSocorro values ( 207);
insert into EventoEmergencia values ( '937530726', timestamp '2018-02-13 21:13:59', 'Rita Valério', 'Estarreja', 207);
insert into EntidadeMeio values ( 'Bombeiros Voluntários Joana Nogueira');
insert into Meio values ( 207, 'Camião', 'Bombeiros Voluntários Joana Nogueira');
insert into MeioApoio values ( 207, 'Bombeiros Voluntários Joana Nogueira');
insert into Alocado values ( 207, 'Bombeiros Voluntários Joana Nogueira', 44, 30);
insert into Acciona values ( 207, 'Bombeiros Voluntários Joana Nogueira', 30);
insert into Coordenador values ( 207);
insert into Camara values ( 208);
insert into Video values ( timestamp '2018-03-17 00:06:19', timestamp '2018-03-17 22:44:32', 208);
insert into SegmentoVideo values ( 0, '2413 seconds', timestamp '2018-03-17 00:06:19', 208);
insert into SegmentoVideo values ( 1, '68450 seconds', timestamp '2018-03-17 00:06:19', 208);
insert into SegmentoVideo values ( 2, '10630 seconds', timestamp '2018-03-17 00:06:19', 208);
insert into Vigia values ( 'Estarreja', 208);
insert into ProcessoSocorro values ( 208);
insert into EventoEmergencia values ( '965066242', timestamp '2018-03-01 14:34:54', 'Carolina Matos', 'Estarreja', 208);
insert into EntidadeMeio values ( 'Fundação de Miranda do Douro');
insert into Meio values ( 208, 'Desfibrilhador', 'Fundação de Miranda do Douro');
insert into MeioSocorro values ( 208, 'Fundação de Miranda do Douro');
insert into Transporta values ( 208, 'Fundação de Miranda do Douro', 1, 87);
insert into Acciona values ( 208, 'Fundação de Miranda do Douro', 87);
insert into Coordenador values ( 208);
insert into Audita values ( 208, 208, 'Fundação de Miranda do Douro', 87, timestamp '2018-11-22 22:00:11', timestamp '2018-11-24 18:11:14', date '2018-11-22', 'Tendo concluido a minha auditoria, foram realizados todos os possíveis para alcançar um boa resolução ainda, termino a auditoria convicto de que não são necessários mais procedimentos.');
insert into Solicita values ( 208, timestamp '2018-03-17 00:06:19', 208, timestamp '2018-11-23 09:51:25', timestamp '2018-11-23 23:12:30');
insert into Camara values ( 209);
insert into Video values ( timestamp '2018-02-10 02:36:36', timestamp '2018-02-10 08:30:24', 209);
insert into SegmentoVideo values ( 0, '2675 seconds', timestamp '2018-02-10 02:36:36', 209);
insert into SegmentoVideo values ( 1, '6561 seconds', timestamp '2018-02-10 02:36:36', 209);
insert into SegmentoVideo values ( 2, '11992 seconds', timestamp '2018-02-10 02:36:36', 209);
insert into Vigia values ( 'Tondela', 209);
insert into ProcessoSocorro values ( 209);
insert into EventoEmergencia values ( '961648451', timestamp '2018-11-02 18:14:18', 'João Silva', 'Tondela', 209);
insert into EntidadeMeio values ( 'Hospital de São João da Madeira');
insert into Meio values ( 209, 'Carro de Bombeiros', 'Hospital de São João da Madeira');
insert into MeioCombate values ( 209, 'Hospital de São João da Madeira');
insert into Acciona values ( 209, 'Hospital de São João da Madeira', 137);
insert into Coordenador values ( 209);
insert into Camara values ( 210);
insert into Video values ( timestamp '2018-04-13 14:56:24', timestamp '2018-04-14 12:55:38', 210);
insert into SegmentoVideo values ( 0, '68495 seconds', timestamp '2018-04-13 14:56:24', 210);
insert into SegmentoVideo values ( 1, '10659 seconds', timestamp '2018-04-13 14:56:24', 210);
insert into Vigia values ( 'Alcobaça', 210);
insert into ProcessoSocorro values ( 210);
insert into EventoEmergencia values ( '913586290', timestamp '2018-08-01 11:48:40', 'Joana Silva', 'Alcobaça', 210);
insert into EntidadeMeio values ( 'Bombeiros Voluntários de Rio Maior');
insert into Meio values ( 210, 'Mangueira', 'Bombeiros Voluntários de Rio Maior');
insert into MeioCombate values ( 210, 'Bombeiros Voluntários de Rio Maior');
insert into Acciona values ( 210, 'Bombeiros Voluntários de Rio Maior', 9);
insert into Coordenador values ( 210);
insert into Audita values ( 210, 210, 'Bombeiros Voluntários de Rio Maior', 9, timestamp '2018-04-01 06:03:36', timestamp '2018-09-16 16:37:01', date '2018-04-01', 'Com base na minha análise, foram cortados cantos ainda, termino a auditoria convicto de que não são necessários mais procedimentos.');
insert into Solicita values ( 210, timestamp '2018-04-13 14:56:24', 210, timestamp '2018-04-18 12:00:16', timestamp '2018-05-29 19:13:32');
insert into Camara values ( 211);
insert into Video values ( timestamp '2018-05-30 13:12:20', timestamp '2018-05-31 01:04:58', 211);
insert into SegmentoVideo values ( 0, '42758.0 seconds', timestamp '2018-05-30 13:12:20', 211);
insert into Vigia values ( 'Amarante', 211);
insert into ProcessoSocorro values ( 211);
insert into EventoEmergencia values ( '935014827', timestamp '2018-05-03 20:24:58', 'Pedro Figueiredo', 'Amarante', 211);
insert into EntidadeMeio values ( 'Bombeiros Municipais de Peniche');
insert into Meio values ( 211, 'Rações', 'Bombeiros Municipais de Peniche');
insert into MeioCombate values ( 211, 'Bombeiros Municipais de Peniche');
insert into Acciona values ( 211, 'Bombeiros Municipais de Peniche', 63);
insert into Coordenador values ( 211);
insert into Camara values ( 212);
insert into Video values ( timestamp '2018-05-13 01:24:02', timestamp '2018-05-13 09:25:07', 212);
insert into SegmentoVideo values ( 0, '27119 seconds', timestamp '2018-05-13 01:24:02', 212);
insert into SegmentoVideo values ( 1, '320 seconds', timestamp '2018-05-13 01:24:02', 212);
insert into SegmentoVideo values ( 2, '232 seconds', timestamp '2018-05-13 01:24:02', 212);
insert into SegmentoVideo values ( 3, '1194 seconds', timestamp '2018-05-13 01:24:02', 212);
insert into Vigia values ( 'Guarda', 212);
insert into ProcessoSocorro values ( 212);
insert into EventoEmergencia values ( '966452699', timestamp '2018-03-15 00:58:56', 'Rita Guerreiro', 'Guarda', 212);
insert into EntidadeMeio values ( 'Esquadra de Oliveira do Bairro');
insert into Meio values ( 212, 'Maca', 'Esquadra de Oliveira do Bairro');
insert into MeioApoio values ( 212, 'Esquadra de Oliveira do Bairro');
insert into Alocado values ( 212, 'Esquadra de Oliveira do Bairro', 134, 79);
insert into Acciona values ( 212, 'Esquadra de Oliveira do Bairro', 79);
insert into Coordenador values ( 212);
insert into Camara values ( 213);
insert into Video values ( timestamp '2018-02-23 01:52:33', timestamp '2018-02-23 10:47:24', 213);
insert into SegmentoVideo values ( 0, '11387 seconds', timestamp '2018-02-23 01:52:33', 213);
insert into SegmentoVideo values ( 1, '16615 seconds', timestamp '2018-02-23 01:52:33', 213);
insert into SegmentoVideo values ( 2, '1373 seconds', timestamp '2018-02-23 01:52:33', 213);
insert into SegmentoVideo values ( 3, '2716 seconds', timestamp '2018-02-23 01:52:33', 213);
insert into Vigia values ( 'Loulé', 213);
insert into ProcessoSocorro values ( 213);
insert into EventoEmergencia values ( '968856696', timestamp '2018-04-24 17:12:17', 'Joana Margato', 'Loulé', 213);
insert into EntidadeMeio values ( 'Camara de Setúbal');
insert into Meio values ( 213, 'Helicoptero', 'Camara de Setúbal');
insert into MeioCombate values ( 213, 'Camara de Setúbal');
insert into Acciona values ( 213, 'Camara de Setúbal', 6);
insert into Coordenador values ( 213);
insert into Audita values ( 213, 213, 'Camara de Setúbal', 6, timestamp '2018-11-05 05:42:39', timestamp '2018-11-21 22:45:01', date '2018-11-05', 'Com base na minha análise, foram realizados todos os possíveis para alcançar um boa resolução por fim deixo a indicação de que uma maior investigação será necessária.');
insert into Solicita values ( 213, timestamp '2018-02-23 01:52:33', 213, timestamp '2018-11-16 00:50:13', timestamp '2018-11-20 16:53:31');
insert into Camara values ( 214);
insert into Video values ( timestamp '2018-08-09 10:33:56', timestamp '2018-08-09 21:51:06', 214);
insert into SegmentoVideo values ( 0, '19559 seconds', timestamp '2018-08-09 10:33:56', 214);
insert into SegmentoVideo values ( 1, '10663 seconds', timestamp '2018-08-09 10:33:56', 214);
insert into SegmentoVideo values ( 2, '7995 seconds', timestamp '2018-08-09 10:33:56', 214);
insert into SegmentoVideo values ( 3, '2413 seconds', timestamp '2018-08-09 10:33:56', 214);
insert into Vigia values ( 'Barreiro', 214);
insert into ProcessoSocorro values ( 214);
insert into EventoEmergencia values ( '966585066', timestamp '2018-01-13 04:27:13', 'Ana Figueiredo', 'Barreiro', 214);
insert into EntidadeMeio values ( 'Quartel Miguel Figueiredo');
insert into Meio values ( 214, 'Helicoptero', 'Quartel Miguel Figueiredo');
insert into MeioCombate values ( 214, 'Quartel Miguel Figueiredo');
insert into Acciona values ( 214, 'Quartel Miguel Figueiredo', 81);
insert into Coordenador values ( 214);
insert into Audita values ( 214, 214, 'Quartel Miguel Figueiredo', 81, timestamp '2018-11-20 15:56:42', timestamp '2018-11-24 17:36:02', date '2018-11-20', 'Estou convicto que foram cortados cantos por fim deixo a indicação de que uma maior investigação será necessária.');
insert into Solicita values ( 214, timestamp '2018-08-09 10:33:56', 214, timestamp '2018-11-23 19:48:08', timestamp '2018-11-24 12:42:14');
insert into Camara values ( 215);
insert into Video values ( timestamp '2018-09-29 04:48:13', timestamp '2018-09-29 13:11:31', 215);
insert into SegmentoVideo values ( 0, '8750 seconds', timestamp '2018-09-29 04:48:13', 215);
insert into SegmentoVideo values ( 1, '5621 seconds', timestamp '2018-09-29 04:48:13', 215);
insert into SegmentoVideo values ( 2, '15827 seconds', timestamp '2018-09-29 04:48:13', 215);
insert into Vigia values ( 'Agualva-Cacém', 215);
insert into ProcessoSocorro values ( 215);
insert into EventoEmergencia values ( '912772870', timestamp '2018-11-08 02:16:13', 'Daniel Martinho', 'Agualva-Cacém', 215);
insert into EntidadeMeio values ( 'Quartel Daniel Coelho');
insert into Meio values ( 215, 'Rações', 'Quartel Daniel Coelho');
insert into MeioCombate values ( 215, 'Quartel Daniel Coelho');
insert into Acciona values ( 215, 'Quartel Daniel Coelho', 100);
insert into Coordenador values ( 215);
insert into Camara values ( 216);
insert into Video values ( timestamp '2018-07-30 11:34:08', timestamp '2018-07-31 06:00:44', 216);
insert into SegmentoVideo values ( 0, '15349 seconds', timestamp '2018-07-30 11:34:08', 216);
insert into SegmentoVideo values ( 1, '51047 seconds', timestamp '2018-07-30 11:34:08', 216);
insert into Vigia values ( 'Vila do Conde', 216);
insert into ProcessoSocorro values ( 216);
insert into EventoEmergencia values ( '958812038', timestamp '2018-04-06 21:42:43', 'Carolina Matos', 'Vila do Conde', 216);
insert into EntidadeMeio values ( 'Hospital de Gafanha da Nazaré');
insert into Meio values ( 216, 'Garrafas de água', 'Hospital de Gafanha da Nazaré');
insert into MeioSocorro values ( 216, 'Hospital de Gafanha da Nazaré');
insert into Transporta values ( 216, 'Hospital de Gafanha da Nazaré', 1, 74);
insert into Acciona values ( 216, 'Hospital de Gafanha da Nazaré', 74);
insert into Coordenador values ( 216);
insert into Audita values ( 216, 216, 'Hospital de Gafanha da Nazaré', 74, timestamp '2018-10-24 17:53:56', timestamp '2018-11-05 06:25:56', date '2018-10-24', 'Estou convicto que foram realizados todos os possíveis para alcançar um boa resolução ainda, termino a auditoria convicto de que não são necessários mais procedimentos.');
insert into Solicita values ( 216, timestamp '2018-07-30 11:34:08', 216, timestamp '2018-10-29 06:38:03', timestamp '2018-11-05 04:18:43');
insert into Camara values ( 217);
insert into Video values ( timestamp '2018-06-13 16:21:28', timestamp '2018-06-13 19:31:51', 217);
insert into SegmentoVideo values ( 0, '10738 seconds', timestamp '2018-06-13 16:21:28', 217);
insert into SegmentoVideo values ( 1, '685.0 seconds', timestamp '2018-06-13 16:21:28', 217);
insert into Vigia values ( 'Estremoz', 217);
insert into ProcessoSocorro values ( 217);
insert into EventoEmergencia values ( '919675767', timestamp '2018-01-25 14:20:58', 'Pedro Antunes', 'Estremoz', 217);
insert into EntidadeMeio values ( 'Bombeiros Voluntários Rita Margato');
insert into Meio values ( 217, 'Esquadrão', 'Bombeiros Voluntários Rita Margato');
insert into MeioCombate values ( 217, 'Bombeiros Voluntários Rita Margato');
insert into Acciona values ( 217, 'Bombeiros Voluntários Rita Margato', 58);
insert into Coordenador values ( 217);
insert into Camara values ( 218);
insert into Video values ( timestamp '2018-10-12 08:56:42', timestamp '2018-10-12 12:05:01', 218);
insert into SegmentoVideo values ( 0, '7348 seconds', timestamp '2018-10-12 08:56:42', 218);
insert into SegmentoVideo values ( 1, '3951.0 seconds', timestamp '2018-10-12 08:56:42', 218);
insert into Vigia values ( 'Amadora', 218);
insert into ProcessoSocorro values ( 218);
insert into EventoEmergencia values ( '937098166', timestamp '2018-10-21 03:21:44', 'Joana Margato', 'Amadora', 218);
insert into EntidadeMeio values ( 'Fundação de Santo Tirso');
insert into Meio values ( 218, 'Camião', 'Fundação de Santo Tirso');
insert into MeioApoio values ( 218, 'Fundação de Santo Tirso');
insert into Alocado values ( 218, 'Fundação de Santo Tirso', 9, 203);
insert into Acciona values ( 218, 'Fundação de Santo Tirso', 203);
insert into Coordenador values ( 218);
insert into Audita values ( 218, 218, 'Fundação de Santo Tirso', 203, timestamp '2018-09-26 15:42:02', timestamp '2018-11-11 05:47:18', date '2018-09-26', 'Estou convicto que todo o processo decorreu dentro da lei por fim deixo a indicação de que uma maior investigação será necessária.');
insert into Solicita values ( 218, timestamp '2018-10-12 08:56:42', 218, timestamp '2018-10-30 21:48:12', timestamp '2018-11-06 11:22:51');
insert into Camara values ( 219);
insert into Video values ( timestamp '2018-10-11 15:29:17', timestamp '2018-10-12 12:00:47', 219);
insert into SegmentoVideo values ( 0, '33820 seconds', timestamp '2018-10-11 15:29:17', 219);
insert into SegmentoVideo values ( 1, '18939 seconds', timestamp '2018-10-11 15:29:17', 219);
insert into SegmentoVideo values ( 2, '10155 seconds', timestamp '2018-10-11 15:29:17', 219);
insert into SegmentoVideo values ( 3, '10976 seconds', timestamp '2018-10-11 15:29:17', 219);
insert into Vigia values ( 'Lisboa', 219);
insert into ProcessoSocorro values ( 219);
insert into EventoEmergencia values ( '922257945', timestamp '2018-05-28 22:14:34', 'Manel Nogueira', 'Lisboa', 219);
insert into EntidadeMeio values ( 'Junta de Alcobaça');
insert into Meio values ( 219, 'Bombeiros', 'Junta de Alcobaça');
insert into MeioCombate values ( 219, 'Junta de Alcobaça');
insert into Acciona values ( 219, 'Junta de Alcobaça', 94);
insert into Coordenador values ( 219);
insert into Camara values ( 220);
insert into Video values ( timestamp '2018-11-11 01:08:06', timestamp '2018-11-11 13:03:48', 220);
insert into SegmentoVideo values ( 0, '42942.0 seconds', timestamp '2018-11-11 01:08:06', 220);
insert into Vigia values ( 'Gandra', 220);
insert into ProcessoSocorro values ( 220);
insert into EventoEmergencia values ( '950309782', timestamp '2018-08-03 11:29:04', 'Cristiana Correia', 'Gandra', 220);
insert into EntidadeMeio values ( 'Quartel Marta Antunes');
insert into Meio values ( 220, 'Camião', 'Quartel Marta Antunes');
insert into MeioApoio values ( 220, 'Quartel Marta Antunes');
insert into Alocado values ( 220, 'Quartel Marta Antunes', 47, 196);
insert into Acciona values ( 220, 'Quartel Marta Antunes', 196);
insert into Coordenador values ( 220);
insert into Audita values ( 220, 220, 'Quartel Marta Antunes', 196, timestamp '2018-04-12 18:55:03', timestamp '2018-08-28 02:19:30', date '2018-04-12', 'Tendo concluido a minha auditoria, denota-se corrupção por parte de várias entidades por fim deixo a indicação de que uma maior investigação será necessária.');
insert into Solicita values ( 220, timestamp '2018-11-11 01:08:06', 220, timestamp '2018-06-08 16:41:25', timestamp '2018-06-19 09:19:10');
insert into Camara values ( 221);
insert into Video values ( timestamp '2018-01-02 12:53:51', timestamp '2018-01-02 22:46:34', 221);
insert into SegmentoVideo values ( 0, '7436 seconds', timestamp '2018-01-02 12:53:51', 221);
insert into SegmentoVideo values ( 1, '28127 seconds', timestamp '2018-01-02 12:53:51', 221);
insert into Vigia values ( 'Peniche', 221);
insert into ProcessoSocorro values ( 221);
insert into EventoEmergencia values ( '933286945', timestamp '2018-03-22 15:24:27', 'Ana Silva', 'Peniche', 221);
insert into EntidadeMeio values ( 'Esquadra Miguel Nicolau');
insert into Meio values ( 221, 'Camião', 'Esquadra Miguel Nicolau');
insert into MeioApoio values ( 221, 'Esquadra Miguel Nicolau');
insert into Alocado values ( 221, 'Esquadra Miguel Nicolau', 97, 183);
insert into Acciona values ( 221, 'Esquadra Miguel Nicolau', 183);
insert into Coordenador values ( 221);
insert into Camara values ( 222);
insert into Video values ( timestamp '2018-07-24 00:52:39', timestamp '2018-07-24 07:11:59', 222);
insert into SegmentoVideo values ( 0, '10385 seconds', timestamp '2018-07-24 00:52:39', 222);
insert into SegmentoVideo values ( 1, '12375 seconds', timestamp '2018-07-24 00:52:39', 222);
insert into Vigia values ( 'Gandra', 222);
insert into ProcessoSocorro values ( 222);
insert into EventoEmergencia values ( '953256662', timestamp '2018-11-19 05:30:59', 'Inês Nicolau', 'Gandra', 222);
insert into EntidadeMeio values ( 'Quartel de Vila Real');
insert into Meio values ( 222, 'Carro de Bombeiros', 'Quartel de Vila Real');
insert into MeioCombate values ( 222, 'Quartel de Vila Real');
insert into Acciona values ( 222, 'Quartel de Vila Real', 16);
insert into Coordenador values ( 222);
insert into Camara values ( 223);
insert into Video values ( timestamp '2018-03-01 20:15:19', timestamp '2018-03-02 06:44:09', 223);
insert into SegmentoVideo values ( 0, '6130 seconds', timestamp '2018-03-01 20:15:19', 223);
insert into SegmentoVideo values ( 1, '31600 seconds', timestamp '2018-03-01 20:15:19', 223);
insert into Vigia values ( 'Macedo de Cavaleiros', 223);
insert into ProcessoSocorro values ( 223);
insert into EventoEmergencia values ( '922409179', timestamp '2018-05-01 23:46:08', 'António Silva', 'Macedo de Cavaleiros', 223);
insert into EntidadeMeio values ( 'Fundação Francisco Matos');
insert into Meio values ( 223, 'Esquadrão', 'Fundação Francisco Matos');
insert into MeioCombate values ( 223, 'Fundação Francisco Matos');
insert into Acciona values ( 223, 'Fundação Francisco Matos', 112);
insert into Coordenador values ( 223);
insert into Audita values ( 223, 223, 'Fundação Francisco Matos', 112, timestamp '2018-10-28 05:20:21', timestamp '2018-11-10 12:16:28', date '2018-10-28', 'Conclui que todo o processo decorreu dentro da lei por fim deixo a indicação de que uma maior investigação será necessária.');
insert into Solicita values ( 223, timestamp '2018-03-01 20:15:19', 223, timestamp '2018-11-07 04:08:43', timestamp '2018-11-08 00:26:44');
insert into Camara values ( 224);
insert into Video values ( timestamp '2018-03-25 05:35:00', timestamp '2018-03-25 09:41:03', 224);
insert into SegmentoVideo values ( 0, '8762 seconds', timestamp '2018-03-25 05:35:00', 224);
insert into SegmentoVideo values ( 1, '6001.0 seconds', timestamp '2018-03-25 05:35:00', 224);
insert into Vigia values ( 'Senhora da Hora', 224);
insert into ProcessoSocorro values ( 224);
insert into EventoEmergencia values ( '943022002', timestamp '2018-03-24 17:56:57', 'Catarina Guerreiro', 'Senhora da Hora', 224);
insert into EntidadeMeio values ( 'Bombeiros Voluntários Ana Correia');
insert into Meio values ( 224, 'Carro', 'Bombeiros Voluntários Ana Correia');
insert into MeioApoio values ( 224, 'Bombeiros Voluntários Ana Correia');
insert into Alocado values ( 224, 'Bombeiros Voluntários Ana Correia', 48, 10);
insert into Acciona values ( 224, 'Bombeiros Voluntários Ana Correia', 10);
insert into Coordenador values ( 224);
insert into Camara values ( 225);
insert into Video values ( timestamp '2018-02-08 23:45:55', timestamp '2018-02-09 09:16:27', 225);
insert into SegmentoVideo values ( 0, '19807 seconds', timestamp '2018-02-08 23:45:55', 225);
insert into SegmentoVideo values ( 1, '14425 seconds', timestamp '2018-02-08 23:45:55', 225);
insert into Vigia values ( 'Vila Nova de Famalicão', 225);
insert into ProcessoSocorro values ( 225);
insert into EventoEmergencia values ( '926410509', timestamp '2018-02-25 13:27:24', 'Catarina Correia', 'Vila Nova de Famalicão', 225);
insert into EntidadeMeio values ( 'Fundação Rita Valério');
insert into Meio values ( 225, 'Maca', 'Fundação Rita Valério');
insert into MeioApoio values ( 225, 'Fundação Rita Valério');
insert into Alocado values ( 225, 'Fundação Rita Valério', 74, 103);
insert into Acciona values ( 225, 'Fundação Rita Valério', 103);
insert into Coordenador values ( 225);
insert into Camara values ( 226);
insert into Video values ( timestamp '2018-03-20 21:02:37', timestamp '2018-03-21 17:43:39', 226);
insert into SegmentoVideo values ( 0, '41369 seconds', timestamp '2018-03-20 21:02:37', 226);
insert into SegmentoVideo values ( 1, '2379 seconds', timestamp '2018-03-20 21:02:37', 226);
insert into SegmentoVideo values ( 2, '30714 seconds', timestamp '2018-03-20 21:02:37', 226);
insert into Vigia values ( 'Abrantes', 226);
insert into ProcessoSocorro values ( 226);
insert into EventoEmergencia values ( '938227573', timestamp '2018-06-12 16:42:36', 'Inês Margato', 'Abrantes', 226);
insert into EntidadeMeio values ( 'Fundação Carolina Antunes');
insert into Meio values ( 226, 'Paramédico', 'Fundação Carolina Antunes');
insert into MeioSocorro values ( 226, 'Fundação Carolina Antunes');
insert into Transporta values ( 226, 'Fundação Carolina Antunes', 2, 71);
insert into Acciona values ( 226, 'Fundação Carolina Antunes', 71);
insert into Coordenador values ( 226);
insert into Audita values ( 226, 226, 'Fundação Carolina Antunes', 71, timestamp '2018-05-30 03:10:07', timestamp '2018-11-13 21:00:37', date '2018-05-30', 'Com base na minha análise, foram realizados todos os possíveis para alcançar um boa resolução por fim deixo a indicação de que uma maior investigação será necessária.');
insert into Solicita values ( 226, timestamp '2018-03-20 21:02:37', 226, timestamp '2018-10-11 23:38:12', timestamp '2018-10-31 15:51:42');
insert into Camara values ( 227);
insert into Video values ( timestamp '2018-04-21 03:05:05', timestamp '2018-04-21 09:08:10', 227);
insert into SegmentoVideo values ( 0, '21052 seconds', timestamp '2018-04-21 03:05:05', 227);
insert into SegmentoVideo values ( 1, '733 seconds', timestamp '2018-04-21 03:05:05', 227);
insert into Vigia values ( 'Seixal', 227);
insert into ProcessoSocorro values ( 227);
insert into EventoEmergencia values ( '919181223', timestamp '2018-08-03 07:29:13', 'João Antunes', 'Seixal', 227);
insert into EntidadeMeio values ( 'Junta de Queluz');
insert into Meio values ( 227, 'Helicoptero', 'Junta de Queluz');
insert into MeioApoio values ( 227, 'Junta de Queluz');
insert into Alocado values ( 227, 'Junta de Queluz', 118, 153);
insert into Acciona values ( 227, 'Junta de Queluz', 153);
insert into Coordenador values ( 227);
insert into Audita values ( 227, 227, 'Junta de Queluz', 153, timestamp '2018-09-12 03:04:28', timestamp '2018-11-08 23:58:46', date '2018-09-12', 'Estou convicto que foram cortados cantos por fim deixo a indicação de que uma maior investigação será necessária.');
insert into Solicita values ( 227, timestamp '2018-04-21 03:05:05', 227, timestamp '2018-10-30 08:15:16', timestamp '2018-11-05 07:53:08');
insert into Camara values ( 228);
insert into Video values ( timestamp '2018-05-28 15:11:59', timestamp '2018-05-28 15:58:14', 228);
insert into SegmentoVideo values ( 0, '681 seconds', timestamp '2018-05-28 15:11:59', 228);
insert into SegmentoVideo values ( 1, '2094 seconds', timestamp '2018-05-28 15:11:59', 228);
insert into Vigia values ( 'Lagos', 228);
insert into ProcessoSocorro values ( 228);
insert into EventoEmergencia values ( '912962039', timestamp '2018-02-23 20:47:43', 'Catarina Rodrigues', 'Lagos', 228);
insert into EntidadeMeio values ( 'Bombeiros Voluntários Inês Matos');
insert into Meio values ( 228, 'Bombeiros', 'Bombeiros Voluntários Inês Matos');
insert into MeioCombate values ( 228, 'Bombeiros Voluntários Inês Matos');
insert into Acciona values ( 228, 'Bombeiros Voluntários Inês Matos', 94);
insert into Coordenador values ( 228);
insert into Audita values ( 228, 228, 'Bombeiros Voluntários Inês Matos', 94, timestamp '2018-09-02 09:49:00', timestamp '2018-10-27 09:42:20', date '2018-09-02', 'Conclui que foram realizados todos os possíveis para alcançar um boa resolução assim dou por concluida esta auditoria.');
insert into Solicita values ( 228, timestamp '2018-05-28 15:11:59', 228, timestamp '2018-09-10 05:59:00', timestamp '2018-09-17 00:45:04');
insert into Camara values ( 229);
insert into Video values ( timestamp '2018-07-10 18:36:36', timestamp '2018-07-10 21:25:09', 229);
insert into SegmentoVideo values ( 0, '4714 seconds', timestamp '2018-07-10 18:36:36', 229);
insert into SegmentoVideo values ( 1, '5399 seconds', timestamp '2018-07-10 18:36:36', 229);
insert into Vigia values ( 'Póvoa de Varzim', 229);
insert into ProcessoSocorro values ( 229);
insert into EventoEmergencia values ( '942903421', timestamp '2018-08-28 22:27:03', 'João Nogueira', 'Póvoa de Varzim', 229);
insert into EntidadeMeio values ( 'Esquadra de Sabugal');
insert into Meio values ( 229, 'Carro', 'Esquadra de Sabugal');
insert into MeioApoio values ( 229, 'Esquadra de Sabugal');
insert into Alocado values ( 229, 'Esquadra de Sabugal', 164, 221);
insert into Acciona values ( 229, 'Esquadra de Sabugal', 221);
insert into Coordenador values ( 229);
insert into Camara values ( 230);
insert into Video values ( timestamp '2018-04-25 04:33:34', timestamp '2018-04-25 22:35:21', 230);
insert into SegmentoVideo values ( 0, '7361 seconds', timestamp '2018-04-25 04:33:34', 230);
insert into SegmentoVideo values ( 1, '15989 seconds', timestamp '2018-04-25 04:33:34', 230);
insert into SegmentoVideo values ( 2, '37047 seconds', timestamp '2018-04-25 04:33:34', 230);
insert into SegmentoVideo values ( 3, '539 seconds', timestamp '2018-04-25 04:33:34', 230);
insert into SegmentoVideo values ( 4, '2546 seconds', timestamp '2018-04-25 04:33:34', 230);
insert into SegmentoVideo values ( 5, '1425 seconds', timestamp '2018-04-25 04:33:34', 230);
insert into Vigia values ( 'Gouveia', 230);
insert into ProcessoSocorro values ( 230);
insert into EventoEmergencia values ( '966236207', timestamp '2018-06-01 03:03:12', 'Manel Correia', 'Gouveia', 230);
insert into EntidadeMeio values ( 'Camara de Tomar');
insert into Meio values ( 230, 'Paramédico', 'Camara de Tomar');
insert into MeioSocorro values ( 230, 'Camara de Tomar');
insert into Transporta values ( 230, 'Camara de Tomar', 4, 132);
insert into Acciona values ( 230, 'Camara de Tomar', 132);
insert into Coordenador values ( 230);
insert into Audita values ( 230, 230, 'Camara de Tomar', 132, timestamp '2018-09-24 01:49:01', timestamp '2018-11-02 08:57:51', date '2018-09-24', 'Acredito que denota-se corrupção por parte de várias entidades assim dou por concluida esta auditoria.');
insert into Solicita values ( 230, timestamp '2018-04-25 04:33:34', 230, timestamp '2018-10-13 01:37:47', timestamp '2018-10-21 07:04:44');
insert into Camara values ( 231);
insert into Video values ( timestamp '2018-05-16 07:02:56', timestamp '2018-05-16 12:17:55', 231);
insert into SegmentoVideo values ( 0, '13817 seconds', timestamp '2018-05-16 07:02:56', 231);
insert into SegmentoVideo values ( 1, '4314 seconds', timestamp '2018-05-16 07:02:56', 231);
insert into SegmentoVideo values ( 2, '768 seconds', timestamp '2018-05-16 07:02:56', 231);
insert into Vigia values ( 'Guarda', 231);
insert into ProcessoSocorro values ( 231);
insert into EventoEmergencia values ( '967177720', timestamp '2018-08-12 07:02:51', 'Rita Guerreiro', 'Guarda', 231);
insert into EntidadeMeio values ( 'Camara Ana Vitorino');
insert into Meio values ( 231, 'Drone', 'Camara Ana Vitorino');
insert into MeioSocorro values ( 231, 'Camara Ana Vitorino');
insert into Transporta values ( 231, 'Camara Ana Vitorino', 1, 24);
insert into Acciona values ( 231, 'Camara Ana Vitorino', 24);
insert into Coordenador values ( 231);
insert into Camara values ( 232);
insert into Video values ( timestamp '2018-09-16 14:03:59', timestamp '2018-09-16 19:04:55', 232);
insert into SegmentoVideo values ( 0, '15370 seconds', timestamp '2018-09-16 14:03:59', 232);
insert into SegmentoVideo values ( 1, '419 seconds', timestamp '2018-09-16 14:03:59', 232);
insert into SegmentoVideo values ( 2, '1174 seconds', timestamp '2018-09-16 14:03:59', 232);
insert into SegmentoVideo values ( 3, '1093 seconds', timestamp '2018-09-16 14:03:59', 232);
insert into Vigia values ( 'Estremoz', 232);
insert into ProcessoSocorro values ( 232);
insert into EventoEmergencia values ( '928453200', timestamp '2018-05-26 03:10:26', 'Manel Abreu', 'Estremoz', 232);
insert into EntidadeMeio values ( 'Camara de Almeirim');
insert into Meio values ( 232, 'Garrafas de água', 'Camara de Almeirim');
insert into MeioSocorro values ( 232, 'Camara de Almeirim');
insert into Transporta values ( 232, 'Camara de Almeirim', 2, 55);
insert into Acciona values ( 232, 'Camara de Almeirim', 55);
insert into Coordenador values ( 232);
insert into Audita values ( 232, 232, 'Camara de Almeirim', 55, timestamp '2018-11-21 22:45:16', timestamp '2018-11-24 05:42:11', date '2018-11-21', 'Com base na minha análise, foram realizados todos os possíveis para alcançar um boa resolução por fim deixo a indicação de que uma maior investigação será necessária.');
insert into Solicita values ( 232, timestamp '2018-09-16 14:03:59', 232, timestamp '2018-11-23 19:22:00', timestamp '2018-11-23 21:11:59');
insert into Camara values ( 233);
insert into Video values ( timestamp '2018-09-23 14:38:58', timestamp '2018-09-24 10:17:38', 233);
insert into SegmentoVideo values ( 0, '4386 seconds', timestamp '2018-09-23 14:38:58', 233);
insert into SegmentoVideo values ( 1, '13889 seconds', timestamp '2018-09-23 14:38:58', 233);
insert into SegmentoVideo values ( 2, '52445 seconds', timestamp '2018-09-23 14:38:58', 233);
insert into Vigia values ( 'Olhão da Restauração', 233);
insert into ProcessoSocorro values ( 233);
insert into EventoEmergencia values ( '927475079', timestamp '2018-02-09 05:05:15', 'Cristiana Valério', 'Olhão da Restauração', 233);
insert into EntidadeMeio values ( 'Quartel de Vila Baleira');
insert into Meio values ( 233, 'Mangueira', 'Quartel de Vila Baleira');
insert into MeioCombate values ( 233, 'Quartel de Vila Baleira');
insert into Acciona values ( 233, 'Quartel de Vila Baleira', 176);
insert into Coordenador values ( 233);
insert into Audita values ( 233, 233, 'Quartel de Vila Baleira', 176, timestamp '2018-09-29 11:07:24', timestamp '2018-10-09 08:38:19', date '2018-09-29', 'Tendo concluido a minha auditoria, foram realizados todos os possíveis para alcançar um boa resolução por fim deixo a indicação de que uma maior investigação será necessária.');
insert into Solicita values ( 233, timestamp '2018-09-23 14:38:58', 233, timestamp '2018-10-04 19:46:16', timestamp '2018-10-08 13:25:57');
insert into Camara values ( 234);
insert into Video values ( timestamp '2018-08-27 03:26:05', timestamp '2018-08-27 16:07:14', 234);
insert into SegmentoVideo values ( 0, '15477 seconds', timestamp '2018-08-27 03:26:05', 234);
insert into SegmentoVideo values ( 1, '30192 seconds', timestamp '2018-08-27 03:26:05', 234);
insert into Vigia values ( 'Tondela', 234);
insert into ProcessoSocorro values ( 234);
insert into EventoEmergencia values ( '922839705', timestamp '2018-01-20 05:19:18', 'Ana Guerreiro', 'Tondela', 234);
insert into EntidadeMeio values ( 'Esquadra Miguel Vitorino');
insert into Meio values ( 234, 'Drone', 'Esquadra Miguel Vitorino');
insert into MeioSocorro values ( 234, 'Esquadra Miguel Vitorino');
insert into Transporta values ( 234, 'Esquadra Miguel Vitorino', 4, 67);
insert into Acciona values ( 234, 'Esquadra Miguel Vitorino', 67);
insert into Coordenador values ( 234);
insert into Camara values ( 235);
insert into Video values ( timestamp '2018-07-27 01:16:56', timestamp '2018-07-27 16:29:11', 235);
insert into SegmentoVideo values ( 0, '11208 seconds', timestamp '2018-07-27 01:16:56', 235);
insert into SegmentoVideo values ( 1, '26072 seconds', timestamp '2018-07-27 01:16:56', 235);
insert into SegmentoVideo values ( 2, '3685 seconds', timestamp '2018-07-27 01:16:56', 235);
insert into SegmentoVideo values ( 3, '13770 seconds', timestamp '2018-07-27 01:16:56', 235);
insert into Vigia values ( 'Espinho', 235);
insert into ProcessoSocorro values ( 235);
insert into EventoEmergencia values ( '940687224', timestamp '2018-06-09 00:01:29', 'João Nogueira', 'Espinho', 235);
insert into EntidadeMeio values ( 'Hospital Miguel Abreu');
insert into Meio values ( 235, 'Desfibrilhador', 'Hospital Miguel Abreu');
insert into MeioSocorro values ( 235, 'Hospital Miguel Abreu');
insert into Transporta values ( 235, 'Hospital Miguel Abreu', 6, 95);
insert into Acciona values ( 235, 'Hospital Miguel Abreu', 95);
insert into Coordenador values ( 235);
insert into Audita values ( 235, 235, 'Hospital Miguel Abreu', 95, timestamp '2018-11-23 03:13:25', timestamp '2018-11-24 00:17:09', date '2018-11-23', 'Tendo concluido a minha auditoria, denota-se corrupção por parte de várias entidades ainda, termino a auditoria convicto de que não são necessários mais procedimentos.');
insert into Solicita values ( 235, timestamp '2018-07-27 01:16:56', 235, timestamp '2018-11-23 03:22:06', timestamp '2018-11-23 16:52:21');
insert into Camara values ( 236);
insert into Video values ( timestamp '2018-04-25 19:29:02', timestamp '2018-04-26 09:54:49', 236);
insert into SegmentoVideo values ( 0, '27705 seconds', timestamp '2018-04-25 19:29:02', 236);
insert into SegmentoVideo values ( 1, '24242 seconds', timestamp '2018-04-25 19:29:02', 236);
insert into Vigia values ( 'Queluz', 236);
insert into ProcessoSocorro values ( 236);
insert into EventoEmergencia values ( '956459827', timestamp '2018-03-29 10:53:15', 'Inês Antunes', 'Queluz', 236);
insert into EntidadeMeio values ( 'Esquadra de Mangualde');
insert into Meio values ( 236, 'Kit de primeiros socorros', 'Esquadra de Mangualde');
insert into MeioSocorro values ( 236, 'Esquadra de Mangualde');
insert into Transporta values ( 236, 'Esquadra de Mangualde', 5, 1);
insert into Acciona values ( 236, 'Esquadra de Mangualde', 1);
insert into Coordenador values ( 236);
insert into Audita values ( 236, 236, 'Esquadra de Mangualde', 1, timestamp '2018-10-20 08:58:54', timestamp '2018-11-07 16:04:21', date '2018-10-20', 'Tendo concluido a minha auditoria, foram cortados cantos por fim deixo a indicação de que uma maior investigação será necessária.');
insert into Solicita values ( 236, timestamp '2018-04-25 19:29:02', 236, timestamp '2018-11-04 00:39:28', timestamp '2018-11-04 22:51:27');
insert into Camara values ( 237);
insert into Video values ( timestamp '2018-01-02 02:59:41', timestamp '2018-01-02 14:29:05', 237);
insert into SegmentoVideo values ( 0, '17915 seconds', timestamp '2018-01-02 02:59:41', 237);
insert into SegmentoVideo values ( 1, '14211 seconds', timestamp '2018-01-02 02:59:41', 237);
insert into SegmentoVideo values ( 2, '9238 seconds', timestamp '2018-01-02 02:59:41', 237);
insert into Vigia values ( 'Beja', 237);
insert into ProcessoSocorro values ( 237);
insert into EventoEmergencia values ( '920460533', timestamp '2018-03-20 04:59:23', 'Daniel Correia', 'Beja', 237);
insert into EntidadeMeio values ( 'Bombeiros Voluntários de Angra do Heroísmo');
insert into Meio values ( 237, 'Ambulância', 'Bombeiros Voluntários de Angra do Heroísmo');
insert into MeioApoio values ( 237, 'Bombeiros Voluntários de Angra do Heroísmo');
insert into Alocado values ( 237, 'Bombeiros Voluntários de Angra do Heroísmo', 42, 180);
insert into Acciona values ( 237, 'Bombeiros Voluntários de Angra do Heroísmo', 180);
insert into Coordenador values ( 237);
insert into Audita values ( 237, 237, 'Bombeiros Voluntários de Angra do Heroísmo', 180, timestamp '2018-11-21 05:15:05', timestamp '2018-11-23 18:10:34', date '2018-11-21', 'Tendo concluido a minha auditoria, denota-se corrupção por parte de várias entidades assim dou por concluida esta auditoria.');
insert into Solicita values ( 237, timestamp '2018-01-02 02:59:41', 237, timestamp '2018-11-23 07:00:00', timestamp '2018-11-23 11:46:11');
insert into Camara values ( 238);
insert into Video values ( timestamp '2018-03-23 18:09:56', timestamp '2018-03-23 20:00:50', 238);
insert into SegmentoVideo values ( 0, '5908 seconds', timestamp '2018-03-23 18:09:56', 238);
insert into SegmentoVideo values ( 1, '746.0 seconds', timestamp '2018-03-23 18:09:56', 238);
insert into Vigia values ( 'Viana do Castelo', 238);
insert into ProcessoSocorro values ( 238);
insert into EventoEmergencia values ( '966140441', timestamp '2018-01-05 10:35:13', 'Daniel Guerreiro', 'Viana do Castelo', 238);
insert into EntidadeMeio values ( 'Fundação de Vizela');
insert into Meio values ( 238, 'Camião', 'Fundação de Vizela');
insert into MeioApoio values ( 238, 'Fundação de Vizela');
insert into Alocado values ( 238, 'Fundação de Vizela', 152, 108);
insert into Acciona values ( 238, 'Fundação de Vizela', 108);
insert into Coordenador values ( 238);
insert into Audita values ( 238, 238, 'Fundação de Vizela', 108, timestamp '2018-11-20 14:08:46', timestamp '2018-11-24 11:49:08', date '2018-11-20', 'Conclui que denota-se corrupção por parte de várias entidades ainda, termino a auditoria convicto de que não são necessários mais procedimentos.');
insert into Solicita values ( 238, timestamp '2018-03-23 18:09:56', 238, timestamp '2018-11-23 00:49:58', timestamp '2018-11-23 03:11:06');
insert into Camara values ( 239);
insert into Video values ( timestamp '2018-07-06 23:06:14', timestamp '2018-07-07 17:50:17', 239);
insert into SegmentoVideo values ( 0, '65563 seconds', timestamp '2018-07-06 23:06:14', 239);
insert into SegmentoVideo values ( 1, '1880.0 seconds', timestamp '2018-07-06 23:06:14', 239);
insert into Vigia values ( 'Espinho', 239);
insert into ProcessoSocorro values ( 239);
insert into EventoEmergencia values ( '957164751', timestamp '2018-05-04 22:45:41', 'Ana Figueiredo', 'Espinho', 239);
insert into EntidadeMeio values ( 'Hospital de Rio Tinto');
insert into Meio values ( 239, 'Helicoptero', 'Hospital de Rio Tinto');
insert into MeioCombate values ( 239, 'Hospital de Rio Tinto');
insert into Acciona values ( 239, 'Hospital de Rio Tinto', 120);
insert into Coordenador values ( 239);
insert into Audita values ( 239, 239, 'Hospital de Rio Tinto', 120, timestamp '2018-10-05 04:16:27', timestamp '2018-10-24 15:17:21', date '2018-10-05', 'Conclui que foram realizados todos os possíveis para alcançar um boa resolução por fim deixo a indicação de que uma maior investigação será necessária.');
insert into Solicita values ( 239, timestamp '2018-07-06 23:06:14', 239, timestamp '2018-10-09 14:28:33', timestamp '2018-10-21 23:51:46');
insert into Camara values ( 240);
insert into Video values ( timestamp '2018-07-30 01:25:05', timestamp '2018-07-30 08:52:11', 240);
insert into SegmentoVideo values ( 0, '4640 seconds', timestamp '2018-07-30 01:25:05', 240);
insert into SegmentoVideo values ( 1, '3353 seconds', timestamp '2018-07-30 01:25:05', 240);
insert into SegmentoVideo values ( 2, '18833 seconds', timestamp '2018-07-30 01:25:05', 240);
insert into Vigia values ( 'Faro', 240);
insert into ProcessoSocorro values ( 240);
insert into EventoEmergencia values ( '931808278', timestamp '2018-06-19 03:00:11', 'Cristiana Silva', 'Faro', 240);
insert into EntidadeMeio values ( 'Junta de Peso da Régua');
insert into Meio values ( 240, 'Drone', 'Junta de Peso da Régua');
insert into MeioSocorro values ( 240, 'Junta de Peso da Régua');
insert into Transporta values ( 240, 'Junta de Peso da Régua', 3, 165);
insert into Acciona values ( 240, 'Junta de Peso da Régua', 165);
insert into Coordenador values ( 240);
insert into Camara values ( 241);
insert into Video values ( timestamp '2018-10-19 04:00:50', timestamp '2018-10-19 13:24:22', 241);
insert into SegmentoVideo values ( 0, '18881 seconds', timestamp '2018-10-19 04:00:50', 241);
insert into SegmentoVideo values ( 1, '14931 seconds', timestamp '2018-10-19 04:00:50', 241);
insert into Vigia values ( 'Funchal', 241);
insert into ProcessoSocorro values ( 241);
insert into EventoEmergencia values ( '963991679', timestamp '2018-10-24 08:47:41', 'Ana Margato', 'Funchal', 241);
insert into EntidadeMeio values ( 'Camara de Fafe');
insert into Meio values ( 241, 'Esquadrão', 'Camara de Fafe');
insert into MeioCombate values ( 241, 'Camara de Fafe');
insert into Acciona values ( 241, 'Camara de Fafe', 224);
insert into Coordenador values ( 241);
insert into Audita values ( 241, 241, 'Camara de Fafe', 224, timestamp '2018-09-15 12:28:03', timestamp '2018-10-16 14:34:37', date '2018-09-15', 'Com base na minha análise, denota-se corrupção por parte de várias entidades ainda, termino a auditoria convicto de que não são necessários mais procedimentos.');
insert into Solicita values ( 241, timestamp '2018-10-19 04:00:50', 241, timestamp '2018-10-16 03:28:13', timestamp '2018-10-16 13:29:35');
insert into Camara values ( 242);
insert into Video values ( timestamp '2018-09-16 17:14:23', timestamp '2018-09-17 15:18:40', 242);
insert into SegmentoVideo values ( 0, '16297 seconds', timestamp '2018-09-16 17:14:23', 242);
insert into SegmentoVideo values ( 1, '63160 seconds', timestamp '2018-09-16 17:14:23', 242);
insert into Vigia values ( 'Braga', 242);
insert into ProcessoSocorro values ( 242);
insert into EventoEmergencia values ( '967952175', timestamp '2018-02-26 16:14:39', 'Cristiana Figueiredo', 'Braga', 242);
insert into EntidadeMeio values ( 'Esquadra João Martinho');
insert into Meio values ( 242, 'Psicólogo', 'Esquadra João Martinho');
insert into MeioSocorro values ( 242, 'Esquadra João Martinho');
insert into Transporta values ( 242, 'Esquadra João Martinho', 3, 44);
insert into Acciona values ( 242, 'Esquadra João Martinho', 44);
insert into Coordenador values ( 242);
insert into Camara values ( 243);
insert into Video values ( timestamp '2018-09-21 02:55:19', timestamp '2018-09-21 05:40:10', 243);
insert into SegmentoVideo values ( 0, '1086 seconds', timestamp '2018-09-21 02:55:19', 243);
insert into SegmentoVideo values ( 1, '8805 seconds', timestamp '2018-09-21 02:55:19', 243);
insert into Vigia values ( 'Entroncamento', 243);
insert into ProcessoSocorro values ( 243);
insert into EventoEmergencia values ( '957960468', timestamp '2018-06-05 09:10:20', 'Manel Martinho', 'Entroncamento', 243);
insert into EntidadeMeio values ( 'Camara Inês Rodrigues');
insert into Meio values ( 243, 'Drone', 'Camara Inês Rodrigues');
insert into MeioSocorro values ( 243, 'Camara Inês Rodrigues');
insert into Transporta values ( 243, 'Camara Inês Rodrigues', 6, 174);
insert into Acciona values ( 243, 'Camara Inês Rodrigues', 174);
insert into Coordenador values ( 243);
insert into Camara values ( 244);
insert into Video values ( timestamp '2018-06-12 15:27:06', timestamp '2018-06-13 13:28:15', 244);
insert into SegmentoVideo values ( 0, '14104 seconds', timestamp '2018-06-12 15:27:06', 244);
insert into SegmentoVideo values ( 1, '65165 seconds', timestamp '2018-06-12 15:27:06', 244);
insert into Vigia values ( 'Trofa', 244);
insert into ProcessoSocorro values ( 244);
insert into EventoEmergencia values ( '920626642', timestamp '2018-07-22 15:40:29', 'Ana Matos', 'Trofa', 244);
insert into EntidadeMeio values ( 'Quartel de Valongo');
insert into Meio values ( 244, 'Paramédico', 'Quartel de Valongo');
insert into MeioSocorro values ( 244, 'Quartel de Valongo');
insert into Transporta values ( 244, 'Quartel de Valongo', 5, 173);
insert into Acciona values ( 244, 'Quartel de Valongo', 173);
insert into Coordenador values ( 244);
insert into Audita values ( 244, 244, 'Quartel de Valongo', 173, timestamp '2018-11-13 20:59:21', timestamp '2018-11-21 16:05:05', date '2018-11-13', 'Com base na minha análise, foram cortados cantos assim dou por concluida esta auditoria.');
insert into Solicita values ( 244, timestamp '2018-06-12 15:27:06', 244, timestamp '2018-11-18 22:14:08', timestamp '2018-11-19 17:54:38');
insert into Camara values ( 245);
insert into Video values ( timestamp '2018-11-12 11:06:51', timestamp '2018-11-13 04:47:53', 245);
insert into SegmentoVideo values ( 0, '40528 seconds', timestamp '2018-11-12 11:06:51', 245);
insert into SegmentoVideo values ( 1, '23134 seconds', timestamp '2018-11-12 11:06:51', 245);
insert into Vigia values ( 'Mêda', 245);
insert into ProcessoSocorro values ( 245);
insert into EventoEmergencia values ( '942231347', timestamp '2018-08-27 11:16:46', 'Cristiana Correia', 'Mêda', 245);
insert into EntidadeMeio values ( 'Bombeiros Voluntários de Vila Baleira');
insert into Meio values ( 245, 'Esquadrão', 'Bombeiros Voluntários de Vila Baleira');
insert into MeioCombate values ( 245, 'Bombeiros Voluntários de Vila Baleira');
insert into Acciona values ( 245, 'Bombeiros Voluntários de Vila Baleira', 214);
insert into Coordenador values ( 245);
insert into Audita values ( 245, 245, 'Bombeiros Voluntários de Vila Baleira', 214, timestamp '2018-02-08 00:04:19', timestamp '2018-05-31 10:30:05', date '2018-02-08', 'Estou convicto que todo o processo decorreu dentro da lei assim dou por concluida esta auditoria.');
insert into Solicita values ( 245, timestamp '2018-11-12 11:06:51', 245, timestamp '2018-04-29 13:41:08', timestamp '2018-05-08 10:27:18');
insert into Camara values ( 246);
insert into Video values ( timestamp '2018-05-04 13:07:52', timestamp '2018-05-05 11:09:41', 246);
insert into SegmentoVideo values ( 0, '56855 seconds', timestamp '2018-05-04 13:07:52', 246);
insert into SegmentoVideo values ( 1, '22454 seconds', timestamp '2018-05-04 13:07:52', 246);
insert into Vigia values ( 'Barcelos', 246);
insert into ProcessoSocorro values ( 246);
insert into EventoEmergencia values ( '961159446', timestamp '2018-07-11 05:29:21', 'Miguel Nicolau', 'Barcelos', 246);
insert into EntidadeMeio values ( 'Junta Inês Silva');
insert into Meio values ( 246, 'Drone', 'Junta Inês Silva');
insert into MeioSocorro values ( 246, 'Junta Inês Silva');
insert into Transporta values ( 246, 'Junta Inês Silva', 6, 1);
insert into Acciona values ( 246, 'Junta Inês Silva', 1);
insert into Coordenador values ( 246);
insert into Audita values ( 246, 246, 'Junta Inês Silva', 1, timestamp '2018-10-31 11:24:34', timestamp '2018-11-21 22:34:56', date '2018-10-31', 'Acredito que foram cortados cantos por fim deixo a indicação de que uma maior investigação será necessária.');
insert into Solicita values ( 246, timestamp '2018-05-04 13:07:52', 246, timestamp '2018-11-09 16:24:16', timestamp '2018-11-13 06:23:17');
insert into Camara values ( 247);
insert into Video values ( timestamp '2018-09-08 09:26:49', timestamp '2018-09-08 19:43:30', 247);
insert into SegmentoVideo values ( 0, '34459 seconds', timestamp '2018-09-08 09:26:49', 247);
insert into SegmentoVideo values ( 1, '2542 seconds', timestamp '2018-09-08 09:26:49', 247);
insert into Vigia values ( 'Fiães', 247);
insert into ProcessoSocorro values ( 247);
insert into EventoEmergencia values ( '938204719', timestamp '2018-07-10 17:34:57', 'Carolina Rodrigues', 'Fiães', 247);
insert into EntidadeMeio values ( 'Fundação de Castelo Branco');
insert into Meio values ( 247, 'Desfibrilhador', 'Fundação de Castelo Branco');
insert into MeioSocorro values ( 247, 'Fundação de Castelo Branco');
insert into Transporta values ( 247, 'Fundação de Castelo Branco', 2, 122);
insert into Acciona values ( 247, 'Fundação de Castelo Branco', 122);
insert into Coordenador values ( 247);
insert into Audita values ( 247, 247, 'Fundação de Castelo Branco', 122, timestamp '2018-06-30 05:17:27', timestamp '2018-11-21 16:38:59', date '2018-06-30', 'Com base na minha análise, denota-se corrupção por parte de várias entidades ainda, termino a auditoria convicto de que não são necessários mais procedimentos.');
insert into Solicita values ( 247, timestamp '2018-09-08 09:26:49', 247, timestamp '2018-08-09 10:50:37', timestamp '2018-08-24 15:30:44');
insert into Camara values ( 248);
insert into Video values ( timestamp '2018-02-07 16:35:30', timestamp '2018-02-07 21:50:52', 248);
insert into SegmentoVideo values ( 0, '2194 seconds', timestamp '2018-02-07 16:35:30', 248);
insert into SegmentoVideo values ( 1, '16728 seconds', timestamp '2018-02-07 16:35:30', 248);
insert into Vigia values ( 'Trofa', 248);
insert into ProcessoSocorro values ( 248);
insert into EventoEmergencia values ( '946798595', timestamp '2018-07-29 14:47:54', 'Miguel Nicolau', 'Trofa', 248);
insert into EntidadeMeio values ( 'Bombeiros Voluntários Inês Nogueira');
insert into Meio values ( 248, 'Desfibrilhador', 'Bombeiros Voluntários Inês Nogueira');
insert into MeioSocorro values ( 248, 'Bombeiros Voluntários Inês Nogueira');
insert into Transporta values ( 248, 'Bombeiros Voluntários Inês Nogueira', 5, 154);
insert into Acciona values ( 248, 'Bombeiros Voluntários Inês Nogueira', 154);
insert into Coordenador values ( 248);
insert into Audita values ( 248, 248, 'Bombeiros Voluntários Inês Nogueira', 154, timestamp '2018-11-24 06:04:47', timestamp '2018-11-24 21:05:15', date '2018-11-24', 'Estou convicto que todo o processo decorreu dentro da lei assim dou por concluida esta auditoria.');
insert into Solicita values ( 248, timestamp '2018-02-07 16:35:30', 248, timestamp '2018-11-24 18:04:24', timestamp '2018-11-24 19:31:04');
insert into Camara values ( 249);
insert into Video values ( timestamp '2018-02-09 18:32:16', timestamp '2018-02-09 23:10:40', 249);
insert into SegmentoVideo values ( 0, '3850 seconds', timestamp '2018-02-09 18:32:16', 249);
insert into SegmentoVideo values ( 1, '12854 seconds', timestamp '2018-02-09 18:32:16', 249);
insert into Vigia values ( 'Paredes', 249);
insert into ProcessoSocorro values ( 249);
insert into EventoEmergencia values ( '965841625', timestamp '2018-04-02 22:08:54', 'Carolina Antunes', 'Paredes', 249);
insert into EntidadeMeio values ( 'Camara Marta Correia');
insert into Meio values ( 249, 'Esquadrão', 'Camara Marta Correia');
insert into MeioCombate values ( 249, 'Camara Marta Correia');
insert into Acciona values ( 249, 'Camara Marta Correia', 185);
insert into Coordenador values ( 249);
insert into Camara values ( 250);
insert into Video values ( timestamp '2018-03-05 09:17:41', timestamp '2018-03-06 02:18:34', 250);
insert into SegmentoVideo values ( 0, '43239 seconds', timestamp '2018-03-05 09:17:41', 250);
insert into SegmentoVideo values ( 1, '18014 seconds', timestamp '2018-03-05 09:17:41', 250);
insert into Vigia values ( 'Albufeira', 250);
insert into ProcessoSocorro values ( 250);
insert into EventoEmergencia values ( '915541236', timestamp '2018-06-29 17:49:52', 'Inês Coelho', 'Albufeira', 250);
insert into EntidadeMeio values ( 'Bombeiros Voluntários de Rebordosa');
insert into Meio values ( 250, 'Psicólogo', 'Bombeiros Voluntários de Rebordosa');
insert into MeioSocorro values ( 250, 'Bombeiros Voluntários de Rebordosa');
insert into Transporta values ( 250, 'Bombeiros Voluntários de Rebordosa', 3, 81);
insert into Acciona values ( 250, 'Bombeiros Voluntários de Rebordosa', 81);
insert into Coordenador values ( 250);
insert into Camara values ( 251);
insert into Video values ( timestamp '2018-06-04 09:20:00', timestamp '2018-06-05 05:33:03', 251);
insert into SegmentoVideo values ( 0, '50162 seconds', timestamp '2018-06-04 09:20:00', 251);
insert into SegmentoVideo values ( 1, '22621 seconds', timestamp '2018-06-04 09:20:00', 251);
insert into Vigia values ( 'Coimbra', 251);
insert into ProcessoSocorro values ( 251);
insert into EventoEmergencia values ( '959574382', timestamp '2018-06-02 04:46:23', 'Marta Matos', 'Coimbra', 251);
insert into EntidadeMeio values ( 'Esquadra de Alfena');
insert into Meio values ( 251, 'Maca', 'Esquadra de Alfena');
insert into MeioApoio values ( 251, 'Esquadra de Alfena');
insert into Alocado values ( 251, 'Esquadra de Alfena', 11, 96);
insert into Acciona values ( 251, 'Esquadra de Alfena', 96);
insert into Coordenador values ( 251);
insert into Audita values ( 251, 251, 'Esquadra de Alfena', 96, timestamp '2018-11-21 19:51:37', timestamp '2018-11-24 01:49:46', date '2018-11-21', 'Conclui que foram realizados todos os possíveis para alcançar um boa resolução por fim deixo a indicação de que uma maior investigação será necessária.');
insert into Solicita values ( 251, timestamp '2018-06-04 09:20:00', 251, timestamp '2018-11-23 19:41:19', timestamp '2018-11-23 20:57:17');
insert into Camara values ( 252);
insert into Video values ( timestamp '2018-10-15 15:58:35', timestamp '2018-10-15 18:52:27', 252);
insert into SegmentoVideo values ( 0, '5242 seconds', timestamp '2018-10-15 15:58:35', 252);
insert into SegmentoVideo values ( 1, '5190 seconds', timestamp '2018-10-15 15:58:35', 252);
insert into Vigia values ( 'Mealhada', 252);
insert into ProcessoSocorro values ( 252);
insert into EventoEmergencia values ( '936814715', timestamp '2018-11-06 22:53:01', 'Carolina Nogueira', 'Mealhada', 252);
insert into EntidadeMeio values ( 'Hospital Tiago Valério');
insert into Meio values ( 252, 'Kit de primeiros socorros', 'Hospital Tiago Valério');
insert into MeioSocorro values ( 252, 'Hospital Tiago Valério');
insert into Transporta values ( 252, 'Hospital Tiago Valério', 1, 182);
insert into Acciona values ( 252, 'Hospital Tiago Valério', 182);
insert into Coordenador values ( 252);
insert into Camara values ( 253);
insert into Video values ( timestamp '2018-04-26 19:47:54', timestamp '2018-04-27 16:32:39', 253);
insert into SegmentoVideo values ( 0, '27186 seconds', timestamp '2018-04-26 19:47:54', 253);
insert into SegmentoVideo values ( 1, '47499 seconds', timestamp '2018-04-26 19:47:54', 253);
insert into Vigia values ( 'Mealhada', 253);
insert into ProcessoSocorro values ( 253);
insert into EventoEmergencia values ( '949452036', timestamp '2018-03-17 05:37:32', 'Daniel Martinho', 'Mealhada', 253);
insert into EntidadeMeio values ( 'Esquadra Catarina Valério');
insert into Meio values ( 253, 'Esquadrão', 'Esquadra Catarina Valério');
insert into MeioCombate values ( 253, 'Esquadra Catarina Valério');
insert into Acciona values ( 253, 'Esquadra Catarina Valério', 104);
insert into Coordenador values ( 253);
insert into Camara values ( 254);
insert into Video values ( timestamp '2018-10-08 00:43:01', timestamp '2018-10-08 11:41:47', 254);
insert into SegmentoVideo values ( 0, '21060 seconds', timestamp '2018-10-08 00:43:01', 254);
insert into SegmentoVideo values ( 1, '2253 seconds', timestamp '2018-10-08 00:43:01', 254);
insert into SegmentoVideo values ( 2, '5730 seconds', timestamp '2018-10-08 00:43:01', 254);
insert into SegmentoVideo values ( 3, '10483 seconds', timestamp '2018-10-08 00:43:01', 254);
insert into Vigia values ( 'Loures', 254);
insert into ProcessoSocorro values ( 254);
insert into EventoEmergencia values ( '922831571', timestamp '2018-10-12 21:59:34', 'Rita Guerreiro', 'Loures', 254);
insert into EntidadeMeio values ( 'Esquadra de Horta');
insert into Meio values ( 254, 'Paramédico', 'Esquadra de Horta');
insert into MeioSocorro values ( 254, 'Esquadra de Horta');
insert into Transporta values ( 254, 'Esquadra de Horta', 2, 133);
insert into Acciona values ( 254, 'Esquadra de Horta', 133);
insert into Coordenador values ( 254);
insert into Audita values ( 254, 254, 'Esquadra de Horta', 133, timestamp '2018-11-08 01:45:59', timestamp '2018-11-15 08:36:46', date '2018-11-08', 'Tendo concluido a minha auditoria, foram realizados todos os possíveis para alcançar um boa resolução ainda, termino a auditoria convicto de que não são necessários mais procedimentos.');
insert into Solicita values ( 254, timestamp '2018-10-08 00:43:01', 254, timestamp '2018-11-13 12:40:57', timestamp '2018-11-14 04:03:56');
insert into Camara values ( 255);
insert into Video values ( timestamp '2018-09-13 16:50:00', timestamp '2018-09-14 04:20:08', 255);
insert into SegmentoVideo values ( 0, '2602 seconds', timestamp '2018-09-13 16:50:00', 255);
insert into SegmentoVideo values ( 1, '38806 seconds', timestamp '2018-09-13 16:50:00', 255);
insert into Vigia values ( 'Ourém', 255);
insert into ProcessoSocorro values ( 255);
insert into EventoEmergencia values ( '952809839', timestamp '2018-05-31 09:18:23', 'Manel Margato', 'Ourém', 255);
insert into EntidadeMeio values ( 'Bombeiros Municipais Ana Figueiredo');
insert into Meio values ( 255, 'Helicoptero', 'Bombeiros Municipais Ana Figueiredo');
insert into MeioApoio values ( 255, 'Bombeiros Municipais Ana Figueiredo');
insert into Alocado values ( 255, 'Bombeiros Municipais Ana Figueiredo', 158, 183);
insert into Acciona values ( 255, 'Bombeiros Municipais Ana Figueiredo', 183);
insert into Coordenador values ( 255);
insert into Audita values ( 255, 255, 'Bombeiros Municipais Ana Figueiredo', 183, timestamp '2018-10-27 21:31:40', timestamp '2018-10-29 00:34:12', date '2018-10-27', 'Estou convicto que foram realizados todos os possíveis para alcançar um boa resolução por fim deixo a indicação de que uma maior investigação será necessária.');
insert into Solicita values ( 255, timestamp '2018-09-13 16:50:00', 255, timestamp '2018-10-28 00:09:44', timestamp '2018-10-28 01:25:07');
insert into Camara values ( 256);
insert into Video values ( timestamp '2018-05-17 18:13:13', timestamp '2018-05-17 18:29:16', 256);
insert into SegmentoVideo values ( 0, '963.0 seconds', timestamp '2018-05-17 18:13:13', 256);
insert into Vigia values ( 'Almada', 256);
insert into ProcessoSocorro values ( 256);
insert into EventoEmergencia values ( '962145389', timestamp '2018-09-29 20:45:50', 'Daniel Nogueira', 'Almada', 256);
insert into EntidadeMeio values ( 'Camara Cristiana Coelho');
insert into Meio values ( 256, 'Desfibrilhador', 'Camara Cristiana Coelho');
insert into MeioSocorro values ( 256, 'Camara Cristiana Coelho');
insert into Transporta values ( 256, 'Camara Cristiana Coelho', 2, 224);
insert into Acciona values ( 256, 'Camara Cristiana Coelho', 224);
insert into Coordenador values ( 256);
insert into Camara values ( 257);
insert into Video values ( timestamp '2018-01-31 05:24:38', timestamp '2018-01-31 19:07:56', 257);
insert into SegmentoVideo values ( 0, '39295 seconds', timestamp '2018-01-31 05:24:38', 257);
insert into SegmentoVideo values ( 1, '10103 seconds', timestamp '2018-01-31 05:24:38', 257);
insert into Vigia values ( 'Ourém', 257);
insert into ProcessoSocorro values ( 257);
insert into EventoEmergencia values ( '969869516', timestamp '2018-07-16 07:56:12', 'Francisco Nicolau', 'Ourém', 257);
insert into EntidadeMeio values ( 'Esquadra Catarina Correia');
insert into Meio values ( 257, 'Rações', 'Esquadra Catarina Correia');
insert into MeioCombate values ( 257, 'Esquadra Catarina Correia');
insert into Acciona values ( 257, 'Esquadra Catarina Correia', 10);
insert into Coordenador values ( 257);
insert into Camara values ( 258);
insert into Video values ( timestamp '2018-08-05 08:58:51', timestamp '2018-08-05 16:40:46', 258);
insert into SegmentoVideo values ( 0, '17489 seconds', timestamp '2018-08-05 08:58:51', 258);
insert into SegmentoVideo values ( 1, '10226 seconds', timestamp '2018-08-05 08:58:51', 258);
insert into Vigia values ( 'Lamego', 258);
insert into ProcessoSocorro values ( 258);
insert into EventoEmergencia values ( '910342659', timestamp '2018-06-28 03:12:49', 'Cristiana Nogueira', 'Lamego', 258);
insert into EntidadeMeio values ( 'Quartel Miguel Antunes');
insert into Meio values ( 258, 'Ambulância', 'Quartel Miguel Antunes');
insert into MeioApoio values ( 258, 'Quartel Miguel Antunes');
insert into Alocado values ( 258, 'Quartel Miguel Antunes', 132, 167);
insert into Acciona values ( 258, 'Quartel Miguel Antunes', 167);
insert into Coordenador values ( 258);
insert into Audita values ( 258, 258, 'Quartel Miguel Antunes', 167, timestamp '2018-09-11 04:31:26', timestamp '2018-09-23 12:12:31', date '2018-09-11', 'Estou convicto que foram realizados todos os possíveis para alcançar um boa resolução ainda, termino a auditoria convicto de que não são necessários mais procedimentos.');
insert into Solicita values ( 258, timestamp '2018-08-05 08:58:51', 258, timestamp '2018-09-14 07:17:00', timestamp '2018-09-19 22:27:58');
insert into Camara values ( 259);
insert into Video values ( timestamp '2018-09-01 11:50:35', timestamp '2018-09-01 19:50:21', 259);
insert into SegmentoVideo values ( 0, '3383 seconds', timestamp '2018-09-01 11:50:35', 259);
insert into SegmentoVideo values ( 1, '25403 seconds', timestamp '2018-09-01 11:50:35', 259);
insert into Vigia values ( 'Quarteira', 259);
insert into ProcessoSocorro values ( 259);
insert into EventoEmergencia values ( '933329521', timestamp '2018-07-16 01:42:27', 'Inês Martinho', 'Quarteira', 259);
insert into EntidadeMeio values ( 'Quartel de Agualva-Cacém');
insert into Meio values ( 259, 'Psicólogo', 'Quartel de Agualva-Cacém');
insert into MeioSocorro values ( 259, 'Quartel de Agualva-Cacém');
insert into Transporta values ( 259, 'Quartel de Agualva-Cacém', 6, 130);
insert into Acciona values ( 259, 'Quartel de Agualva-Cacém', 130);
insert into Coordenador values ( 259);
insert into Camara values ( 260);
insert into Video values ( timestamp '2018-05-24 02:10:21', timestamp '2018-05-24 19:05:10', 260);
insert into SegmentoVideo values ( 0, '5661 seconds', timestamp '2018-05-24 02:10:21', 260);
insert into SegmentoVideo values ( 1, '40474 seconds', timestamp '2018-05-24 02:10:21', 260);
insert into SegmentoVideo values ( 2, '14754 seconds', timestamp '2018-05-24 02:10:21', 260);
insert into Vigia values ( 'Sacavém', 260);
insert into ProcessoSocorro values ( 260);
insert into EventoEmergencia values ( '931091969', timestamp '2018-02-10 00:01:39', 'Joana Abreu', 'Sacavém', 260);
insert into EntidadeMeio values ( 'Bombeiros Municipais Joana Abreu');
insert into Meio values ( 260, 'Psicólogo', 'Bombeiros Municipais Joana Abreu');
insert into MeioSocorro values ( 260, 'Bombeiros Municipais Joana Abreu');
insert into Transporta values ( 260, 'Bombeiros Municipais Joana Abreu', 2, 255);
insert into Acciona values ( 260, 'Bombeiros Municipais Joana Abreu', 255);
insert into Coordenador values ( 260);
insert into Camara values ( 261);
insert into Video values ( timestamp '2018-10-13 18:06:26', timestamp '2018-10-14 00:33:34', 261);
insert into SegmentoVideo values ( 0, '5876 seconds', timestamp '2018-10-13 18:06:26', 261);
insert into SegmentoVideo values ( 1, '12771 seconds', timestamp '2018-10-13 18:06:26', 261);
insert into SegmentoVideo values ( 2, '1098 seconds', timestamp '2018-10-13 18:06:26', 261);
insert into SegmentoVideo values ( 3, '3483 seconds', timestamp '2018-10-13 18:06:26', 261);
insert into Vigia values ( 'Seia', 261);
insert into ProcessoSocorro values ( 261);
insert into EventoEmergencia values ( '953303505', timestamp '2018-09-08 02:40:36', 'António Guerreiro', 'Seia', 261);
insert into EntidadeMeio values ( 'Bombeiros Municipais Tiago Rodrigues');
insert into Meio values ( 261, 'Carro', 'Bombeiros Municipais Tiago Rodrigues');
insert into MeioApoio values ( 261, 'Bombeiros Municipais Tiago Rodrigues');
insert into Alocado values ( 261, 'Bombeiros Municipais Tiago Rodrigues', 126, 95);
insert into Acciona values ( 261, 'Bombeiros Municipais Tiago Rodrigues', 95);
insert into Coordenador values ( 261);
insert into Camara values ( 262);
insert into Video values ( timestamp '2018-07-04 13:33:12', timestamp '2018-07-05 02:56:33', 262);
insert into SegmentoVideo values ( 0, '33524 seconds', timestamp '2018-07-04 13:33:12', 262);
insert into SegmentoVideo values ( 1, '14677 seconds', timestamp '2018-07-04 13:33:12', 262);
insert into Vigia values ( 'Gondomar', 262);
insert into ProcessoSocorro values ( 262);
insert into EventoEmergencia values ( '955380048', timestamp '2018-04-13 06:44:51', 'Pedro Nicolau', 'Gondomar', 262);
insert into EntidadeMeio values ( 'Junta Marta Antunes');
insert into Meio values ( 262, 'Camião', 'Junta Marta Antunes');
insert into MeioApoio values ( 262, 'Junta Marta Antunes');
insert into Alocado values ( 262, 'Junta Marta Antunes', 100, 93);
insert into Acciona values ( 262, 'Junta Marta Antunes', 93);
insert into Coordenador values ( 262);
insert into Camara values ( 263);
insert into Video values ( timestamp '2018-08-10 18:45:50', timestamp '2018-08-10 20:15:43', 263);
insert into SegmentoVideo values ( 0, '2653 seconds', timestamp '2018-08-10 18:45:50', 263);
insert into SegmentoVideo values ( 1, '2740 seconds', timestamp '2018-08-10 18:45:50', 263);
insert into Vigia values ( 'Torres Novas', 263);
insert into ProcessoSocorro values ( 263);
insert into EventoEmergencia values ( '926976623', timestamp '2018-08-24 00:09:54', 'Pedro Figueiredo', 'Torres Novas', 263);
insert into EntidadeMeio values ( 'Esquadra de Santo Tirso');
insert into Meio values ( 263, 'Paramédico', 'Esquadra de Santo Tirso');
insert into MeioSocorro values ( 263, 'Esquadra de Santo Tirso');
insert into Transporta values ( 263, 'Esquadra de Santo Tirso', 6, 168);
insert into Acciona values ( 263, 'Esquadra de Santo Tirso', 168);
insert into Coordenador values ( 263);
insert into Audita values ( 263, 263, 'Esquadra de Santo Tirso', 168, timestamp '2018-08-12 23:54:08', timestamp '2018-10-24 20:19:11', date '2018-08-12', 'Com base na minha análise, denota-se corrupção por parte de várias entidades ainda, termino a auditoria convicto de que não são necessários mais procedimentos.');
insert into Solicita values ( 263, timestamp '2018-08-10 18:45:50', 263, timestamp '2018-09-12 09:44:15', timestamp '2018-10-16 01:05:48');
insert into Camara values ( 264);
insert into Video values ( timestamp '2018-06-19 22:19:02', timestamp '2018-06-20 15:17:20', 264);
insert into SegmentoVideo values ( 0, '18094 seconds', timestamp '2018-06-19 22:19:02', 264);
insert into SegmentoVideo values ( 1, '43004 seconds', timestamp '2018-06-19 22:19:02', 264);
insert into Vigia values ( 'Lagos', 264);
insert into ProcessoSocorro values ( 264);
insert into EventoEmergencia values ( '969092108', timestamp '2018-03-31 15:16:49', 'Tiago Antunes', 'Lagos', 264);
insert into EntidadeMeio values ( 'Camara de Câmara de Lobos');
insert into Meio values ( 264, 'Helicoptero', 'Camara de Câmara de Lobos');
insert into MeioCombate values ( 264, 'Camara de Câmara de Lobos');
insert into Acciona values ( 264, 'Camara de Câmara de Lobos', 50);
insert into Coordenador values ( 264);
insert into Audita values ( 264, 264, 'Camara de Câmara de Lobos', 50, timestamp '2018-06-23 19:15:27', timestamp '2018-07-05 18:14:22', date '2018-06-23', 'Estou convicto que foram cortados cantos por fim deixo a indicação de que uma maior investigação será necessária.');
insert into Solicita values ( 264, timestamp '2018-06-19 22:19:02', 264, timestamp '2018-07-01 22:47:46', timestamp '2018-07-02 17:44:37');
insert into Camara values ( 265);
insert into Video values ( timestamp '2018-07-11 01:24:19', timestamp '2018-07-11 23:44:53', 265);
insert into SegmentoVideo values ( 0, '61109 seconds', timestamp '2018-07-11 01:24:19', 265);
insert into SegmentoVideo values ( 1, '19325 seconds', timestamp '2018-07-11 01:24:19', 265);
insert into Vigia values ( 'Seixal', 265);
insert into ProcessoSocorro values ( 265);
insert into EventoEmergencia values ( '933925939', timestamp '2018-09-21 23:18:57', 'Cristiana Antunes', 'Seixal', 265);
insert into EntidadeMeio values ( 'Fundação de Ponta Delgada');
insert into Meio values ( 265, 'Bombeiros', 'Fundação de Ponta Delgada');
insert into MeioCombate values ( 265, 'Fundação de Ponta Delgada');
insert into Acciona values ( 265, 'Fundação de Ponta Delgada', 198);
insert into Coordenador values ( 265);
insert into Camara values ( 266);
insert into Video values ( timestamp '2018-04-10 05:56:40', timestamp '2018-04-10 10:13:29', 266);
insert into SegmentoVideo values ( 0, '8999 seconds', timestamp '2018-04-10 05:56:40', 266);
insert into SegmentoVideo values ( 1, '6410 seconds', timestamp '2018-04-10 05:56:40', 266);
insert into Vigia values ( 'Fátima', 266);
insert into ProcessoSocorro values ( 266);
insert into EventoEmergencia values ( '937954764', timestamp '2018-05-11 20:19:24', 'Daniel Silva', 'Fátima', 266);
insert into EntidadeMeio values ( 'Camara de Marco de Canaveses');
insert into Meio values ( 266, 'Rações', 'Camara de Marco de Canaveses');
insert into MeioCombate values ( 266, 'Camara de Marco de Canaveses');
insert into Acciona values ( 266, 'Camara de Marco de Canaveses', 120);
insert into Coordenador values ( 266);
insert into Camara values ( 267);
insert into Video values ( timestamp '2018-02-26 18:06:09', timestamp '2018-02-27 03:41:48', 267);
insert into SegmentoVideo values ( 0, '8230 seconds', timestamp '2018-02-26 18:06:09', 267);
insert into SegmentoVideo values ( 1, '26309 seconds', timestamp '2018-02-26 18:06:09', 267);
insert into Vigia values ( 'Anadia', 267);
insert into ProcessoSocorro values ( 267);
insert into EventoEmergencia values ( '967641341', timestamp '2018-07-10 03:42:14', 'Miguel Valério', 'Anadia', 267);
insert into EntidadeMeio values ( 'Camara de Entroncamento');
insert into Meio values ( 267, 'Mâscaras de fumo', 'Camara de Entroncamento');
insert into MeioCombate values ( 267, 'Camara de Entroncamento');
insert into Acciona values ( 267, 'Camara de Entroncamento', 120);
insert into Coordenador values ( 267);
insert into Audita values ( 267, 267, 'Camara de Entroncamento', 120, timestamp '2018-05-27 02:25:38', timestamp '2018-11-13 22:46:20', date '2018-05-27', 'Estou convicto que denota-se corrupção por parte de várias entidades ainda, termino a auditoria convicto de que não são necessários mais procedimentos.');
insert into Solicita values ( 267, timestamp '2018-02-26 18:06:09', 267, timestamp '2018-06-03 06:17:13', timestamp '2018-09-18 23:03:38');
insert into Camara values ( 268);
insert into Video values ( timestamp '2018-08-21 00:51:48', timestamp '2018-08-21 21:25:07', 268);
insert into SegmentoVideo values ( 0, '42361 seconds', timestamp '2018-08-21 00:51:48', 268);
insert into SegmentoVideo values ( 1, '31638 seconds', timestamp '2018-08-21 00:51:48', 268);
insert into Vigia values ( 'Montijo', 268);
insert into ProcessoSocorro values ( 268);
insert into EventoEmergencia values ( '921238830', timestamp '2018-02-05 22:20:23', 'Cristiana Martinho', 'Montijo', 268);
insert into EntidadeMeio values ( 'Bombeiros Municipais de Oliveira do Hospital');
insert into Meio values ( 268, 'Esquadrão', 'Bombeiros Municipais de Oliveira do Hospital');
insert into MeioCombate values ( 268, 'Bombeiros Municipais de Oliveira do Hospital');
insert into Acciona values ( 268, 'Bombeiros Municipais de Oliveira do Hospital', 10);
insert into Coordenador values ( 268);
insert into Audita values ( 268, 268, 'Bombeiros Municipais de Oliveira do Hospital', 10, timestamp '2018-11-22 17:42:34', timestamp '2018-11-23 01:03:32', date '2018-11-22', 'Tendo concluido a minha auditoria, foram realizados todos os possíveis para alcançar um boa resolução por fim deixo a indicação de que uma maior investigação será necessária.');
insert into Solicita values ( 268, timestamp '2018-08-21 00:51:48', 268, timestamp '2018-11-22 20:22:06', timestamp '2018-11-22 21:02:49');
insert into Camara values ( 269);
insert into Video values ( timestamp '2018-08-02 12:24:00', timestamp '2018-08-02 12:42:48', 269);
insert into SegmentoVideo values ( 0, '217 seconds', timestamp '2018-08-02 12:24:00', 269);
insert into SegmentoVideo values ( 1, '911 seconds', timestamp '2018-08-02 12:24:00', 269);
insert into Vigia values ( 'Odivelas', 269);
insert into ProcessoSocorro values ( 269);
insert into EventoEmergencia values ( '937977203', timestamp '2018-07-13 22:13:34', 'Francisco Silva', 'Odivelas', 269);
insert into EntidadeMeio values ( 'Junta Pedro Guerreiro');
insert into Meio values ( 269, 'Carro', 'Junta Pedro Guerreiro');
insert into MeioApoio values ( 269, 'Junta Pedro Guerreiro');
insert into Alocado values ( 269, 'Junta Pedro Guerreiro', 118, 27);
insert into Acciona values ( 269, 'Junta Pedro Guerreiro', 27);
insert into Coordenador values ( 269);
insert into Camara values ( 270);
insert into Video values ( timestamp '2018-10-23 15:57:33', timestamp '2018-10-24 12:11:15', 270);
insert into SegmentoVideo values ( 0, '48359 seconds', timestamp '2018-10-23 15:57:33', 270);
insert into SegmentoVideo values ( 1, '22394 seconds', timestamp '2018-10-23 15:57:33', 270);
insert into SegmentoVideo values ( 2, '2069 seconds', timestamp '2018-10-23 15:57:33', 270);
insert into Vigia values ( 'Funchal', 270);
insert into ProcessoSocorro values ( 270);
insert into EventoEmergencia values ( '968486063', timestamp '2018-01-01 22:42:25', 'Carolina Nicolau', 'Funchal', 270);
insert into EntidadeMeio values ( 'Camara Joana Matos');
insert into Meio values ( 270, 'Rações', 'Camara Joana Matos');
insert into MeioCombate values ( 270, 'Camara Joana Matos');
insert into Acciona values ( 270, 'Camara Joana Matos', 115);
insert into Coordenador values ( 270);
insert into Camara values ( 271);
insert into Video values ( timestamp '2018-05-08 10:17:44', timestamp '2018-05-08 11:36:02', 271);
insert into SegmentoVideo values ( 0, '2340 seconds', timestamp '2018-05-08 10:17:44', 271);
insert into SegmentoVideo values ( 1, '2358 seconds', timestamp '2018-05-08 10:17:44', 271);
insert into Vigia values ( 'Coimbra', 271);
insert into ProcessoSocorro values ( 271);
insert into EventoEmergencia values ( '927009184', timestamp '2018-03-12 01:01:53', 'António Valério', 'Coimbra', 271);
insert into EntidadeMeio values ( 'Bombeiros Municipais de Elvas');
insert into Meio values ( 271, 'Ambulância', 'Bombeiros Municipais de Elvas');
insert into MeioApoio values ( 271, 'Bombeiros Municipais de Elvas');
insert into Alocado values ( 271, 'Bombeiros Municipais de Elvas', 60, 149);
insert into Acciona values ( 271, 'Bombeiros Municipais de Elvas', 149);
insert into Coordenador values ( 271);
insert into Camara values ( 272);
insert into Video values ( timestamp '2018-02-07 17:37:18', timestamp '2018-02-08 12:04:45', 272);
insert into SegmentoVideo values ( 0, '26110 seconds', timestamp '2018-02-07 17:37:18', 272);
insert into SegmentoVideo values ( 1, '9527 seconds', timestamp '2018-02-07 17:37:18', 272);
insert into SegmentoVideo values ( 2, '26732 seconds', timestamp '2018-02-07 17:37:18', 272);
insert into SegmentoVideo values ( 3, '4078 seconds', timestamp '2018-02-07 17:37:18', 272);
insert into Vigia values ( 'Paços de Ferreira', 272);
insert into ProcessoSocorro values ( 272);
insert into EventoEmergencia values ( '927982079', timestamp '2018-05-10 21:36:24', 'Joana Valério', 'Paços de Ferreira', 272);
insert into EntidadeMeio values ( 'Junta Rita Coelho');
insert into Meio values ( 272, 'Mâscaras de fumo', 'Junta Rita Coelho');
insert into MeioCombate values ( 272, 'Junta Rita Coelho');
insert into Acciona values ( 272, 'Junta Rita Coelho', 73);
insert into Coordenador values ( 272);
insert into Audita values ( 272, 272, 'Junta Rita Coelho', 73, timestamp '2018-06-02 08:26:16', timestamp '2018-11-05 05:37:44', date '2018-06-02', 'Conclui que todo o processo decorreu dentro da lei assim dou por concluida esta auditoria.');
insert into Solicita values ( 272, timestamp '2018-02-07 17:37:18', 272, timestamp '2018-08-12 23:42:48', timestamp '2018-10-15 10:30:10');
insert into Camara values ( 273);
insert into Video values ( timestamp '2018-01-29 15:37:27', timestamp '2018-01-30 10:59:41', 273);
insert into SegmentoVideo values ( 0, '19041 seconds', timestamp '2018-01-29 15:37:27', 273);
insert into SegmentoVideo values ( 1, '844 seconds', timestamp '2018-01-29 15:37:27', 273);
insert into SegmentoVideo values ( 2, '49849 seconds', timestamp '2018-01-29 15:37:27', 273);
insert into Vigia values ( 'Figueira da Foz', 273);
insert into ProcessoSocorro values ( 273);
insert into EventoEmergencia values ( '928395530', timestamp '2018-02-13 02:47:55', 'João Abreu', 'Figueira da Foz', 273);
insert into EntidadeMeio values ( 'Camara Carolina Nicolau');
insert into Meio values ( 273, 'Desfibrilhador', 'Camara Carolina Nicolau');
insert into MeioSocorro values ( 273, 'Camara Carolina Nicolau');
insert into Transporta values ( 273, 'Camara Carolina Nicolau', 1, 121);
insert into Acciona values ( 273, 'Camara Carolina Nicolau', 121);
insert into Coordenador values ( 273);
insert into Camara values ( 274);
insert into Video values ( timestamp '2018-04-01 00:03:55', timestamp '2018-04-01 05:50:32', 274);
insert into SegmentoVideo values ( 0, '4491 seconds', timestamp '2018-04-01 00:03:55', 274);
insert into SegmentoVideo values ( 1, '16306 seconds', timestamp '2018-04-01 00:03:55', 274);
insert into Vigia values ( 'Albergaria-a-Velha', 274);
insert into ProcessoSocorro values ( 274);
insert into EventoEmergencia values ( '939295873', timestamp '2018-06-19 07:51:06', 'Ana Vitorino', 'Albergaria-a-Velha', 274);
insert into EntidadeMeio values ( 'Esquadra de Ovar');
insert into Meio values ( 274, 'Paramédico', 'Esquadra de Ovar');
insert into MeioSocorro values ( 274, 'Esquadra de Ovar');
insert into Transporta values ( 274, 'Esquadra de Ovar', 6, 113);
insert into Acciona values ( 274, 'Esquadra de Ovar', 113);
insert into Coordenador values ( 274);
insert into Audita values ( 274, 274, 'Esquadra de Ovar', 113, timestamp '2018-11-17 17:40:24', timestamp '2018-11-23 22:05:17', date '2018-11-17', 'Estou convicto que foram cortados cantos ainda, termino a auditoria convicto de que não são necessários mais procedimentos.');
insert into Solicita values ( 274, timestamp '2018-04-01 00:03:55', 274, timestamp '2018-11-19 01:06:50', timestamp '2018-11-23 19:51:56');
insert into Camara values ( 275);
insert into Video values ( timestamp '2018-04-15 14:57:02', timestamp '2018-04-16 04:08:18', 275);
insert into SegmentoVideo values ( 0, '28491 seconds', timestamp '2018-04-15 14:57:02', 275);
insert into SegmentoVideo values ( 1, '12631 seconds', timestamp '2018-04-15 14:57:02', 275);
insert into SegmentoVideo values ( 2, '6354 seconds', timestamp '2018-04-15 14:57:02', 275);
insert into Vigia values ( 'Vendas Novas', 275);
insert into ProcessoSocorro values ( 275);
insert into EventoEmergencia values ( '963651914', timestamp '2018-08-26 00:47:45', 'Pedro Nogueira', 'Vendas Novas', 275);
insert into EntidadeMeio values ( 'Fundação de Estarreja');
insert into Meio values ( 275, 'Mâscaras de fumo', 'Fundação de Estarreja');
insert into MeioCombate values ( 275, 'Fundação de Estarreja');
insert into Acciona values ( 275, 'Fundação de Estarreja', 16);
insert into Coordenador values ( 275);
insert into Audita values ( 275, 275, 'Fundação de Estarreja', 16, timestamp '2018-04-28 09:03:22', timestamp '2018-08-15 18:02:54', date '2018-04-28', 'Estou convicto que foram cortados cantos por fim deixo a indicação de que uma maior investigação será necessária.');
insert into Solicita values ( 275, timestamp '2018-04-15 14:57:02', 275, timestamp '2018-07-06 15:26:11', timestamp '2018-07-22 22:55:43');
insert into Camara values ( 276);
insert into Video values ( timestamp '2018-07-16 20:45:59', timestamp '2018-07-17 17:16:52', 276);
insert into SegmentoVideo values ( 0, '21563 seconds', timestamp '2018-07-16 20:45:59', 276);
insert into SegmentoVideo values ( 1, '52290 seconds', timestamp '2018-07-16 20:45:59', 276);
insert into Vigia values ( 'Santo Tirso', 276);
insert into ProcessoSocorro values ( 276);
insert into EventoEmergencia values ( '935714238', timestamp '2018-10-09 16:44:40', 'Tiago Antunes', 'Santo Tirso', 276);
insert into EntidadeMeio values ( 'Bombeiros Municipais Joana Margato');
insert into Meio values ( 276, 'Desfibrilhador', 'Bombeiros Municipais Joana Margato');
insert into MeioSocorro values ( 276, 'Bombeiros Municipais Joana Margato');
insert into Transporta values ( 276, 'Bombeiros Municipais Joana Margato', 4, 29);
insert into Acciona values ( 276, 'Bombeiros Municipais Joana Margato', 29);
insert into Coordenador values ( 276);
insert into Camara values ( 277);
insert into Video values ( timestamp '2018-08-21 17:54:19', timestamp '2018-08-22 07:50:33', 277);
insert into SegmentoVideo values ( 0, '10135 seconds', timestamp '2018-08-21 17:54:19', 277);
insert into SegmentoVideo values ( 1, '40039 seconds', timestamp '2018-08-21 17:54:19', 277);
insert into Vigia values ( 'Costa da Caparica', 277);
insert into ProcessoSocorro values ( 277);
insert into EventoEmergencia values ( '940902801', timestamp '2018-01-28 05:25:47', 'Marta Margato', 'Costa da Caparica', 277);
insert into EntidadeMeio values ( 'Esquadra de Mirandela');
insert into Meio values ( 277, 'Camião', 'Esquadra de Mirandela');
insert into MeioApoio values ( 277, 'Esquadra de Mirandela');
insert into Alocado values ( 277, 'Esquadra de Mirandela', 85, 36);
insert into Acciona values ( 277, 'Esquadra de Mirandela', 36);
insert into Coordenador values ( 277);
insert into Camara values ( 278);
insert into Video values ( timestamp '2018-10-16 06:48:46', timestamp '2018-10-17 00:13:15', 278);
insert into SegmentoVideo values ( 0, '59565 seconds', timestamp '2018-10-16 06:48:46', 278);
insert into SegmentoVideo values ( 1, '3104 seconds', timestamp '2018-10-16 06:48:46', 278);
insert into Vigia values ( 'Estremoz', 278);
insert into ProcessoSocorro values ( 278);
insert into EventoEmergencia values ( '912683849', timestamp '2018-10-23 11:49:30', 'Inês Abreu', 'Estremoz', 278);
insert into EntidadeMeio values ( 'Esquadra Ana Matos');
insert into Meio values ( 278, 'Psicólogo', 'Esquadra Ana Matos');
insert into MeioSocorro values ( 278, 'Esquadra Ana Matos');
insert into Transporta values ( 278, 'Esquadra Ana Matos', 2, 220);
insert into Acciona values ( 278, 'Esquadra Ana Matos', 220);
insert into Coordenador values ( 278);
insert into Audita values ( 278, 278, 'Esquadra Ana Matos', 220, timestamp '2018-10-05 02:04:28', timestamp '2018-10-09 07:32:18', date '2018-10-05', 'Com base na minha análise, foram realizados todos os possíveis para alcançar um boa resolução ainda, termino a auditoria convicto de que não são necessários mais procedimentos.');
insert into Solicita values ( 278, timestamp '2018-10-16 06:48:46', 278, timestamp '2018-10-08 11:46:55', timestamp '2018-10-08 23:58:29');
insert into Camara values ( 279);
insert into Video values ( timestamp '2018-10-04 08:12:32', timestamp '2018-10-05 02:12:00', 279);
insert into SegmentoVideo values ( 0, '43467 seconds', timestamp '2018-10-04 08:12:32', 279);
insert into SegmentoVideo values ( 1, '21301 seconds', timestamp '2018-10-04 08:12:32', 279);
insert into Vigia values ( 'Aveiro', 279);
insert into ProcessoSocorro values ( 279);
insert into EventoEmergencia values ( '945966572', timestamp '2018-07-21 08:28:01', 'Carolina Correia', 'Aveiro', 279);
insert into EntidadeMeio values ( 'Esquadra Ana Gômes');
insert into Meio values ( 279, 'Kit de primeiros socorros', 'Esquadra Ana Gômes');
insert into MeioSocorro values ( 279, 'Esquadra Ana Gômes');
insert into Transporta values ( 279, 'Esquadra Ana Gômes', 1, 63);
insert into Acciona values ( 279, 'Esquadra Ana Gômes', 63);
insert into Coordenador values ( 279);
insert into Camara values ( 280);
insert into Video values ( timestamp '2018-01-06 20:33:58', timestamp '2018-01-06 23:00:05', 280);
insert into SegmentoVideo values ( 0, '6806 seconds', timestamp '2018-01-06 20:33:58', 280);
insert into SegmentoVideo values ( 1, '855 seconds', timestamp '2018-01-06 20:33:58', 280);
insert into SegmentoVideo values ( 2, '176 seconds', timestamp '2018-01-06 20:33:58', 280);
insert into SegmentoVideo values ( 3, '930 seconds', timestamp '2018-01-06 20:33:58', 280);
insert into Vigia values ( 'Valongo', 280);
insert into ProcessoSocorro values ( 280);
insert into EventoEmergencia values ( '924222810', timestamp '2018-06-27 01:40:43', 'Ana Margato', 'Valongo', 280);
insert into EntidadeMeio values ( 'Junta António Figueiredo');
insert into Meio values ( 280, 'Ambulância', 'Junta António Figueiredo');
insert into MeioApoio values ( 280, 'Junta António Figueiredo');
insert into Alocado values ( 280, 'Junta António Figueiredo', 145, 166);
insert into Acciona values ( 280, 'Junta António Figueiredo', 166);
insert into Coordenador values ( 280);
insert into Camara values ( 281);
insert into Video values ( timestamp '2018-04-13 01:12:35', timestamp '2018-04-13 11:32:30', 281);
insert into SegmentoVideo values ( 0, '7488 seconds', timestamp '2018-04-13 01:12:35', 281);
insert into SegmentoVideo values ( 1, '29707 seconds', timestamp '2018-04-13 01:12:35', 281);
insert into Vigia values ( 'Faro', 281);
insert into ProcessoSocorro values ( 281);
insert into EventoEmergencia values ( '945502870', timestamp '2018-02-07 13:13:44', 'António Correia', 'Faro', 281);
insert into EntidadeMeio values ( 'Fundação de Portimão');
insert into Meio values ( 281, 'Helicoptero', 'Fundação de Portimão');
insert into MeioApoio values ( 281, 'Fundação de Portimão');
insert into Alocado values ( 281, 'Fundação de Portimão', 65, 5);
insert into Acciona values ( 281, 'Fundação de Portimão', 5);
insert into Coordenador values ( 281);
insert into Camara values ( 282);
insert into Video values ( timestamp '2018-08-07 19:25:54', timestamp '2018-08-08 11:17:53', 282);
insert into SegmentoVideo values ( 0, '17074 seconds', timestamp '2018-08-07 19:25:54', 282);
insert into SegmentoVideo values ( 1, '40045 seconds', timestamp '2018-08-07 19:25:54', 282);
insert into Vigia values ( 'Vale de Cambra', 282);
insert into ProcessoSocorro values ( 282);
insert into EventoEmergencia values ( '952431270', timestamp '2018-07-27 01:21:35', 'Daniel Antunes', 'Vale de Cambra', 282);
insert into EntidadeMeio values ( 'Quartel de Ponta Delgada');
insert into Meio values ( 282, 'Helicoptero', 'Quartel de Ponta Delgada');
insert into MeioApoio values ( 282, 'Quartel de Ponta Delgada');
insert into Alocado values ( 282, 'Quartel de Ponta Delgada', 157, 242);
insert into Acciona values ( 282, 'Quartel de Ponta Delgada', 242);
insert into Coordenador values ( 282);
insert into Audita values ( 282, 282, 'Quartel de Ponta Delgada', 242, timestamp '2018-10-22 11:46:46', timestamp '2018-10-23 12:24:04', date '2018-10-22', 'Estou convicto que denota-se corrupção por parte de várias entidades assim dou por concluida esta auditoria.');
insert into Solicita values ( 282, timestamp '2018-08-07 19:25:54', 282, timestamp '2018-10-22 17:17:13', timestamp '2018-10-23 01:27:34');
insert into Camara values ( 283);
insert into Video values ( timestamp '2018-01-16 04:58:02', timestamp '2018-01-16 16:37:28', 283);
insert into SegmentoVideo values ( 0, '14150 seconds', timestamp '2018-01-16 04:58:02', 283);
insert into SegmentoVideo values ( 1, '27816 seconds', timestamp '2018-01-16 04:58:02', 283);
insert into Vigia values ( 'Miranda do Douro', 283);
insert into ProcessoSocorro values ( 283);
insert into EventoEmergencia values ( '944024251', timestamp '2018-06-10 20:04:14', 'Daniel Martinho', 'Miranda do Douro', 283);
insert into EntidadeMeio values ( 'Esquadra Tiago Matos');
insert into Meio values ( 283, 'Carro', 'Esquadra Tiago Matos');
insert into MeioApoio values ( 283, 'Esquadra Tiago Matos');
insert into Alocado values ( 283, 'Esquadra Tiago Matos', 135, 208);
insert into Acciona values ( 283, 'Esquadra Tiago Matos', 208);
insert into Coordenador values ( 283);
insert into Audita values ( 283, 283, 'Esquadra Tiago Matos', 208, timestamp '2018-03-05 06:08:58', timestamp '2018-03-18 08:01:06', date '2018-03-05', 'Conclui que foram cortados cantos ainda, termino a auditoria convicto de que não são necessários mais procedimentos.');
insert into Solicita values ( 283, timestamp '2018-01-16 04:58:02', 283, timestamp '2018-03-15 18:43:17', timestamp '2018-03-17 20:05:10');
insert into Camara values ( 284);
insert into Video values ( timestamp '2018-03-07 09:52:04', timestamp '2018-03-07 19:22:33', 284);
insert into SegmentoVideo values ( 0, '3907 seconds', timestamp '2018-03-07 09:52:04', 284);
insert into SegmentoVideo values ( 1, '25717 seconds', timestamp '2018-03-07 09:52:04', 284);
insert into SegmentoVideo values ( 2, '4605 seconds', timestamp '2018-03-07 09:52:04', 284);
insert into Vigia values ( 'Caldas da Rainha', 284);
insert into ProcessoSocorro values ( 284);
insert into EventoEmergencia values ( '917618930', timestamp '2018-06-10 05:21:23', 'Carolina Matos', 'Caldas da Rainha', 284);
insert into EntidadeMeio values ( 'Bombeiros Municipais de Santarém');
insert into Meio values ( 284, 'Rações', 'Bombeiros Municipais de Santarém');
insert into MeioCombate values ( 284, 'Bombeiros Municipais de Santarém');
insert into Acciona values ( 284, 'Bombeiros Municipais de Santarém', 180);
insert into Coordenador values ( 284);
insert into Camara values ( 285);
insert into Video values ( timestamp '2018-03-07 08:42:38', timestamp '2018-03-08 02:01:20', 285);
insert into SegmentoVideo values ( 0, '31466 seconds', timestamp '2018-03-07 08:42:38', 285);
insert into SegmentoVideo values ( 1, '18655 seconds', timestamp '2018-03-07 08:42:38', 285);
insert into SegmentoVideo values ( 2, '6802 seconds', timestamp '2018-03-07 08:42:38', 285);
insert into SegmentoVideo values ( 3, '5399 seconds', timestamp '2018-03-07 08:42:38', 285);
insert into Vigia values ( 'Lisboa', 285);
insert into ProcessoSocorro values ( 285);
insert into EventoEmergencia values ( '910193489', timestamp '2018-01-16 11:32:39', 'Joana Coelho', 'Lisboa', 285);
insert into EntidadeMeio values ( 'Hospital de Pombal');
insert into Meio values ( 285, 'Carro', 'Hospital de Pombal');
insert into MeioApoio values ( 285, 'Hospital de Pombal');
insert into Alocado values ( 285, 'Hospital de Pombal', 42, 215);
insert into Acciona values ( 285, 'Hospital de Pombal', 215);
insert into Coordenador values ( 285);
insert into Audita values ( 285, 285, 'Hospital de Pombal', 215, timestamp '2018-11-11 03:19:30', timestamp '2018-11-12 16:45:17', date '2018-11-11', 'Conclui que foram cortados cantos ainda, termino a auditoria convicto de que não são necessários mais procedimentos.');
insert into Solicita values ( 285, timestamp '2018-03-07 08:42:38', 285, timestamp '2018-11-11 23:46:07', timestamp '2018-11-12 00:50:06');
insert into Camara values ( 286);
insert into Video values ( timestamp '2018-06-30 07:51:46', timestamp '2018-06-30 18:15:26', 286);
insert into SegmentoVideo values ( 0, '32934 seconds', timestamp '2018-06-30 07:51:46', 286);
insert into SegmentoVideo values ( 1, '4486 seconds', timestamp '2018-06-30 07:51:46', 286);
insert into Vigia values ( 'Santo Tirso', 286);
insert into ProcessoSocorro values ( 286);
insert into EventoEmergencia values ( '932795851', timestamp '2018-11-18 02:50:45', 'Marta Abreu', 'Santo Tirso', 286);
insert into EntidadeMeio values ( 'Fundação de Póvoa de Varzim');
insert into Meio values ( 286, 'Psicólogo', 'Fundação de Póvoa de Varzim');
insert into MeioSocorro values ( 286, 'Fundação de Póvoa de Varzim');
insert into Transporta values ( 286, 'Fundação de Póvoa de Varzim', 6, 65);
insert into Acciona values ( 286, 'Fundação de Póvoa de Varzim', 65);
insert into Coordenador values ( 286);
insert into Audita values ( 286, 286, 'Fundação de Póvoa de Varzim', 65, timestamp '2018-04-06 20:04:35', timestamp '2018-04-19 07:36:36', date '2018-04-06', 'Com base na minha análise, todo o processo decorreu dentro da lei por fim deixo a indicação de que uma maior investigação será necessária.');
insert into Solicita values ( 286, timestamp '2018-06-30 07:51:46', 286, timestamp '2018-04-11 13:58:00', timestamp '2018-04-18 23:13:08');
insert into Camara values ( 287);
insert into Video values ( timestamp '2018-02-28 23:11:12', timestamp '2018-03-01 06:28:55', 287);
insert into SegmentoVideo values ( 0, '19351 seconds', timestamp '2018-02-28 23:11:12', 287);
insert into SegmentoVideo values ( 1, '6912 seconds', timestamp '2018-02-28 23:11:12', 287);
insert into Vigia values ( 'Ovar', 287);
insert into ProcessoSocorro values ( 287);
insert into EventoEmergencia values ( '969276888', timestamp '2018-06-06 21:45:46', 'Rita Correia', 'Ovar', 287);
insert into EntidadeMeio values ( 'Bombeiros Municipais de Amora');
insert into Meio values ( 287, 'Paramédico', 'Bombeiros Municipais de Amora');
insert into MeioSocorro values ( 287, 'Bombeiros Municipais de Amora');
insert into Transporta values ( 287, 'Bombeiros Municipais de Amora', 5, 38);
insert into Acciona values ( 287, 'Bombeiros Municipais de Amora', 38);
insert into Coordenador values ( 287);
insert into Audita values ( 287, 287, 'Bombeiros Municipais de Amora', 38, timestamp '2018-05-22 12:09:45', timestamp '2018-06-29 23:08:27', date '2018-05-22', 'Tendo concluido a minha auditoria, foram realizados todos os possíveis para alcançar um boa resolução por fim deixo a indicação de que uma maior investigação será necessária.');
insert into Solicita values ( 287, timestamp '2018-02-28 23:11:12', 287, timestamp '2018-06-03 10:16:41', timestamp '2018-06-29 18:03:34');
insert into Camara values ( 288);
insert into Video values ( timestamp '2018-01-25 16:26:29', timestamp '2018-01-25 18:24:01', 288);
insert into SegmentoVideo values ( 0, '1454 seconds', timestamp '2018-01-25 16:26:29', 288);
insert into SegmentoVideo values ( 1, '5598 seconds', timestamp '2018-01-25 16:26:29', 288);
insert into Vigia values ( 'Braga', 288);
insert into ProcessoSocorro values ( 288);
insert into EventoEmergencia values ( '967477723', timestamp '2018-10-08 05:46:28', 'Pedro Matos', 'Braga', 288);
insert into EntidadeMeio values ( 'Bombeiros Voluntários Carolina Nicolau');
insert into Meio values ( 288, 'Bombeiros', 'Bombeiros Voluntários Carolina Nicolau');
insert into MeioCombate values ( 288, 'Bombeiros Voluntários Carolina Nicolau');
insert into Acciona values ( 288, 'Bombeiros Voluntários Carolina Nicolau', 131);
insert into Coordenador values ( 288);
insert into Camara values ( 289);
insert into Video values ( timestamp '2018-06-28 07:29:06', timestamp '2018-06-28 20:40:11', 289);
insert into SegmentoVideo values ( 0, '44852 seconds', timestamp '2018-06-28 07:29:06', 289);
insert into SegmentoVideo values ( 1, '2613 seconds', timestamp '2018-06-28 07:29:06', 289);
insert into Vigia values ( 'Mealhada', 289);
insert into ProcessoSocorro values ( 289);
insert into EventoEmergencia values ( '922591955', timestamp '2018-08-06 03:34:12', 'Ana Margato', 'Mealhada', 289);
insert into EntidadeMeio values ( 'Bombeiros Voluntários de Ribeira Grande');
insert into Meio values ( 289, 'Mâscaras de fumo', 'Bombeiros Voluntários de Ribeira Grande');
insert into MeioCombate values ( 289, 'Bombeiros Voluntários de Ribeira Grande');
insert into Acciona values ( 289, 'Bombeiros Voluntários de Ribeira Grande', 50);
insert into Coordenador values ( 289);
insert into Audita values ( 289, 289, 'Bombeiros Voluntários de Ribeira Grande', 50, timestamp '2018-11-11 04:34:17', timestamp '2018-11-14 21:59:47', date '2018-11-11', 'Tendo concluido a minha auditoria, todo o processo decorreu dentro da lei assim dou por concluida esta auditoria.');
insert into Solicita values ( 289, timestamp '2018-06-28 07:29:06', 289, timestamp '2018-11-13 06:39:24', timestamp '2018-11-13 11:28:53');
insert into Camara values ( 290);
insert into Video values ( timestamp '2018-10-03 20:40:29', timestamp '2018-10-03 22:37:45', 290);
insert into SegmentoVideo values ( 0, '3442 seconds', timestamp '2018-10-03 20:40:29', 290);
insert into SegmentoVideo values ( 1, '3594 seconds', timestamp '2018-10-03 20:40:29', 290);
insert into Vigia values ( 'Aveiro', 290);
insert into ProcessoSocorro values ( 290);
insert into EventoEmergencia values ( '912491057', timestamp '2018-07-12 11:58:38', 'João Figueiredo', 'Aveiro', 290);
insert into EntidadeMeio values ( 'Hospital de Vila Real de Santo António');
insert into Meio values ( 290, 'Médico', 'Hospital de Vila Real de Santo António');
insert into MeioSocorro values ( 290, 'Hospital de Vila Real de Santo António');
insert into Transporta values ( 290, 'Hospital de Vila Real de Santo António', 4, 108);
insert into Acciona values ( 290, 'Hospital de Vila Real de Santo António', 108);
insert into Coordenador values ( 290);
insert into Camara values ( 291);
insert into Video values ( timestamp '2018-05-02 01:27:07', timestamp '2018-05-02 04:11:32', 291);
insert into SegmentoVideo values ( 0, '3943 seconds', timestamp '2018-05-02 01:27:07', 291);
insert into SegmentoVideo values ( 1, '5922 seconds', timestamp '2018-05-02 01:27:07', 291);
insert into Vigia values ( 'Lourosa', 291);
insert into ProcessoSocorro values ( 291);
insert into EventoEmergencia values ( '956581737', timestamp '2018-05-25 08:24:09', 'Tiago Coelho', 'Lourosa', 291);
insert into EntidadeMeio values ( 'Bombeiros Voluntários Joana Guerreiro');
insert into Meio values ( 291, 'Drone', 'Bombeiros Voluntários Joana Guerreiro');
insert into MeioSocorro values ( 291, 'Bombeiros Voluntários Joana Guerreiro');
insert into Transporta values ( 291, 'Bombeiros Voluntários Joana Guerreiro', 1, 278);
insert into Acciona values ( 291, 'Bombeiros Voluntários Joana Guerreiro', 278);
insert into Coordenador values ( 291);
insert into Camara values ( 292);
insert into Video values ( timestamp '2018-09-10 19:16:51', timestamp '2018-09-11 10:33:52', 292);
insert into SegmentoVideo values ( 0, '40309 seconds', timestamp '2018-09-10 19:16:51', 292);
insert into SegmentoVideo values ( 1, '14712 seconds', timestamp '2018-09-10 19:16:51', 292);
insert into Vigia values ( 'São João da Madeira', 292);
insert into ProcessoSocorro values ( 292);
insert into EventoEmergencia values ( '959025526', timestamp '2018-02-27 14:18:06', 'Joana Valério', 'São João da Madeira', 292);
insert into EntidadeMeio values ( 'Junta Joana Correia');
insert into Meio values ( 292, 'Drone', 'Junta Joana Correia');
insert into MeioSocorro values ( 292, 'Junta Joana Correia');
insert into Transporta values ( 292, 'Junta Joana Correia', 4, 87);
insert into Acciona values ( 292, 'Junta Joana Correia', 87);
insert into Coordenador values ( 292);
insert into Camara values ( 293);
insert into Video values ( timestamp '2018-03-19 10:43:01', timestamp '2018-03-19 19:36:32', 293);
insert into SegmentoVideo values ( 0, '22666 seconds', timestamp '2018-03-19 10:43:01', 293);
insert into SegmentoVideo values ( 1, '8054 seconds', timestamp '2018-03-19 10:43:01', 293);
insert into SegmentoVideo values ( 2, '1291 seconds', timestamp '2018-03-19 10:43:01', 293);
insert into Vigia values ( 'Valongo', 293);
insert into ProcessoSocorro values ( 293);
insert into EventoEmergencia values ( '960928462', timestamp '2018-10-26 13:13:47', 'Carolina Figueiredo', 'Valongo', 293);
insert into EntidadeMeio values ( 'Fundação de Ribeira Grande');
insert into Meio values ( 293, 'Mangueira', 'Fundação de Ribeira Grande');
insert into MeioCombate values ( 293, 'Fundação de Ribeira Grande');
insert into Acciona values ( 293, 'Fundação de Ribeira Grande', 15);
insert into Coordenador values ( 293);
insert into Camara values ( 294);
insert into Video values ( timestamp '2018-01-15 14:17:55', timestamp '2018-01-15 18:50:25', 294);
insert into SegmentoVideo values ( 0, '2955 seconds', timestamp '2018-01-15 14:17:55', 294);
insert into SegmentoVideo values ( 1, '13395 seconds', timestamp '2018-01-15 14:17:55', 294);
insert into Vigia values ( 'Miranda do Douro', 294);
insert into ProcessoSocorro values ( 294);
insert into EventoEmergencia values ( '934067926', timestamp '2018-01-05 18:22:07', 'Francisco Coelho', 'Miranda do Douro', 294);
insert into EntidadeMeio values ( 'Esquadra Pedro Silva');
insert into Meio values ( 294, 'Helicoptero', 'Esquadra Pedro Silva');
insert into MeioApoio values ( 294, 'Esquadra Pedro Silva');
insert into Alocado values ( 294, 'Esquadra Pedro Silva', 56, 123);
insert into Acciona values ( 294, 'Esquadra Pedro Silva', 123);
insert into Coordenador values ( 294);
insert into Camara values ( 295);
insert into Video values ( timestamp '2018-02-05 15:51:44', timestamp '2018-02-06 06:38:33', 295);
insert into SegmentoVideo values ( 0, '30259 seconds', timestamp '2018-02-05 15:51:44', 295);
insert into SegmentoVideo values ( 1, '22950 seconds', timestamp '2018-02-05 15:51:44', 295);
insert into Vigia values ( 'Lagoa', 295);
insert into ProcessoSocorro values ( 295);
insert into EventoEmergencia values ( '931317299', timestamp '2018-11-24 15:27:40', 'Francisco Nogueira', 'Lagoa', 295);
insert into EntidadeMeio values ( 'Bombeiros Municipais de Gondomar');
insert into Meio values ( 295, 'Helicoptero', 'Bombeiros Municipais de Gondomar');
insert into MeioApoio values ( 295, 'Bombeiros Municipais de Gondomar');
insert into Alocado values ( 295, 'Bombeiros Municipais de Gondomar', 60, 100);
insert into Acciona values ( 295, 'Bombeiros Municipais de Gondomar', 100);
insert into Coordenador values ( 295);
insert into Audita values ( 295, 295, 'Bombeiros Municipais de Gondomar', 100, timestamp '2018-07-28 19:14:57', timestamp '2018-08-09 05:49:35', date '2018-07-28', 'Estou convicto que foram cortados cantos por fim deixo a indicação de que uma maior investigação será necessária.');
insert into Solicita values ( 295, timestamp '2018-02-05 15:51:44', 295, timestamp '2018-07-29 03:20:13', timestamp '2018-08-02 23:10:07');
insert into Camara values ( 296);
insert into Video values ( timestamp '2018-10-06 23:26:52', timestamp '2018-10-07 22:41:08', 296);
insert into SegmentoVideo values ( 0, '15715 seconds', timestamp '2018-10-06 23:26:52', 296);
insert into SegmentoVideo values ( 1, '21092 seconds', timestamp '2018-10-06 23:26:52', 296);
insert into SegmentoVideo values ( 2, '45668 seconds', timestamp '2018-10-06 23:26:52', 296);
insert into SegmentoVideo values ( 3, '1181 seconds', timestamp '2018-10-06 23:26:52', 296);
insert into Vigia values ( 'Estremoz', 296);
insert into ProcessoSocorro values ( 296);
insert into EventoEmergencia values ( '955582298', timestamp '2018-10-19 17:47:09', 'Tiago Abreu', 'Estremoz', 296);
insert into EntidadeMeio values ( 'Hospital de Castelo Branco');
insert into Meio values ( 296, 'Bombeiros', 'Hospital de Castelo Branco');
insert into MeioCombate values ( 296, 'Hospital de Castelo Branco');
insert into Acciona values ( 296, 'Hospital de Castelo Branco', 265);
insert into Coordenador values ( 296);
insert into Camara values ( 297);
insert into Video values ( timestamp '2018-01-19 09:32:08', timestamp '2018-01-19 21:49:13', 297);
insert into SegmentoVideo values ( 0, '16155 seconds', timestamp '2018-01-19 09:32:08', 297);
insert into SegmentoVideo values ( 1, '28070 seconds', timestamp '2018-01-19 09:32:08', 297);
insert into Vigia values ( 'Vila Nova de Gaia', 297);
insert into ProcessoSocorro values ( 297);
insert into EventoEmergencia values ( '963931763', timestamp '2018-10-27 07:47:25', 'Marta Martinho', 'Vila Nova de Gaia', 297);
insert into EntidadeMeio values ( 'Bombeiros Voluntários de Amarante');
insert into Meio values ( 297, 'Psicólogo', 'Bombeiros Voluntários de Amarante');
insert into MeioSocorro values ( 297, 'Bombeiros Voluntários de Amarante');
insert into Transporta values ( 297, 'Bombeiros Voluntários de Amarante', 4, 198);
insert into Acciona values ( 297, 'Bombeiros Voluntários de Amarante', 198);
insert into Coordenador values ( 297);
insert into Audita values ( 297, 297, 'Bombeiros Voluntários de Amarante', 198, timestamp '2018-03-18 18:24:24', timestamp '2018-05-31 13:01:52', date '2018-03-18', 'Conclui que foram realizados todos os possíveis para alcançar um boa resolução por fim deixo a indicação de que uma maior investigação será necessária.');
insert into Solicita values ( 297, timestamp '2018-01-19 09:32:08', 297, timestamp '2018-04-11 11:10:21', timestamp '2018-05-26 02:36:02');
insert into Camara values ( 298);
insert into Video values ( timestamp '2018-09-29 12:59:15', timestamp '2018-09-30 06:46:32', 298);
insert into SegmentoVideo values ( 0, '16031 seconds', timestamp '2018-09-29 12:59:15', 298);
insert into SegmentoVideo values ( 1, '440 seconds', timestamp '2018-09-29 12:59:15', 298);
insert into SegmentoVideo values ( 2, '47566 seconds', timestamp '2018-09-29 12:59:15', 298);
insert into Vigia values ( 'Braga', 298);
insert into ProcessoSocorro values ( 298);
insert into EventoEmergencia values ( '922704130', timestamp '2018-08-21 22:47:12', 'Daniel Figueiredo', 'Braga', 298);
insert into EntidadeMeio values ( 'Hospital Tiago Nogueira');
insert into Meio values ( 298, 'Maca', 'Hospital Tiago Nogueira');
insert into MeioApoio values ( 298, 'Hospital Tiago Nogueira');
insert into Alocado values ( 298, 'Hospital Tiago Nogueira', 42, 175);
insert into Acciona values ( 298, 'Hospital Tiago Nogueira', 175);
insert into Coordenador values ( 298);
insert into Audita values ( 298, 298, 'Hospital Tiago Nogueira', 175, timestamp '2018-06-02 07:09:17', timestamp '2018-08-31 07:54:24', date '2018-06-02', 'Com base na minha análise, todo o processo decorreu dentro da lei ainda, termino a auditoria convicto de que não são necessários mais procedimentos.');
insert into Solicita values ( 298, timestamp '2018-09-29 12:59:15', 298, timestamp '2018-07-20 03:50:18', timestamp '2018-08-02 17:03:47');
insert into Camara values ( 299);
insert into Video values ( timestamp '2018-06-25 04:40:31', timestamp '2018-06-25 17:08:41', 299);
insert into SegmentoVideo values ( 0, '7641 seconds', timestamp '2018-06-25 04:40:31', 299);
insert into SegmentoVideo values ( 1, '20601 seconds', timestamp '2018-06-25 04:40:31', 299);
insert into SegmentoVideo values ( 2, '5843 seconds', timestamp '2018-06-25 04:40:31', 299);
insert into SegmentoVideo values ( 3, '10805 seconds', timestamp '2018-06-25 04:40:31', 299);
insert into Vigia values ( 'Abrantes', 299);
insert into ProcessoSocorro values ( 299);
insert into EventoEmergencia values ( '966337858', timestamp '2018-06-10 15:06:13', 'Inês Matos', 'Abrantes', 299);
insert into EntidadeMeio values ( 'Esquadra Manel Margato');
insert into Meio values ( 299, 'Bombeiros', 'Esquadra Manel Margato');
insert into MeioCombate values ( 299, 'Esquadra Manel Margato');
insert into Acciona values ( 299, 'Esquadra Manel Margato', 104);
insert into Coordenador values ( 299);
insert into Camara values ( 300);
insert into Video values ( timestamp '2018-06-20 06:00:45', timestamp '2018-06-20 23:12:30', 300);
insert into SegmentoVideo values ( 0, '17175 seconds', timestamp '2018-06-20 06:00:45', 300);
insert into SegmentoVideo values ( 1, '44730 seconds', timestamp '2018-06-20 06:00:45', 300);
insert into Vigia values ( 'Alcobaça', 300);
insert into ProcessoSocorro values ( 300);
insert into EventoEmergencia values ( '928593189', timestamp '2018-04-18 14:52:41', 'António Valério', 'Alcobaça', 300);
insert into EntidadeMeio values ( 'Bombeiros Voluntários de Ílhavo');
insert into Meio values ( 300, 'Paramédico', 'Bombeiros Voluntários de Ílhavo');
insert into MeioSocorro values ( 300, 'Bombeiros Voluntários de Ílhavo');
insert into Transporta values ( 300, 'Bombeiros Voluntários de Ílhavo', 1, 284);
insert into Acciona values ( 300, 'Bombeiros Voluntários de Ílhavo', 284);
insert into Coordenador values ( 300);
insert into Audita values ( 300, 300, 'Bombeiros Voluntários de Ílhavo', 284, timestamp '2018-09-25 12:44:51', timestamp '2018-09-26 19:02:30', date '2018-09-25', 'Conclui que denota-se corrupção por parte de várias entidades ainda, termino a auditoria convicto de que não são necessários mais procedimentos.');
insert into Solicita values ( 300, timestamp '2018-06-20 06:00:45', 300, timestamp '2018-09-26 06:51:31', timestamp '2018-09-26 14:11:15');
insert into Camara values ( 301);
insert into Video values ( timestamp '2018-01-22 00:48:26', timestamp '2018-01-22 07:53:23', 301);
insert into SegmentoVideo values ( 0, '21706 seconds', timestamp '2018-01-22 00:48:26', 301);
insert into SegmentoVideo values ( 1, '715 seconds', timestamp '2018-01-22 00:48:26', 301);
insert into SegmentoVideo values ( 2, '3076 seconds', timestamp '2018-01-22 00:48:26', 301);
insert into Vigia values ( 'Ponta Delgada', 301);
insert into ProcessoSocorro values ( 301);
insert into EventoEmergencia values ( '940567778', timestamp '2018-03-22 04:15:23', 'Rita Gômes', 'Ponta Delgada', 301);
insert into EntidadeMeio values ( 'Esquadra Pedro Margato');
insert into Meio values ( 301, 'Carro', 'Esquadra Pedro Margato');
insert into MeioApoio values ( 301, 'Esquadra Pedro Margato');
insert into Alocado values ( 301, 'Esquadra Pedro Margato', 83, 257);
insert into Acciona values ( 301, 'Esquadra Pedro Margato', 257);
insert into Coordenador values ( 301);
insert into Camara values ( 302);
insert into Video values ( timestamp '2018-01-29 20:16:52', timestamp '2018-01-30 15:05:31', 302);
insert into SegmentoVideo values ( 0, '25837 seconds', timestamp '2018-01-29 20:16:52', 302);
insert into SegmentoVideo values ( 1, '26090 seconds', timestamp '2018-01-29 20:16:52', 302);
insert into SegmentoVideo values ( 2, '11022 seconds', timestamp '2018-01-29 20:16:52', 302);
insert into SegmentoVideo values ( 3, '4770 seconds', timestamp '2018-01-29 20:16:52', 302);
insert into Vigia values ( 'Lixa', 302);
insert into ProcessoSocorro values ( 302);
insert into EventoEmergencia values ( '917428140', timestamp '2018-06-06 10:48:50', 'João Correia', 'Lixa', 302);
insert into EntidadeMeio values ( 'Hospital Miguel Gômes');
insert into Meio values ( 302, 'Garrafas de água', 'Hospital Miguel Gômes');
insert into MeioSocorro values ( 302, 'Hospital Miguel Gômes');
insert into Transporta values ( 302, 'Hospital Miguel Gômes', 3, 57);
insert into Acciona values ( 302, 'Hospital Miguel Gômes', 57);
insert into Coordenador values ( 302);
insert into Camara values ( 303);
insert into Video values ( timestamp '2018-01-19 07:01:15', timestamp '2018-01-19 23:02:56', 303);
insert into SegmentoVideo values ( 0, '13730 seconds', timestamp '2018-01-19 07:01:15', 303);
insert into SegmentoVideo values ( 1, '39115 seconds', timestamp '2018-01-19 07:01:15', 303);
insert into SegmentoVideo values ( 2, '4856 seconds', timestamp '2018-01-19 07:01:15', 303);
insert into Vigia values ( 'Montemor-o-Novo', 303);
insert into ProcessoSocorro values ( 303);
insert into EventoEmergencia values ( '912677666', timestamp '2018-10-16 21:01:54', 'Carolina Antunes', 'Montemor-o-Novo', 303);
insert into EntidadeMeio values ( 'Camara Tiago Coelho');
insert into Meio values ( 303, 'Helicoptero', 'Camara Tiago Coelho');
insert into MeioCombate values ( 303, 'Camara Tiago Coelho');
insert into Acciona values ( 303, 'Camara Tiago Coelho', 228);
insert into Coordenador values ( 303);
insert into Camara values ( 304);
insert into Video values ( timestamp '2018-08-08 11:50:24', timestamp '2018-08-09 01:26:09', 304);
insert into SegmentoVideo values ( 0, '28284 seconds', timestamp '2018-08-08 11:50:24', 304);
insert into SegmentoVideo values ( 1, '20661 seconds', timestamp '2018-08-08 11:50:24', 304);
insert into Vigia values ( 'Portalegre', 304);
insert into ProcessoSocorro values ( 304);
insert into EventoEmergencia values ( '954368571', timestamp '2018-05-22 02:57:45', 'Catarina Valério', 'Portalegre', 304);
insert into EntidadeMeio values ( 'Bombeiros Municipais de Santa Comba Dão');
insert into Meio values ( 304, 'Bombeiros', 'Bombeiros Municipais de Santa Comba Dão');
insert into MeioCombate values ( 304, 'Bombeiros Municipais de Santa Comba Dão');
insert into Acciona values ( 304, 'Bombeiros Municipais de Santa Comba Dão', 39);
insert into Coordenador values ( 304);
insert into Camara values ( 305);
insert into Video values ( timestamp '2018-08-05 01:52:15', timestamp '2018-08-05 03:59:19', 305);
insert into SegmentoVideo values ( 0, '3087 seconds', timestamp '2018-08-05 01:52:15', 305);
insert into SegmentoVideo values ( 1, '4537 seconds', timestamp '2018-08-05 01:52:15', 305);
insert into Vigia values ( 'Funchal', 305);
insert into ProcessoSocorro values ( 305);
insert into EventoEmergencia values ( '924493874', timestamp '2018-03-19 15:40:00', 'Daniel Guerreiro', 'Funchal', 305);
insert into EntidadeMeio values ( 'Hospital Pedro Matos');
insert into Meio values ( 305, 'Ambulância', 'Hospital Pedro Matos');
insert into MeioApoio values ( 305, 'Hospital Pedro Matos');
insert into Alocado values ( 305, 'Hospital Pedro Matos', 164, 297);
insert into Acciona values ( 305, 'Hospital Pedro Matos', 297);
insert into Coordenador values ( 305);
insert into Audita values ( 305, 305, 'Hospital Pedro Matos', 297, timestamp '2018-10-30 19:36:15', timestamp '2018-11-08 18:15:42', date '2018-10-30', 'Tendo concluido a minha auditoria, denota-se corrupção por parte de várias entidades por fim deixo a indicação de que uma maior investigação será necessária.');
insert into Solicita values ( 305, timestamp '2018-08-05 01:52:15', 305, timestamp '2018-11-06 07:52:53', timestamp '2018-11-07 10:24:52');
insert into Camara values ( 306);
insert into Video values ( timestamp '2018-03-19 12:43:51', timestamp '2018-03-20 04:35:45', 306);
insert into SegmentoVideo values ( 0, '31025 seconds', timestamp '2018-03-19 12:43:51', 306);
insert into SegmentoVideo values ( 1, '26089 seconds', timestamp '2018-03-19 12:43:51', 306);
insert into Vigia values ( 'Vale de Cambra', 306);
insert into ProcessoSocorro values ( 306);
insert into EventoEmergencia values ( '943183789', timestamp '2018-04-09 16:58:44', 'Catarina Silva', 'Vale de Cambra', 306);
insert into EntidadeMeio values ( 'Quartel de Trofa');
insert into Meio values ( 306, 'Médico', 'Quartel de Trofa');
insert into MeioSocorro values ( 306, 'Quartel de Trofa');
insert into Transporta values ( 306, 'Quartel de Trofa', 3, 254);
insert into Acciona values ( 306, 'Quartel de Trofa', 254);
insert into Coordenador values ( 306);
insert into Audita values ( 306, 306, 'Quartel de Trofa', 254, timestamp '2018-10-27 23:45:43', timestamp '2018-11-06 19:59:33', date '2018-10-27', 'Conclui que foram cortados cantos por fim deixo a indicação de que uma maior investigação será necessária.');
insert into Solicita values ( 306, timestamp '2018-03-19 12:43:51', 306, timestamp '2018-11-03 10:53:07', timestamp '2018-11-05 10:40:24');
insert into Camara values ( 307);
insert into Video values ( timestamp '2018-07-13 07:34:02', timestamp '2018-07-14 02:59:10', 307);
insert into SegmentoVideo values ( 0, '68095 seconds', timestamp '2018-07-13 07:34:02', 307);
insert into SegmentoVideo values ( 1, '961 seconds', timestamp '2018-07-13 07:34:02', 307);
insert into SegmentoVideo values ( 2, '852 seconds', timestamp '2018-07-13 07:34:02', 307);
insert into Vigia values ( 'Torres Vedras', 307);
insert into ProcessoSocorro values ( 307);
insert into EventoEmergencia values ( '968229834', timestamp '2018-03-23 01:58:52', 'Ana Coelho', 'Torres Vedras', 307);
insert into EntidadeMeio values ( 'Bombeiros Voluntários Miguel Rodrigues');
insert into Meio values ( 307, 'Desfibrilhador', 'Bombeiros Voluntários Miguel Rodrigues');
insert into MeioSocorro values ( 307, 'Bombeiros Voluntários Miguel Rodrigues');
insert into Transporta values ( 307, 'Bombeiros Voluntários Miguel Rodrigues', 2, 25);
insert into Acciona values ( 307, 'Bombeiros Voluntários Miguel Rodrigues', 25);
insert into Coordenador values ( 307);
insert into Audita values ( 307, 307, 'Bombeiros Voluntários Miguel Rodrigues', 25, timestamp '2018-09-20 17:27:53', timestamp '2018-10-02 02:14:57', date '2018-09-20', 'Estou convicto que todo o processo decorreu dentro da lei ainda, termino a auditoria convicto de que não são necessários mais procedimentos.');
insert into Solicita values ( 307, timestamp '2018-07-13 07:34:02', 307, timestamp '2018-09-25 12:30:11', timestamp '2018-09-26 07:11:27');
insert into Camara values ( 308);
insert into Video values ( timestamp '2018-04-18 17:30:17', timestamp '2018-04-19 07:00:17', 308);
insert into SegmentoVideo values ( 0, '18173 seconds', timestamp '2018-04-18 17:30:17', 308);
insert into SegmentoVideo values ( 1, '30427 seconds', timestamp '2018-04-18 17:30:17', 308);
insert into Vigia values ( 'Sabugal', 308);
insert into ProcessoSocorro values ( 308);
insert into EventoEmergencia values ( '959213255', timestamp '2018-05-27 22:05:08', 'Tiago Figueiredo', 'Sabugal', 308);
insert into EntidadeMeio values ( 'Bombeiros Voluntários Carolina Guerreiro');
insert into Meio values ( 308, 'Maca', 'Bombeiros Voluntários Carolina Guerreiro');
insert into MeioApoio values ( 308, 'Bombeiros Voluntários Carolina Guerreiro');
insert into Alocado values ( 308, 'Bombeiros Voluntários Carolina Guerreiro', 92, 211);
insert into Acciona values ( 308, 'Bombeiros Voluntários Carolina Guerreiro', 211);
insert into Coordenador values ( 308);
insert into Camara values ( 309);
insert into Video values ( timestamp '2018-02-14 02:20:06', timestamp '2018-02-14 05:17:24', 309);
insert into SegmentoVideo values ( 0, '9430 seconds', timestamp '2018-02-14 02:20:06', 309);
insert into SegmentoVideo values ( 1, '1208 seconds', timestamp '2018-02-14 02:20:06', 309);
insert into Vigia values ( 'Évora', 309);
insert into ProcessoSocorro values ( 309);
insert into EventoEmergencia values ( '960026735', timestamp '2018-03-05 00:24:32', 'João Nicolau', 'Évora', 309);
insert into EntidadeMeio values ( 'Junta de Castelo Branco');
insert into Meio values ( 309, 'Ambulância', 'Junta de Castelo Branco');
insert into MeioApoio values ( 309, 'Junta de Castelo Branco');
insert into Alocado values ( 309, 'Junta de Castelo Branco', 91, 177);
insert into Acciona values ( 309, 'Junta de Castelo Branco', 177);
insert into Coordenador values ( 309);
insert into Camara values ( 310);
insert into Video values ( timestamp '2018-01-04 02:07:16', timestamp '2018-01-04 19:44:22', 310);
insert into SegmentoVideo values ( 0, '26057 seconds', timestamp '2018-01-04 02:07:16', 310);
insert into SegmentoVideo values ( 1, '37369 seconds', timestamp '2018-01-04 02:07:16', 310);
insert into Vigia values ( 'Bragança', 310);
insert into ProcessoSocorro values ( 310);
insert into EventoEmergencia values ( '955789589', timestamp '2018-04-26 21:47:53', 'Cristiana Abreu', 'Bragança', 310);
insert into EntidadeMeio values ( 'Bombeiros Municipais João Correia');
insert into Meio values ( 310, 'Mangueira', 'Bombeiros Municipais João Correia');
insert into MeioCombate values ( 310, 'Bombeiros Municipais João Correia');
insert into Acciona values ( 310, 'Bombeiros Municipais João Correia', 37);
insert into Coordenador values ( 310);
insert into Camara values ( 311);
insert into Video values ( timestamp '2018-11-03 10:16:52', timestamp '2018-11-03 16:26:18', 311);
insert into SegmentoVideo values ( 0, '14419 seconds', timestamp '2018-11-03 10:16:52', 311);
insert into SegmentoVideo values ( 1, '7747 seconds', timestamp '2018-11-03 10:16:52', 311);
insert into Vigia values ( 'Maia', 311);
insert into ProcessoSocorro values ( 311);
insert into EventoEmergencia values ( '966798954', timestamp '2018-08-16 09:46:44', 'Inês Rodrigues', 'Maia', 311);
insert into EntidadeMeio values ( 'Junta de Lixa');
insert into Meio values ( 311, 'Bombeiros', 'Junta de Lixa');
insert into MeioCombate values ( 311, 'Junta de Lixa');
insert into Acciona values ( 311, 'Junta de Lixa', 303);
insert into Coordenador values ( 311);
insert into Audita values ( 311, 311, 'Junta de Lixa', 303, timestamp '2018-11-16 08:17:40', timestamp '2018-11-21 19:06:59', date '2018-11-16', 'Estou convicto que todo o processo decorreu dentro da lei assim dou por concluida esta auditoria.');
insert into Solicita values ( 311, timestamp '2018-11-03 10:16:52', 311, timestamp '2018-11-20 07:43:46', timestamp '2018-11-21 18:46:18');
insert into Camara values ( 312);
insert into Video values ( timestamp '2018-03-28 14:51:52', timestamp '2018-03-28 19:10:21', 312);
insert into SegmentoVideo values ( 0, '2189 seconds', timestamp '2018-03-28 14:51:52', 312);
insert into SegmentoVideo values ( 1, '8200 seconds', timestamp '2018-03-28 14:51:52', 312);
insert into SegmentoVideo values ( 2, '5120 seconds', timestamp '2018-03-28 14:51:52', 312);
insert into Vigia values ( 'Maia', 312);
insert into ProcessoSocorro values ( 312);
insert into EventoEmergencia values ( '929290856', timestamp '2018-05-14 12:58:03', 'Daniel Vitorino', 'Maia', 312);
insert into EntidadeMeio values ( 'Bombeiros Municipais de Santana');
insert into Meio values ( 312, 'Desfibrilhador', 'Bombeiros Municipais de Santana');
insert into MeioSocorro values ( 312, 'Bombeiros Municipais de Santana');
insert into Transporta values ( 312, 'Bombeiros Municipais de Santana', 1, 155);
insert into Acciona values ( 312, 'Bombeiros Municipais de Santana', 155);
insert into Coordenador values ( 312);
insert into Audita values ( 312, 312, 'Bombeiros Municipais de Santana', 155, timestamp '2018-11-12 08:50:20', timestamp '2018-11-16 16:24:21', date '2018-11-12', 'Conclui que todo o processo decorreu dentro da lei assim dou por concluida esta auditoria.');
insert into Solicita values ( 312, timestamp '2018-03-28 14:51:52', 312, timestamp '2018-11-12 18:38:28', timestamp '2018-11-15 02:55:47');
insert into Camara values ( 313);
insert into Video values ( timestamp '2018-09-29 11:47:43', timestamp '2018-09-29 15:52:22', 313);
insert into SegmentoVideo values ( 0, '11905 seconds', timestamp '2018-09-29 11:47:43', 313);
insert into SegmentoVideo values ( 1, '2774 seconds', timestamp '2018-09-29 11:47:43', 313);
insert into Vigia values ( 'Amadora', 313);
insert into ProcessoSocorro values ( 313);
insert into EventoEmergencia values ( '934084162', timestamp '2018-04-22 09:13:47', 'Tiago Antunes', 'Amadora', 313);
insert into EntidadeMeio values ( 'Bombeiros Voluntários de Alfena');
insert into Meio values ( 313, 'Carro de Bombeiros', 'Bombeiros Voluntários de Alfena');
insert into MeioCombate values ( 313, 'Bombeiros Voluntários de Alfena');
insert into Acciona values ( 313, 'Bombeiros Voluntários de Alfena', 299);
insert into Coordenador values ( 313);
insert into Audita values ( 313, 313, 'Bombeiros Voluntários de Alfena', 299, timestamp '2018-08-13 08:11:01', timestamp '2018-09-20 20:16:00', date '2018-08-13', 'Com base na minha análise, foram cortados cantos por fim deixo a indicação de que uma maior investigação será necessária.');
insert into Solicita values ( 313, timestamp '2018-09-29 11:47:43', 313, timestamp '2018-09-02 04:25:08', timestamp '2018-09-07 09:53:50');
insert into Camara values ( 314);
insert into Video values ( timestamp '2018-03-19 05:08:14', timestamp '2018-03-19 18:55:33', 314);
insert into SegmentoVideo values ( 0, '32883 seconds', timestamp '2018-03-19 05:08:14', 314);
insert into SegmentoVideo values ( 1, '12059 seconds', timestamp '2018-03-19 05:08:14', 314);
insert into SegmentoVideo values ( 2, '3814 seconds', timestamp '2018-03-19 05:08:14', 314);
insert into SegmentoVideo values ( 3, '883.0 seconds', timestamp '2018-03-19 05:08:14', 314);
insert into Vigia values ( 'Valença', 314);
insert into ProcessoSocorro values ( 314);
insert into EventoEmergencia values ( '948788147', timestamp '2018-06-09 07:04:58', 'Inês Vitorino', 'Valença', 314);
insert into EntidadeMeio values ( 'Bombeiros Municipais António Guerreiro');
insert into Meio values ( 314, 'Médico', 'Bombeiros Municipais António Guerreiro');
insert into MeioSocorro values ( 314, 'Bombeiros Municipais António Guerreiro');
insert into Transporta values ( 314, 'Bombeiros Municipais António Guerreiro', 2, 171);
insert into Acciona values ( 314, 'Bombeiros Municipais António Guerreiro', 171);
insert into Coordenador values ( 314);
insert into Camara values ( 315);
insert into Video values ( timestamp '2018-11-06 00:08:03', timestamp '2018-11-06 14:43:26', 315);
insert into SegmentoVideo values ( 0, '22276 seconds', timestamp '2018-11-06 00:08:03', 315);
insert into SegmentoVideo values ( 1, '5224 seconds', timestamp '2018-11-06 00:08:03', 315);
insert into SegmentoVideo values ( 2, '25023 seconds', timestamp '2018-11-06 00:08:03', 315);
insert into Vigia values ( 'Barcelos', 315);
insert into ProcessoSocorro values ( 315);
insert into EventoEmergencia values ( '940487922', timestamp '2018-05-18 06:28:26', 'Manel Rodrigues', 'Barcelos', 315);
insert into EntidadeMeio values ( 'Hospital António Matos');
insert into Meio values ( 315, 'Rações', 'Hospital António Matos');
insert into MeioCombate values ( 315, 'Hospital António Matos');
insert into Acciona values ( 315, 'Hospital António Matos', 103);
insert into Coordenador values ( 315);
insert into Audita values ( 315, 315, 'Hospital António Matos', 103, timestamp '2018-05-21 16:18:56', timestamp '2018-06-06 06:52:18', date '2018-05-21', 'Estou convicto que foram cortados cantos ainda, termino a auditoria convicto de que não são necessários mais procedimentos.');
insert into Solicita values ( 315, timestamp '2018-11-06 00:08:03', 315, timestamp '2018-06-01 08:08:08', timestamp '2018-06-04 01:00:13');
insert into Camara values ( 316);
insert into Video values ( timestamp '2018-07-05 15:44:01', timestamp '2018-07-05 16:35:06', 316);
insert into SegmentoVideo values ( 0, '3065.0 seconds', timestamp '2018-07-05 15:44:01', 316);
insert into Vigia values ( 'Seia', 316);
insert into ProcessoSocorro values ( 316);
insert into EventoEmergencia values ( '935484607', timestamp '2018-10-19 16:03:42', 'Joana Nicolau', 'Seia', 316);
insert into EntidadeMeio values ( 'Fundação Ana Coelho');
insert into Meio values ( 316, 'Helicoptero', 'Fundação Ana Coelho');
insert into MeioCombate values ( 316, 'Fundação Ana Coelho');
insert into Acciona values ( 316, 'Fundação Ana Coelho', 45);
insert into Coordenador values ( 316);
insert into Audita values ( 316, 316, 'Fundação Ana Coelho', 45, timestamp '2018-07-21 16:21:54', timestamp '2018-11-13 16:57:24', date '2018-07-21', 'Acredito que foram cortados cantos por fim deixo a indicação de que uma maior investigação será necessária.');
insert into Solicita values ( 316, timestamp '2018-07-05 15:44:01', 316, timestamp '2018-10-26 00:23:39', timestamp '2018-11-02 02:22:34');
insert into Camara values ( 317);
insert into Video values ( timestamp '2018-07-18 23:06:22', timestamp '2018-07-19 01:07:39', 317);
insert into SegmentoVideo values ( 0, '4883 seconds', timestamp '2018-07-18 23:06:22', 317);
insert into SegmentoVideo values ( 1, '97 seconds', timestamp '2018-07-18 23:06:22', 317);
insert into SegmentoVideo values ( 2, '984 seconds', timestamp '2018-07-18 23:06:22', 317);
insert into SegmentoVideo values ( 3, '633 seconds', timestamp '2018-07-18 23:06:22', 317);
insert into SegmentoVideo values ( 4, '680.0 seconds', timestamp '2018-07-18 23:06:22', 317);
insert into Vigia values ( 'Tondela', 317);
insert into ProcessoSocorro values ( 317);
insert into EventoEmergencia values ( '946047810', timestamp '2018-02-19 00:54:29', 'Tiago Rodrigues', 'Tondela', 317);
insert into EntidadeMeio values ( 'Quartel Pedro Figueiredo');
insert into Meio values ( 317, 'Maca', 'Quartel Pedro Figueiredo');
insert into MeioApoio values ( 317, 'Quartel Pedro Figueiredo');
insert into Alocado values ( 317, 'Quartel Pedro Figueiredo', 158, 43);
insert into Acciona values ( 317, 'Quartel Pedro Figueiredo', 43);
insert into Coordenador values ( 317);
insert into Camara values ( 318);
insert into Video values ( timestamp '2018-04-01 21:13:28', timestamp '2018-04-02 13:40:05', 318);
insert into SegmentoVideo values ( 0, '35914 seconds', timestamp '2018-04-01 21:13:28', 318);
insert into SegmentoVideo values ( 1, '22255 seconds', timestamp '2018-04-01 21:13:28', 318);
insert into SegmentoVideo values ( 2, '1028 seconds', timestamp '2018-04-01 21:13:28', 318);
insert into Vigia values ( 'Castelo Branco', 318);
insert into ProcessoSocorro values ( 318);
insert into EventoEmergencia values ( '962749021', timestamp '2018-08-12 19:48:42', 'Daniel Nogueira', 'Castelo Branco', 318);
insert into EntidadeMeio values ( 'Bombeiros Municipais de Póvoa de Varzim');
insert into Meio values ( 318, 'Camião', 'Bombeiros Municipais de Póvoa de Varzim');
insert into MeioApoio values ( 318, 'Bombeiros Municipais de Póvoa de Varzim');
insert into Alocado values ( 318, 'Bombeiros Municipais de Póvoa de Varzim', 114, 269);
insert into Acciona values ( 318, 'Bombeiros Municipais de Póvoa de Varzim', 269);
insert into Coordenador values ( 318);
insert into Audita values ( 318, 318, 'Bombeiros Municipais de Póvoa de Varzim', 269, timestamp '2018-10-19 16:55:25', timestamp '2018-10-23 10:28:35', date '2018-10-19', 'Tendo concluido a minha auditoria, foram realizados todos os possíveis para alcançar um boa resolução por fim deixo a indicação de que uma maior investigação será necessária.');
insert into Solicita values ( 318, timestamp '2018-04-01 21:13:28', 318, timestamp '2018-10-22 18:00:32', timestamp '2018-10-23 09:30:38');
insert into Camara values ( 319);
insert into Video values ( timestamp '2018-06-05 11:17:58', timestamp '2018-06-05 22:32:37', 319);
insert into SegmentoVideo values ( 0, '16095 seconds', timestamp '2018-06-05 11:17:58', 319);
insert into SegmentoVideo values ( 1, '24384 seconds', timestamp '2018-06-05 11:17:58', 319);
insert into Vigia values ( 'Valbom', 319);
insert into ProcessoSocorro values ( 319);
insert into EventoEmergencia values ( '919852593', timestamp '2018-05-07 23:39:36', 'Francisco Matos', 'Valbom', 319);
insert into EntidadeMeio values ( 'Camara Catarina Margato');
insert into Meio values ( 319, 'Carro', 'Camara Catarina Margato');
insert into MeioApoio values ( 319, 'Camara Catarina Margato');
insert into Alocado values ( 319, 'Camara Catarina Margato', 1, 285);
insert into Acciona values ( 319, 'Camara Catarina Margato', 285);
insert into Coordenador values ( 319);
insert into Audita values ( 319, 319, 'Camara Catarina Margato', 285, timestamp '2018-01-17 04:49:17', timestamp '2018-06-04 17:20:14', date '2018-01-17', 'Tendo concluido a minha auditoria, foram cortados cantos por fim deixo a indicação de que uma maior investigação será necessária.');
insert into Solicita values ( 319, timestamp '2018-06-05 11:17:58', 319, timestamp '2018-04-06 05:15:01', timestamp '2018-04-09 09:24:21');
insert into Camara values ( 320);
insert into Video values ( timestamp '2018-05-10 12:08:26', timestamp '2018-05-10 15:57:56', 320);
insert into SegmentoVideo values ( 0, '1580 seconds', timestamp '2018-05-10 12:08:26', 320);
insert into SegmentoVideo values ( 1, '12190 seconds', timestamp '2018-05-10 12:08:26', 320);
insert into Vigia values ( 'Senhora da Hora', 320);
insert into ProcessoSocorro values ( 320);
insert into EventoEmergencia values ( '956904970', timestamp '2018-02-08 15:45:09', 'Carolina Matos', 'Senhora da Hora', 320);
insert into EntidadeMeio values ( 'Hospital Cristiana Coelho');
insert into Meio values ( 320, 'Garrafas de água', 'Hospital Cristiana Coelho');
insert into MeioSocorro values ( 320, 'Hospital Cristiana Coelho');
insert into Transporta values ( 320, 'Hospital Cristiana Coelho', 4, 227);
insert into Acciona values ( 320, 'Hospital Cristiana Coelho', 227);
insert into Coordenador values ( 320);
insert into Camara values ( 321);
insert into Video values ( timestamp '2018-01-22 18:39:41', timestamp '2018-01-23 07:22:31', 321);
insert into SegmentoVideo values ( 0, '19162 seconds', timestamp '2018-01-22 18:39:41', 321);
insert into SegmentoVideo values ( 1, '26608 seconds', timestamp '2018-01-22 18:39:41', 321);
insert into Vigia values ( 'Horta', 321);
insert into ProcessoSocorro values ( 321);
insert into EventoEmergencia values ( '917818368', timestamp '2018-08-26 15:41:51', 'Catarina Gômes', 'Horta', 321);
insert into EntidadeMeio values ( 'Esquadra Manel Martinho');
insert into Meio values ( 321, 'Rações', 'Esquadra Manel Martinho');
insert into MeioCombate values ( 321, 'Esquadra Manel Martinho');
insert into Acciona values ( 321, 'Esquadra Manel Martinho', 202);
insert into Coordenador values ( 321);
insert into Camara values ( 322);
insert into Video values ( timestamp '2018-08-24 14:23:31', timestamp '2018-08-24 16:58:52', 322);
insert into SegmentoVideo values ( 0, '7428 seconds', timestamp '2018-08-24 14:23:31', 322);
insert into SegmentoVideo values ( 1, '1893 seconds', timestamp '2018-08-24 14:23:31', 322);
insert into Vigia values ( 'Espinho', 322);
insert into ProcessoSocorro values ( 322);
insert into EventoEmergencia values ( '913279473', timestamp '2018-10-25 02:27:37', 'Pedro Antunes', 'Espinho', 322);
insert into EntidadeMeio values ( 'Esquadra Inês Silva');
insert into Meio values ( 322, 'Carro', 'Esquadra Inês Silva');
insert into MeioApoio values ( 322, 'Esquadra Inês Silva');
insert into Alocado values ( 322, 'Esquadra Inês Silva', 88, 122);
insert into Acciona values ( 322, 'Esquadra Inês Silva', 122);
insert into Coordenador values ( 322);
insert into Audita values ( 322, 322, 'Esquadra Inês Silva', 122, timestamp '2018-07-20 01:01:36', timestamp '2018-11-10 13:15:01', date '2018-07-20', 'Conclui que foram realizados todos os possíveis para alcançar um boa resolução por fim deixo a indicação de que uma maior investigação será necessária.');
insert into Solicita values ( 322, timestamp '2018-08-24 14:23:31', 322, timestamp '2018-09-25 20:24:22', timestamp '2018-10-30 20:48:11');
insert into Camara values ( 323);
insert into Video values ( timestamp '2018-05-28 13:09:43', timestamp '2018-05-28 13:28:24', 323);
insert into SegmentoVideo values ( 0, '1121.0 seconds', timestamp '2018-05-28 13:09:43', 323);
insert into Vigia values ( 'Montemor-o-Novo', 323);
insert into ProcessoSocorro values ( 323);
insert into EventoEmergencia values ( '921090155', timestamp '2018-03-07 10:50:01', 'Ana Valério', 'Montemor-o-Novo', 323);
insert into EntidadeMeio values ( 'Quartel de Rebordosa');
insert into Meio values ( 323, 'Camião', 'Quartel de Rebordosa');
insert into MeioApoio values ( 323, 'Quartel de Rebordosa');
insert into Alocado values ( 323, 'Quartel de Rebordosa', 2, 1);
insert into Acciona values ( 323, 'Quartel de Rebordosa', 1);
insert into Coordenador values ( 323);
insert into Audita values ( 323, 323, 'Quartel de Rebordosa', 1, timestamp '2018-08-17 11:17:44', timestamp '2018-08-25 07:22:46', date '2018-08-17', 'Tendo concluido a minha auditoria, denota-se corrupção por parte de várias entidades ainda, termino a auditoria convicto de que não são necessários mais procedimentos.');
insert into Solicita values ( 323, timestamp '2018-05-28 13:09:43', 323, timestamp '2018-08-18 13:57:49', timestamp '2018-08-19 09:32:03');
insert into Camara values ( 324);
insert into Video values ( timestamp '2018-08-16 13:13:44', timestamp '2018-08-17 07:54:42', 324);
insert into SegmentoVideo values ( 0, '2562 seconds', timestamp '2018-08-16 13:13:44', 324);
insert into SegmentoVideo values ( 1, '12092 seconds', timestamp '2018-08-16 13:13:44', 324);
insert into SegmentoVideo values ( 2, '666 seconds', timestamp '2018-08-16 13:13:44', 324);
insert into SegmentoVideo values ( 3, '36275 seconds', timestamp '2018-08-16 13:13:44', 324);
insert into SegmentoVideo values ( 4, '4328 seconds', timestamp '2018-08-16 13:13:44', 324);
insert into SegmentoVideo values ( 5, '6295 seconds', timestamp '2018-08-16 13:13:44', 324);
insert into SegmentoVideo values ( 6, '5040.0 seconds', timestamp '2018-08-16 13:13:44', 324);
insert into Vigia values ( 'Ponte de Sor', 324);
insert into ProcessoSocorro values ( 324);
insert into EventoEmergencia values ( '924234383', timestamp '2018-07-19 00:33:00', 'Cristiana Gômes', 'Ponte de Sor', 324);
insert into EntidadeMeio values ( 'Hospital Daniel Silva');
insert into Meio values ( 324, 'Helicoptero', 'Hospital Daniel Silva');
insert into MeioApoio values ( 324, 'Hospital Daniel Silva');
insert into Alocado values ( 324, 'Hospital Daniel Silva', 36, 119);
insert into Acciona values ( 324, 'Hospital Daniel Silva', 119);
insert into Coordenador values ( 324);
insert into Camara values ( 325);
insert into Video values ( timestamp '2018-01-25 12:14:46', timestamp '2018-01-26 08:44:35', 325);
insert into SegmentoVideo values ( 0, '5852 seconds', timestamp '2018-01-25 12:14:46', 325);
insert into SegmentoVideo values ( 1, '7856 seconds', timestamp '2018-01-25 12:14:46', 325);
insert into SegmentoVideo values ( 2, '21887 seconds', timestamp '2018-01-25 12:14:46', 325);
insert into SegmentoVideo values ( 3, '38194 seconds', timestamp '2018-01-25 12:14:46', 325);
insert into Vigia values ( 'Angra do Heroísmo', 325);
insert into ProcessoSocorro values ( 325);
insert into EventoEmergencia values ( '912876724', timestamp '2018-10-10 12:37:09', 'Miguel Valério', 'Angra do Heroísmo', 325);
insert into EntidadeMeio values ( 'Fundação Cristiana Correia');
insert into Meio values ( 325, 'Mangueira', 'Fundação Cristiana Correia');
insert into MeioCombate values ( 325, 'Fundação Cristiana Correia');
insert into Acciona values ( 325, 'Fundação Cristiana Correia', 163);
insert into Coordenador values ( 325);
insert into Audita values ( 325, 325, 'Fundação Cristiana Correia', 163, timestamp '2018-09-20 20:25:46', timestamp '2018-11-02 14:07:45', date '2018-09-20', 'Estou convicto que todo o processo decorreu dentro da lei por fim deixo a indicação de que uma maior investigação será necessária.');
insert into Solicita values ( 325, timestamp '2018-01-25 12:14:46', 325, timestamp '2018-09-22 21:45:19', timestamp '2018-10-01 17:43:08');
insert into Camara values ( 326);
insert into Video values ( timestamp '2018-10-11 18:43:06', timestamp '2018-10-12 07:05:06', 326);
insert into SegmentoVideo values ( 0, '28872 seconds', timestamp '2018-10-11 18:43:06', 326);
insert into SegmentoVideo values ( 1, '3235 seconds', timestamp '2018-10-11 18:43:06', 326);
insert into SegmentoVideo values ( 2, '12413 seconds', timestamp '2018-10-11 18:43:06', 326);
insert into Vigia values ( 'Oliveira do Bairro', 326);
insert into ProcessoSocorro values ( 326);
insert into EventoEmergencia values ( '961160733', timestamp '2018-01-05 04:02:12', 'Ana Margato', 'Oliveira do Bairro', 326);
insert into EntidadeMeio values ( 'Hospital de Lourosa');
insert into Meio values ( 326, 'Drone', 'Hospital de Lourosa');
insert into MeioSocorro values ( 326, 'Hospital de Lourosa');
insert into Transporta values ( 326, 'Hospital de Lourosa', 3, 109);
insert into Acciona values ( 326, 'Hospital de Lourosa', 109);
insert into Coordenador values ( 326);
insert into Audita values ( 326, 326, 'Hospital de Lourosa', 109, timestamp '2018-08-01 13:10:25', timestamp '2018-11-16 11:22:02', date '2018-08-01', 'Com base na minha análise, denota-se corrupção por parte de várias entidades por fim deixo a indicação de que uma maior investigação será necessária.');
insert into Solicita values ( 326, timestamp '2018-10-11 18:43:06', 326, timestamp '2018-10-29 12:03:52', timestamp '2018-11-07 20:37:46');
insert into Camara values ( 327);
insert into Video values ( timestamp '2018-09-21 23:07:52', timestamp '2018-09-22 00:40:30', 327);
insert into SegmentoVideo values ( 0, '4594 seconds', timestamp '2018-09-21 23:07:52', 327);
insert into SegmentoVideo values ( 1, '964 seconds', timestamp '2018-09-21 23:07:52', 327);
insert into Vigia values ( 'Ermesinde', 327);
insert into ProcessoSocorro values ( 327);
insert into EventoEmergencia values ( '940851966', timestamp '2018-07-06 03:35:33', 'António Antunes', 'Ermesinde', 327);
insert into EntidadeMeio values ( 'Fundação de Sines');
insert into Meio values ( 327, 'Médico', 'Fundação de Sines');
insert into MeioSocorro values ( 327, 'Fundação de Sines');
insert into Transporta values ( 327, 'Fundação de Sines', 1, 13);
insert into Acciona values ( 327, 'Fundação de Sines', 13);
insert into Coordenador values ( 327);
insert into Camara values ( 328);
insert into Video values ( timestamp '2018-09-07 06:28:04', timestamp '2018-09-07 22:29:48', 328);
insert into SegmentoVideo values ( 0, '17527 seconds', timestamp '2018-09-07 06:28:04', 328);
insert into SegmentoVideo values ( 1, '24787 seconds', timestamp '2018-09-07 06:28:04', 328);
insert into SegmentoVideo values ( 2, '15390 seconds', timestamp '2018-09-07 06:28:04', 328);
insert into Vigia values ( 'Ovar', 328);
insert into ProcessoSocorro values ( 328);
insert into EventoEmergencia values ( '913920191', timestamp '2018-05-27 09:34:07', 'Carolina Nogueira', 'Ovar', 328);
insert into EntidadeMeio values ( 'Junta de Marco de Canaveses');
insert into Meio values ( 328, 'Garrafas de água', 'Junta de Marco de Canaveses');
insert into MeioSocorro values ( 328, 'Junta de Marco de Canaveses');
insert into Transporta values ( 328, 'Junta de Marco de Canaveses', 6, 115);
insert into Acciona values ( 328, 'Junta de Marco de Canaveses', 115);
insert into Coordenador values ( 328);
insert into Audita values ( 328, 328, 'Junta de Marco de Canaveses', 115, timestamp '2018-07-19 08:53:02', timestamp '2018-09-06 11:51:02', date '2018-07-19', 'Estou convicto que denota-se corrupção por parte de várias entidades ainda, termino a auditoria convicto de que não são necessários mais procedimentos.');
insert into Solicita values ( 328, timestamp '2018-09-07 06:28:04', 328, timestamp '2018-08-29 08:18:00', timestamp '2018-08-31 10:08:30');
insert into Camara values ( 329);
insert into Video values ( timestamp '2018-08-14 01:29:50', timestamp '2018-08-14 05:37:09', 329);
insert into SegmentoVideo values ( 0, '10732 seconds', timestamp '2018-08-14 01:29:50', 329);
insert into SegmentoVideo values ( 1, '2472 seconds', timestamp '2018-08-14 01:29:50', 329);
insert into SegmentoVideo values ( 2, '1635.0 seconds', timestamp '2018-08-14 01:29:50', 329);
insert into Vigia values ( 'Albergaria-a-Velha', 329);
insert into ProcessoSocorro values ( 329);
insert into EventoEmergencia values ( '951961305', timestamp '2018-08-25 02:40:17', 'Manel Figueiredo', 'Albergaria-a-Velha', 329);
insert into EntidadeMeio values ( 'Bombeiros Voluntários de Moura');
insert into Meio values ( 329, 'Maca', 'Bombeiros Voluntários de Moura');
insert into MeioApoio values ( 329, 'Bombeiros Voluntários de Moura');
insert into Alocado values ( 329, 'Bombeiros Voluntários de Moura', 150, 173);
insert into Acciona values ( 329, 'Bombeiros Voluntários de Moura', 173);
insert into Coordenador values ( 329);
insert into Audita values ( 329, 329, 'Bombeiros Voluntários de Moura', 173, timestamp '2018-08-12 13:31:16', timestamp '2018-08-14 01:07:26', date '2018-08-12', 'Estou convicto que denota-se corrupção por parte de várias entidades ainda, termino a auditoria convicto de que não são necessários mais procedimentos.');
insert into Solicita values ( 329, timestamp '2018-08-14 01:29:50', 329, timestamp '2018-08-14 00:26:48', timestamp '2018-08-14 00:52:12');
insert into Camara values ( 330);
insert into Video values ( timestamp '2018-09-14 12:13:58', timestamp '2018-09-15 03:27:32', 330);
insert into SegmentoVideo values ( 0, '42269 seconds', timestamp '2018-09-14 12:13:58', 330);
insert into SegmentoVideo values ( 1, '12545 seconds', timestamp '2018-09-14 12:13:58', 330);
insert into Vigia values ( 'São Pedro do Sul', 330);
insert into ProcessoSocorro values ( 330);
insert into EventoEmergencia values ( '922008653', timestamp '2018-10-07 00:01:26', 'Joana Nogueira', 'São Pedro do Sul', 330);
insert into EntidadeMeio values ( 'Bombeiros Municipais de Sacavém');
insert into Meio values ( 330, 'Drone', 'Bombeiros Municipais de Sacavém');
insert into MeioSocorro values ( 330, 'Bombeiros Municipais de Sacavém');
insert into Transporta values ( 330, 'Bombeiros Municipais de Sacavém', 3, 56);
insert into Acciona values ( 330, 'Bombeiros Municipais de Sacavém', 56);
insert into Coordenador values ( 330);
insert into Camara values ( 331);
insert into Video values ( timestamp '2018-02-24 05:18:28', timestamp '2018-02-24 09:34:30', 331);
insert into SegmentoVideo values ( 0, '8831 seconds', timestamp '2018-02-24 05:18:28', 331);
insert into SegmentoVideo values ( 1, '6531 seconds', timestamp '2018-02-24 05:18:28', 331);
insert into Vigia values ( 'Funchal', 331);
insert into ProcessoSocorro values ( 331);
insert into EventoEmergencia values ( '931523792', timestamp '2018-09-05 08:27:54', 'Daniel Nicolau', 'Funchal', 331);
insert into EntidadeMeio values ( 'Junta Inês Matos');
insert into Meio values ( 331, 'Médico', 'Junta Inês Matos');
insert into MeioSocorro values ( 331, 'Junta Inês Matos');
insert into Transporta values ( 331, 'Junta Inês Matos', 3, 6);
insert into Acciona values ( 331, 'Junta Inês Matos', 6);
insert into Coordenador values ( 331);
insert into Audita values ( 331, 331, 'Junta Inês Matos', 6, timestamp '2018-11-05 08:46:32', timestamp '2018-11-22 00:23:21', date '2018-11-05', 'Tendo concluido a minha auditoria, denota-se corrupção por parte de várias entidades assim dou por concluida esta auditoria.');
insert into Solicita values ( 331, timestamp '2018-02-24 05:18:28', 331, timestamp '2018-11-14 13:40:47', timestamp '2018-11-18 12:52:53');
insert into Camara values ( 332);
insert into Video values ( timestamp '2018-06-08 19:01:23', timestamp '2018-06-09 06:37:50', 332);
insert into SegmentoVideo values ( 0, '3732 seconds', timestamp '2018-06-08 19:01:23', 332);
insert into SegmentoVideo values ( 1, '2002 seconds', timestamp '2018-06-08 19:01:23', 332);
insert into SegmentoVideo values ( 2, '21602 seconds', timestamp '2018-06-08 19:01:23', 332);
insert into SegmentoVideo values ( 3, '5611 seconds', timestamp '2018-06-08 19:01:23', 332);
insert into SegmentoVideo values ( 4, '8840 seconds', timestamp '2018-06-08 19:01:23', 332);
insert into Vigia values ( 'Lamego', 332);
insert into ProcessoSocorro values ( 332);
insert into EventoEmergencia values ( '947899740', timestamp '2018-04-08 01:20:56', 'Carolina Vitorino', 'Lamego', 332);
insert into EntidadeMeio values ( 'Fundação de Évora');
insert into Meio values ( 332, 'Carro de Bombeiros', 'Fundação de Évora');
insert into MeioCombate values ( 332, 'Fundação de Évora');
insert into Acciona values ( 332, 'Fundação de Évora', 260);
insert into Coordenador values ( 332);
insert into Audita values ( 332, 332, 'Fundação de Évora', 260, timestamp '2018-09-01 15:35:37', timestamp '2018-11-03 21:39:48', date '2018-09-01', 'Acredito que todo o processo decorreu dentro da lei assim dou por concluida esta auditoria.');
insert into Solicita values ( 332, timestamp '2018-06-08 19:01:23', 332, timestamp '2018-09-07 19:51:25', timestamp '2018-09-29 19:32:43');
insert into Camara values ( 333);
insert into Video values ( timestamp '2018-05-15 21:56:33', timestamp '2018-05-16 03:07:36', 333);
insert into SegmentoVideo values ( 0, '85 seconds', timestamp '2018-05-15 21:56:33', 333);
insert into SegmentoVideo values ( 1, '2882 seconds', timestamp '2018-05-15 21:56:33', 333);
insert into SegmentoVideo values ( 2, '9254 seconds', timestamp '2018-05-15 21:56:33', 333);
insert into SegmentoVideo values ( 3, '4903 seconds', timestamp '2018-05-15 21:56:33', 333);
insert into SegmentoVideo values ( 4, '908 seconds', timestamp '2018-05-15 21:56:33', 333);
insert into SegmentoVideo values ( 5, '631 seconds', timestamp '2018-05-15 21:56:33', 333);
insert into Vigia values ( 'Setúbal', 333);
insert into ProcessoSocorro values ( 333);
insert into EventoEmergencia values ( '941550628', timestamp '2018-03-10 20:20:07', 'Catarina Silva', 'Setúbal', 333);
insert into EntidadeMeio values ( 'Camara Rita Valério');
insert into Meio values ( 333, 'Mangueira', 'Camara Rita Valério');
insert into MeioCombate values ( 333, 'Camara Rita Valério');
insert into Acciona values ( 333, 'Camara Rita Valério', 182);
insert into Coordenador values ( 333);
insert into Camara values ( 334);
insert into Video values ( timestamp '2018-02-14 23:01:36', timestamp '2018-02-14 23:49:17', 334);
insert into SegmentoVideo values ( 0, '1735 seconds', timestamp '2018-02-14 23:01:36', 334);
insert into SegmentoVideo values ( 1, '1126 seconds', timestamp '2018-02-14 23:01:36', 334);
insert into Vigia values ( 'Torres Novas', 334);
insert into ProcessoSocorro values ( 334);
insert into EventoEmergencia values ( '938882985', timestamp '2018-11-19 21:47:34', 'João Guerreiro', 'Torres Novas', 334);
insert into EntidadeMeio values ( 'Junta João Figueiredo');
insert into Meio values ( 334, 'Mâscaras de fumo', 'Junta João Figueiredo');
insert into MeioCombate values ( 334, 'Junta João Figueiredo');
insert into Acciona values ( 334, 'Junta João Figueiredo', 229);
insert into Coordenador values ( 334);
insert into Audita values ( 334, 334, 'Junta João Figueiredo', 229, timestamp '2018-09-11 17:53:40', timestamp '2018-10-26 15:53:20', date '2018-09-11', 'Acredito que foram cortados cantos por fim deixo a indicação de que uma maior investigação será necessária.');
insert into Solicita values ( 334, timestamp '2018-02-14 23:01:36', 334, timestamp '2018-09-30 07:14:53', timestamp '2018-10-09 19:55:50');
insert into Camara values ( 335);
insert into Video values ( timestamp '2018-10-14 10:19:55', timestamp '2018-10-14 21:17:24', 335);
insert into SegmentoVideo values ( 0, '6989 seconds', timestamp '2018-10-14 10:19:55', 335);
insert into SegmentoVideo values ( 1, '15253 seconds', timestamp '2018-10-14 10:19:55', 335);
insert into SegmentoVideo values ( 2, '17207 seconds', timestamp '2018-10-14 10:19:55', 335);
insert into Vigia values ( 'Peniche', 335);
insert into ProcessoSocorro values ( 335);
insert into EventoEmergencia values ( '948485824', timestamp '2018-09-22 01:41:58', 'Francisco Correia', 'Peniche', 335);
insert into EntidadeMeio values ( 'Hospital Inês Gômes');
insert into Meio values ( 335, 'Garrafas de água', 'Hospital Inês Gômes');
insert into MeioSocorro values ( 335, 'Hospital Inês Gômes');
insert into Transporta values ( 335, 'Hospital Inês Gômes', 5, 325);
insert into Acciona values ( 335, 'Hospital Inês Gômes', 325);
insert into Coordenador values ( 335);
insert into Audita values ( 335, 335, 'Hospital Inês Gômes', 325, timestamp '2018-11-21 04:28:05', timestamp '2018-11-21 19:36:25', date '2018-11-21', 'Acredito que foram cortados cantos assim dou por concluida esta auditoria.');
insert into Solicita values ( 335, timestamp '2018-10-14 10:19:55', 335, timestamp '2018-11-21 05:41:31', timestamp '2018-11-21 18:49:22');
insert into Camara values ( 336);
insert into Video values ( timestamp '2018-09-12 14:07:27', timestamp '2018-09-13 05:02:49', 336);
insert into SegmentoVideo values ( 0, '16282 seconds', timestamp '2018-09-12 14:07:27', 336);
insert into SegmentoVideo values ( 1, '37440.0 seconds', timestamp '2018-09-12 14:07:27', 336);
insert into Vigia values ( 'Espinho', 336);
insert into ProcessoSocorro values ( 336);
insert into EventoEmergencia values ( '960413229', timestamp '2018-01-11 00:50:44', 'Inês Coelho', 'Espinho', 336);
insert into EntidadeMeio values ( 'Quartel Catarina Vitorino');
insert into Meio values ( 336, 'Esquadrão', 'Quartel Catarina Vitorino');
insert into MeioCombate values ( 336, 'Quartel Catarina Vitorino');
insert into Acciona values ( 336, 'Quartel Catarina Vitorino', 126);
insert into Coordenador values ( 336);
insert into Audita values ( 336, 336, 'Quartel Catarina Vitorino', 126, timestamp '2018-08-11 08:28:52', timestamp '2018-10-26 04:14:43', date '2018-08-11', 'Acredito que foram realizados todos os possíveis para alcançar um boa resolução por fim deixo a indicação de que uma maior investigação será necessária.');
insert into Solicita values ( 336, timestamp '2018-09-12 14:07:27', 336, timestamp '2018-08-29 20:54:18', timestamp '2018-10-04 06:03:37');
insert into Camara values ( 337);
insert into Video values ( timestamp '2018-08-23 22:17:19', timestamp '2018-08-24 07:37:43', 337);
insert into SegmentoVideo values ( 0, '3797 seconds', timestamp '2018-08-23 22:17:19', 337);
insert into SegmentoVideo values ( 1, '18741 seconds', timestamp '2018-08-23 22:17:19', 337);
insert into SegmentoVideo values ( 2, '1181 seconds', timestamp '2018-08-23 22:17:19', 337);
insert into SegmentoVideo values ( 3, '9905 seconds', timestamp '2018-08-23 22:17:19', 337);
insert into Vigia values ( 'Águeda', 337);
insert into ProcessoSocorro values ( 337);
insert into EventoEmergencia values ( '943764901', timestamp '2018-02-03 11:30:21', 'Daniel Coelho', 'Águeda', 337);
insert into EntidadeMeio values ( 'Bombeiros Municipais Inês Silva');
insert into Meio values ( 337, 'Helicoptero', 'Bombeiros Municipais Inês Silva');
insert into MeioCombate values ( 337, 'Bombeiros Municipais Inês Silva');
insert into Acciona values ( 337, 'Bombeiros Municipais Inês Silva', 108);
insert into Coordenador values ( 337);
insert into Camara values ( 338);
insert into Video values ( timestamp '2018-09-12 00:19:49', timestamp '2018-09-12 10:27:23', 338);
insert into SegmentoVideo values ( 0, '1544 seconds', timestamp '2018-09-12 00:19:49', 338);
insert into SegmentoVideo values ( 1, '34910 seconds', timestamp '2018-09-12 00:19:49', 338);
insert into Vigia values ( 'Rio Maior', 338);
insert into ProcessoSocorro values ( 338);
insert into EventoEmergencia values ( '952048631', timestamp '2018-09-13 10:21:40', 'Joana Martinho', 'Rio Maior', 338);
insert into EntidadeMeio values ( 'Junta Catarina Nogueira');
insert into Meio values ( 338, 'Médico', 'Junta Catarina Nogueira');
insert into MeioSocorro values ( 338, 'Junta Catarina Nogueira');
insert into Transporta values ( 338, 'Junta Catarina Nogueira', 5, 8);
insert into Acciona values ( 338, 'Junta Catarina Nogueira', 8);
insert into Coordenador values ( 338);
insert into Audita values ( 338, 338, 'Junta Catarina Nogueira', 8, timestamp '2018-04-01 05:13:24', timestamp '2018-07-06 20:05:08', date '2018-04-01', 'Tendo concluido a minha auditoria, todo o processo decorreu dentro da lei ainda, termino a auditoria convicto de que não são necessários mais procedimentos.');
insert into Solicita values ( 338, timestamp '2018-09-12 00:19:49', 338, timestamp '2018-05-22 01:24:22', timestamp '2018-05-23 10:58:59');
insert into Camara values ( 339);
insert into Video values ( timestamp '2018-06-16 01:39:47', timestamp '2018-06-16 20:33:33', 339);
insert into SegmentoVideo values ( 0, '54314 seconds', timestamp '2018-06-16 01:39:47', 339);
insert into SegmentoVideo values ( 1, '12347 seconds', timestamp '2018-06-16 01:39:47', 339);
insert into SegmentoVideo values ( 2, '1365 seconds', timestamp '2018-06-16 01:39:47', 339);
insert into Vigia values ( 'Mealhada', 339);
insert into ProcessoSocorro values ( 339);
insert into EventoEmergencia values ( '920367464', timestamp '2018-07-10 10:43:16', 'Marta Antunes', 'Mealhada', 339);
insert into EntidadeMeio values ( 'Junta de Vila Nova de Famalicão');
insert into Meio values ( 339, 'Ambulância', 'Junta de Vila Nova de Famalicão');
insert into MeioApoio values ( 339, 'Junta de Vila Nova de Famalicão');
insert into Alocado values ( 339, 'Junta de Vila Nova de Famalicão', 46, 106);
insert into Acciona values ( 339, 'Junta de Vila Nova de Famalicão', 106);
insert into Coordenador values ( 339);
insert into Audita values ( 339, 339, 'Junta de Vila Nova de Famalicão', 106, timestamp '2018-06-23 17:17:34', timestamp '2018-07-17 01:18:43', date '2018-06-23', 'Estou convicto que todo o processo decorreu dentro da lei ainda, termino a auditoria convicto de que não são necessários mais procedimentos.');
insert into Solicita values ( 339, timestamp '2018-06-16 01:39:47', 339, timestamp '2018-06-26 06:00:23', timestamp '2018-07-04 10:34:51');
insert into Camara values ( 340);
insert into Video values ( timestamp '2018-07-01 13:38:33', timestamp '2018-07-02 03:39:01', 340);
insert into SegmentoVideo values ( 0, '31111 seconds', timestamp '2018-07-01 13:38:33', 340);
insert into SegmentoVideo values ( 1, '19317 seconds', timestamp '2018-07-01 13:38:33', 340);
insert into Vigia values ( 'Ourém', 340);
insert into ProcessoSocorro values ( 340);
insert into EventoEmergencia values ( '958535169', timestamp '2018-02-07 05:43:13', 'Cristiana Abreu', 'Ourém', 340);
insert into EntidadeMeio values ( 'Camara Manel Silva');
insert into Meio values ( 340, 'Médico', 'Camara Manel Silva');
insert into MeioSocorro values ( 340, 'Camara Manel Silva');
insert into Transporta values ( 340, 'Camara Manel Silva', 5, 247);
insert into Acciona values ( 340, 'Camara Manel Silva', 247);
insert into Coordenador values ( 340);
insert into Camara values ( 341);
insert into Video values ( timestamp '2018-07-27 05:12:45', timestamp '2018-07-27 12:35:30', 341);
insert into SegmentoVideo values ( 0, '545 seconds', timestamp '2018-07-27 05:12:45', 341);
insert into SegmentoVideo values ( 1, '26020 seconds', timestamp '2018-07-27 05:12:45', 341);
insert into Vigia values ( 'Agualva-Cacém', 341);
insert into ProcessoSocorro values ( 341);
insert into EventoEmergencia values ( '917338419', timestamp '2018-01-24 06:51:02', 'João Antunes', 'Agualva-Cacém', 341);
insert into EntidadeMeio values ( 'Esquadra de Samora Correia');
insert into Meio values ( 341, 'Camião', 'Esquadra de Samora Correia');
insert into MeioApoio values ( 341, 'Esquadra de Samora Correia');
insert into Alocado values ( 341, 'Esquadra de Samora Correia', 41, 92);
insert into Acciona values ( 341, 'Esquadra de Samora Correia', 92);
insert into Coordenador values ( 341);
insert into Audita values ( 341, 341, 'Esquadra de Samora Correia', 92, timestamp '2018-06-27 20:26:42', timestamp '2018-08-23 10:20:39', date '2018-06-27', 'Com base na minha análise, denota-se corrupção por parte de várias entidades ainda, termino a auditoria convicto de que não são necessários mais procedimentos.');
insert into Solicita values ( 341, timestamp '2018-07-27 05:12:45', 341, timestamp '2018-07-20 11:59:01', timestamp '2018-07-30 16:56:59');
insert into Camara values ( 342);
insert into Video values ( timestamp '2018-02-08 18:47:30', timestamp '2018-02-08 20:04:22', 342);
insert into SegmentoVideo values ( 0, '398 seconds', timestamp '2018-02-08 18:47:30', 342);
insert into SegmentoVideo values ( 1, '3414 seconds', timestamp '2018-02-08 18:47:30', 342);
insert into SegmentoVideo values ( 2, '800.0 seconds', timestamp '2018-02-08 18:47:30', 342);
insert into Vigia values ( 'Oliveira do Bairro', 342);
insert into ProcessoSocorro values ( 342);
insert into EventoEmergencia values ( '950412978', timestamp '2018-11-01 14:38:20', 'Pedro Gômes', 'Oliveira do Bairro', 342);
insert into EntidadeMeio values ( 'Fundação de Seia');
insert into Meio values ( 342, 'Psicólogo', 'Fundação de Seia');
insert into MeioSocorro values ( 342, 'Fundação de Seia');
insert into Transporta values ( 342, 'Fundação de Seia', 1, 82);
insert into Acciona values ( 342, 'Fundação de Seia', 82);
insert into Coordenador values ( 342);
insert into Camara values ( 343);
insert into Video values ( timestamp '2018-09-17 05:16:48', timestamp '2018-09-17 23:33:38', 343);
insert into SegmentoVideo values ( 0, '50349 seconds', timestamp '2018-09-17 05:16:48', 343);
insert into SegmentoVideo values ( 1, '1605 seconds', timestamp '2018-09-17 05:16:48', 343);
insert into SegmentoVideo values ( 2, '13856 seconds', timestamp '2018-09-17 05:16:48', 343);
insert into Vigia values ( 'Tondela', 343);
insert into ProcessoSocorro values ( 343);
insert into EventoEmergencia values ( '955119575', timestamp '2018-08-19 20:34:31', 'Joana Martinho', 'Tondela', 343);
insert into EntidadeMeio values ( 'Fundação de Faro');
insert into Meio values ( 343, 'Carro', 'Fundação de Faro');
insert into MeioApoio values ( 343, 'Fundação de Faro');
insert into Alocado values ( 343, 'Fundação de Faro', 138, 42);
insert into Acciona values ( 343, 'Fundação de Faro', 42);
insert into Coordenador values ( 343);
insert into Audita values ( 343, 343, 'Fundação de Faro', 42, timestamp '2018-11-19 22:01:23', timestamp '2018-11-22 05:30:19', date '2018-11-19', 'Conclui que todo o processo decorreu dentro da lei ainda, termino a auditoria convicto de que não são necessários mais procedimentos.');
insert into Solicita values ( 343, timestamp '2018-09-17 05:16:48', 343, timestamp '2018-11-20 02:44:53', timestamp '2018-11-21 00:58:48');
insert into Camara values ( 344);
insert into Video values ( timestamp '2018-09-13 09:49:38', timestamp '2018-09-13 12:00:11', 344);
insert into SegmentoVideo values ( 0, '1048 seconds', timestamp '2018-09-13 09:49:38', 344);
insert into SegmentoVideo values ( 1, '503 seconds', timestamp '2018-09-13 09:49:38', 344);
insert into SegmentoVideo values ( 2, '6282 seconds', timestamp '2018-09-13 09:49:38', 344);
insert into Vigia values ( 'Lourosa', 344);
insert into ProcessoSocorro values ( 344);
insert into EventoEmergencia values ( '918481011', timestamp '2018-08-17 15:06:06', 'Catarina Matos', 'Lourosa', 344);
insert into EntidadeMeio values ( 'Bombeiros Voluntários de Braga');
insert into Meio values ( 344, 'Rações', 'Bombeiros Voluntários de Braga');
insert into MeioCombate values ( 344, 'Bombeiros Voluntários de Braga');
insert into Acciona values ( 344, 'Bombeiros Voluntários de Braga', 202);
insert into Coordenador values ( 344);
insert into Camara values ( 345);
insert into Video values ( timestamp '2018-09-14 19:44:20', timestamp '2018-09-15 14:48:01', 345);
insert into SegmentoVideo values ( 0, '62485 seconds', timestamp '2018-09-14 19:44:20', 345);
insert into SegmentoVideo values ( 1, '6136 seconds', timestamp '2018-09-14 19:44:20', 345);
insert into Vigia values ( 'Serpa', 345);
insert into ProcessoSocorro values ( 345);
insert into EventoEmergencia values ( '934861277', timestamp '2018-03-28 23:57:02', 'Pedro Coelho', 'Serpa', 345);
insert into EntidadeMeio values ( 'Esquadra de Portalegre');
insert into Meio values ( 345, 'Paramédico', 'Esquadra de Portalegre');
insert into MeioSocorro values ( 345, 'Esquadra de Portalegre');
insert into Transporta values ( 345, 'Esquadra de Portalegre', 5, 139);
insert into Acciona values ( 345, 'Esquadra de Portalegre', 139);
insert into Coordenador values ( 345);
insert into Audita values ( 345, 345, 'Esquadra de Portalegre', 139, timestamp '2018-04-20 07:51:51', timestamp '2018-08-10 20:58:55', date '2018-04-20', 'Com base na minha análise, foram realizados todos os possíveis para alcançar um boa resolução por fim deixo a indicação de que uma maior investigação será necessária.');
insert into Solicita values ( 345, timestamp '2018-09-14 19:44:20', 345, timestamp '2018-07-29 23:08:28', timestamp '2018-08-08 09:31:23');
insert into Camara values ( 346);
insert into Video values ( timestamp '2018-08-03 05:31:56', timestamp '2018-08-03 21:43:32', 346);
insert into SegmentoVideo values ( 0, '13907 seconds', timestamp '2018-08-03 05:31:56', 346);
insert into SegmentoVideo values ( 1, '1046 seconds', timestamp '2018-08-03 05:31:56', 346);
insert into SegmentoVideo values ( 2, '39191 seconds', timestamp '2018-08-03 05:31:56', 346);
insert into SegmentoVideo values ( 3, '827 seconds', timestamp '2018-08-03 05:31:56', 346);
insert into SegmentoVideo values ( 4, '503 seconds', timestamp '2018-08-03 05:31:56', 346);
insert into SegmentoVideo values ( 5, '1698 seconds', timestamp '2018-08-03 05:31:56', 346);
insert into SegmentoVideo values ( 6, '1124 seconds', timestamp '2018-08-03 05:31:56', 346);
insert into Vigia values ( 'Albergaria-a-Velha', 346);
insert into ProcessoSocorro values ( 346);
insert into EventoEmergencia values ( '943442105', timestamp '2018-09-04 16:43:03', 'Carolina Antunes', 'Albergaria-a-Velha', 346);
insert into EntidadeMeio values ( 'Bombeiros Voluntários de Torres Novas');
insert into Meio values ( 346, 'Mangueira', 'Bombeiros Voluntários de Torres Novas');
insert into MeioCombate values ( 346, 'Bombeiros Voluntários de Torres Novas');
insert into Acciona values ( 346, 'Bombeiros Voluntários de Torres Novas', 155);
insert into Coordenador values ( 346);
insert into Camara values ( 347);
insert into Video values ( timestamp '2018-08-16 06:25:31', timestamp '2018-08-16 06:54:36', 347);
insert into SegmentoVideo values ( 0, '1745.0 seconds', timestamp '2018-08-16 06:25:31', 347);
insert into Vigia values ( 'Maia', 347);
insert into ProcessoSocorro values ( 347);
insert into EventoEmergencia values ( '959028678', timestamp '2018-10-07 00:26:27', 'João Matos', 'Maia', 347);
insert into EntidadeMeio values ( 'Fundação de Portalegre');
insert into Meio values ( 347, 'Psicólogo', 'Fundação de Portalegre');
insert into MeioSocorro values ( 347, 'Fundação de Portalegre');
insert into Transporta values ( 347, 'Fundação de Portalegre', 1, 186);
insert into Acciona values ( 347, 'Fundação de Portalegre', 186);
insert into Coordenador values ( 347);
insert into Audita values ( 347, 347, 'Fundação de Portalegre', 186, timestamp '2018-11-02 12:30:05', timestamp '2018-11-18 17:57:40', date '2018-11-02', 'Estou convicto que foram cortados cantos por fim deixo a indicação de que uma maior investigação será necessária.');
insert into Solicita values ( 347, timestamp '2018-08-16 06:25:31', 347, timestamp '2018-11-16 17:01:21', timestamp '2018-11-17 08:10:38');
insert into Camara values ( 348);
insert into Video values ( timestamp '2018-11-12 11:05:56', timestamp '2018-11-13 02:50:09', 348);
insert into SegmentoVideo values ( 0, '28473 seconds', timestamp '2018-11-12 11:05:56', 348);
insert into SegmentoVideo values ( 1, '28180 seconds', timestamp '2018-11-12 11:05:56', 348);
insert into Vigia values ( 'Rebordosa', 348);
insert into ProcessoSocorro values ( 348);
insert into EventoEmergencia values ( '918302311', timestamp '2018-01-31 14:13:47', 'Pedro Gômes', 'Rebordosa', 348);
insert into EntidadeMeio values ( 'Bombeiros Municipais Ana Rodrigues');
insert into Meio values ( 348, 'Rações', 'Bombeiros Municipais Ana Rodrigues');
insert into MeioCombate values ( 348, 'Bombeiros Municipais Ana Rodrigues');
insert into Acciona values ( 348, 'Bombeiros Municipais Ana Rodrigues', 99);
insert into Coordenador values ( 348);
insert into Audita values ( 348, 348, 'Bombeiros Municipais Ana Rodrigues', 99, timestamp '2018-08-05 08:06:23', timestamp '2018-10-31 10:26:13', date '2018-08-05', 'Acredito que foram realizados todos os possíveis para alcançar um boa resolução ainda, termino a auditoria convicto de que não são necessários mais procedimentos.');
insert into Solicita values ( 348, timestamp '2018-11-12 11:05:56', 348, timestamp '2018-09-28 07:29:42', timestamp '2018-10-23 05:46:15');
insert into Camara values ( 349);
insert into Video values ( timestamp '2018-09-07 00:59:36', timestamp '2018-09-07 07:54:55', 349);
insert into SegmentoVideo values ( 0, '23578 seconds', timestamp '2018-09-07 00:59:36', 349);
insert into SegmentoVideo values ( 1, '696 seconds', timestamp '2018-09-07 00:59:36', 349);
insert into SegmentoVideo values ( 2, '645.0 seconds', timestamp '2018-09-07 00:59:36', 349);
insert into Vigia values ( 'Valbom', 349);
insert into ProcessoSocorro values ( 349);
insert into EventoEmergencia values ( '911234297', timestamp '2018-10-28 07:06:26', 'Inês Abreu', 'Valbom', 349);
insert into EntidadeMeio values ( 'Junta de Estremoz');
insert into Meio values ( 349, 'Mangueira', 'Junta de Estremoz');
insert into MeioCombate values ( 349, 'Junta de Estremoz');
insert into Acciona values ( 349, 'Junta de Estremoz', 204);
insert into Coordenador values ( 349);
insert into Camara values ( 350);
insert into Video values ( timestamp '2018-04-10 13:07:37', timestamp '2018-04-10 20:11:10', 350);
insert into SegmentoVideo values ( 0, '8593 seconds', timestamp '2018-04-10 13:07:37', 350);
insert into SegmentoVideo values ( 1, '16820 seconds', timestamp '2018-04-10 13:07:37', 350);
insert into Vigia values ( 'Lisboa', 350);
insert into ProcessoSocorro values ( 350);
insert into EventoEmergencia values ( '953120203', timestamp '2018-10-07 10:53:53', 'Manel Silva', 'Lisboa', 350);
insert into EntidadeMeio values ( 'Camara Cristiana Figueiredo');
insert into Meio values ( 350, 'Camião', 'Camara Cristiana Figueiredo');
insert into MeioApoio values ( 350, 'Camara Cristiana Figueiredo');
insert into Alocado values ( 350, 'Camara Cristiana Figueiredo', 59, 139);
insert into Acciona values ( 350, 'Camara Cristiana Figueiredo', 139);
insert into Coordenador values ( 350);
insert into Camara values ( 351);
insert into Video values ( timestamp '2018-03-13 03:38:27', timestamp '2018-03-14 00:51:25', 351);
insert into SegmentoVideo values ( 0, '40521 seconds', timestamp '2018-03-13 03:38:27', 351);
insert into SegmentoVideo values ( 1, '35857 seconds', timestamp '2018-03-13 03:38:27', 351);
insert into Vigia values ( 'Tarouca', 351);
insert into ProcessoSocorro values ( 351);
insert into EventoEmergencia values ( '956061459', timestamp '2018-08-11 22:56:08', 'Carolina Antunes', 'Tarouca', 351);
insert into EntidadeMeio values ( 'Hospital Marta Vitorino');
insert into Meio values ( 351, 'Esquadrão', 'Hospital Marta Vitorino');
insert into MeioCombate values ( 351, 'Hospital Marta Vitorino');
insert into Acciona values ( 351, 'Hospital Marta Vitorino', 99);
insert into Coordenador values ( 351);
insert into Camara values ( 352);
insert into Video values ( timestamp '2018-10-14 13:21:27', timestamp '2018-10-14 23:11:00', 352);
insert into SegmentoVideo values ( 0, '579 seconds', timestamp '2018-10-14 13:21:27', 352);
insert into SegmentoVideo values ( 1, '5399 seconds', timestamp '2018-10-14 13:21:27', 352);
insert into SegmentoVideo values ( 2, '29395 seconds', timestamp '2018-10-14 13:21:27', 352);
insert into Vigia values ( 'Cantanhede', 352);
insert into ProcessoSocorro values ( 352);
insert into EventoEmergencia values ( '955183796', timestamp '2018-11-12 16:12:12', 'Francisco Valério', 'Cantanhede', 352);
insert into EntidadeMeio values ( 'Bombeiros Municipais Pedro Silva');
insert into Meio values ( 352, 'Rações', 'Bombeiros Municipais Pedro Silva');
insert into MeioCombate values ( 352, 'Bombeiros Municipais Pedro Silva');
insert into Acciona values ( 352, 'Bombeiros Municipais Pedro Silva', 66);
insert into Coordenador values ( 352);
insert into Camara values ( 353);
insert into Video values ( timestamp '2018-11-22 09:30:14', timestamp '2018-11-22 23:34:22', 353);
insert into SegmentoVideo values ( 0, '11034 seconds', timestamp '2018-11-22 09:30:14', 353);
insert into SegmentoVideo values ( 1, '39614 seconds', timestamp '2018-11-22 09:30:14', 353);
insert into Vigia values ( 'Reguengos de Monsaraz', 353);
insert into ProcessoSocorro values ( 353);
insert into EventoEmergencia values ( '912647002', timestamp '2018-01-08 18:17:00', 'Catarina Abreu', 'Reguengos de Monsaraz', 353);
insert into EntidadeMeio values ( 'Hospital Marta Guerreiro');
insert into Meio values ( 353, 'Esquadrão', 'Hospital Marta Guerreiro');
insert into MeioCombate values ( 353, 'Hospital Marta Guerreiro');
insert into Acciona values ( 353, 'Hospital Marta Guerreiro', 152);
insert into Coordenador values ( 353);
insert into Audita values ( 353, 353, 'Hospital Marta Guerreiro', 152, timestamp '2018-11-21 07:35:44', timestamp '2018-11-24 05:58:18', date '2018-11-21', 'Conclui que foram realizados todos os possíveis para alcançar um boa resolução assim dou por concluida esta auditoria.');
insert into Solicita values ( 353, timestamp '2018-11-22 09:30:14', 353, timestamp '2018-11-22 02:55:07', timestamp '2018-11-24 01:43:18');
insert into Camara values ( 354);
insert into Video values ( timestamp '2018-06-07 21:54:55', timestamp '2018-06-08 13:52:11', 354);
insert into SegmentoVideo values ( 0, '24405 seconds', timestamp '2018-06-07 21:54:55', 354);
insert into SegmentoVideo values ( 1, '32005 seconds', timestamp '2018-06-07 21:54:55', 354);
insert into SegmentoVideo values ( 2, '1026 seconds', timestamp '2018-06-07 21:54:55', 354);
insert into Vigia values ( 'Covilhã', 354);
insert into ProcessoSocorro values ( 354);
insert into EventoEmergencia values ( '928941820', timestamp '2018-10-10 00:26:03', 'Daniel Correia', 'Covilhã', 354);
insert into EntidadeMeio values ( 'Bombeiros Voluntários de Ourém');
insert into Meio values ( 354, 'Ambulância', 'Bombeiros Voluntários de Ourém');
insert into MeioApoio values ( 354, 'Bombeiros Voluntários de Ourém');
insert into Alocado values ( 354, 'Bombeiros Voluntários de Ourém', 55, 298);
insert into Acciona values ( 354, 'Bombeiros Voluntários de Ourém', 298);
insert into Coordenador values ( 354);
insert into Camara values ( 355);
insert into Video values ( timestamp '2018-10-06 20:22:09', timestamp '2018-10-07 17:22:23', 355);
insert into SegmentoVideo values ( 0, '28044 seconds', timestamp '2018-10-06 20:22:09', 355);
insert into SegmentoVideo values ( 1, '20421 seconds', timestamp '2018-10-06 20:22:09', 355);
insert into SegmentoVideo values ( 2, '27149 seconds', timestamp '2018-10-06 20:22:09', 355);
insert into Vigia values ( 'Rio Maior', 355);
insert into ProcessoSocorro values ( 355);
insert into EventoEmergencia values ( '936088550', timestamp '2018-07-09 04:21:13', 'João Nogueira', 'Rio Maior', 355);
insert into EntidadeMeio values ( 'Bombeiros Municipais Miguel Vitorino');
insert into Meio values ( 355, 'Helicoptero', 'Bombeiros Municipais Miguel Vitorino');
insert into MeioApoio values ( 355, 'Bombeiros Municipais Miguel Vitorino');
insert into Alocado values ( 355, 'Bombeiros Municipais Miguel Vitorino', 88, 321);
insert into Acciona values ( 355, 'Bombeiros Municipais Miguel Vitorino', 321);
insert into Coordenador values ( 355);
insert into Audita values ( 355, 355, 'Bombeiros Municipais Miguel Vitorino', 321, timestamp '2018-09-17 07:50:32', timestamp '2018-11-02 02:20:13', date '2018-09-17', 'Conclui que foram realizados todos os possíveis para alcançar um boa resolução assim dou por concluida esta auditoria.');
insert into Solicita values ( 355, timestamp '2018-10-06 20:22:09', 355, timestamp '2018-09-22 02:30:26', timestamp '2018-10-17 12:19:12');
insert into Camara values ( 356);
insert into Video values ( timestamp '2018-11-10 21:04:12', timestamp '2018-11-11 11:00:22', 356);
insert into SegmentoVideo values ( 0, '39576 seconds', timestamp '2018-11-10 21:04:12', 356);
insert into SegmentoVideo values ( 1, '8822 seconds', timestamp '2018-11-10 21:04:12', 356);
insert into SegmentoVideo values ( 2, '1772 seconds', timestamp '2018-11-10 21:04:12', 356);
insert into Vigia values ( 'Santarém', 356);
insert into ProcessoSocorro values ( 356);
insert into EventoEmergencia values ( '954335954', timestamp '2018-05-14 07:54:46', 'Miguel Matos', 'Santarém', 356);
insert into EntidadeMeio values ( 'Bombeiros Municipais Francisco Gômes');
insert into Meio values ( 356, 'Mangueira', 'Bombeiros Municipais Francisco Gômes');
insert into MeioCombate values ( 356, 'Bombeiros Municipais Francisco Gômes');
insert into Acciona values ( 356, 'Bombeiros Municipais Francisco Gômes', 199);
insert into Coordenador values ( 356);
insert into Camara values ( 357);
insert into Video values ( timestamp '2018-01-19 22:39:27', timestamp '2018-01-20 17:55:00', 357);
insert into SegmentoVideo values ( 0, '37495 seconds', timestamp '2018-01-19 22:39:27', 357);
insert into SegmentoVideo values ( 1, '31838 seconds', timestamp '2018-01-19 22:39:27', 357);
insert into Vigia values ( 'Paredes', 357);
insert into ProcessoSocorro values ( 357);
insert into EventoEmergencia values ( '967229921', timestamp '2018-06-01 07:43:21', 'Catarina Antunes', 'Paredes', 357);
insert into EntidadeMeio values ( 'Junta de Trofa');
insert into Meio values ( 357, 'Carro', 'Junta de Trofa');
insert into MeioApoio values ( 357, 'Junta de Trofa');
insert into Alocado values ( 357, 'Junta de Trofa', 80, 244);
insert into Acciona values ( 357, 'Junta de Trofa', 244);
insert into Coordenador values ( 357);
insert into Audita values ( 357, 357, 'Junta de Trofa', 244, timestamp '2018-10-24 13:50:30', timestamp '2018-11-08 08:10:50', date '2018-10-24', 'Tendo concluido a minha auditoria, todo o processo decorreu dentro da lei assim dou por concluida esta auditoria.');
insert into Solicita values ( 357, timestamp '2018-01-19 22:39:27', 357, timestamp '2018-11-03 22:48:33', timestamp '2018-11-06 04:37:44');
insert into Camara values ( 358);
insert into Video values ( timestamp '2018-01-26 16:29:08', timestamp '2018-01-26 19:35:33', 358);
insert into SegmentoVideo values ( 0, '5089 seconds', timestamp '2018-01-26 16:29:08', 358);
insert into SegmentoVideo values ( 1, '874 seconds', timestamp '2018-01-26 16:29:08', 358);
insert into SegmentoVideo values ( 2, '5222 seconds', timestamp '2018-01-26 16:29:08', 358);
insert into Vigia values ( 'Loures', 358);
insert into ProcessoSocorro values ( 358);
insert into EventoEmergencia values ( '959806748', timestamp '2018-10-27 17:20:59', 'António Coelho', 'Loures', 358);
insert into EntidadeMeio values ( 'Junta Carolina Rodrigues');
insert into Meio values ( 358, 'Ambulância', 'Junta Carolina Rodrigues');
insert into MeioApoio values ( 358, 'Junta Carolina Rodrigues');
insert into Alocado values ( 358, 'Junta Carolina Rodrigues', 114, 115);
insert into Acciona values ( 358, 'Junta Carolina Rodrigues', 115);
insert into Coordenador values ( 358);
insert into Audita values ( 358, 358, 'Junta Carolina Rodrigues', 115, timestamp '2018-08-31 18:47:15', timestamp '2018-09-03 03:18:41', date '2018-08-31', 'Estou convicto que todo o processo decorreu dentro da lei por fim deixo a indicação de que uma maior investigação será necessária.');
insert into Solicita values ( 358, timestamp '2018-01-26 16:29:08', 358, timestamp '2018-08-31 22:19:48', timestamp '2018-09-01 09:37:35');
insert into Camara values ( 359);
insert into Video values ( timestamp '2018-07-01 21:20:33', timestamp '2018-07-02 07:57:31', 359);
insert into SegmentoVideo values ( 0, '10301 seconds', timestamp '2018-07-01 21:20:33', 359);
insert into SegmentoVideo values ( 1, '23844 seconds', timestamp '2018-07-01 21:20:33', 359);
insert into SegmentoVideo values ( 2, '3274 seconds', timestamp '2018-07-01 21:20:33', 359);
insert into SegmentoVideo values ( 3, '113 seconds', timestamp '2018-07-01 21:20:33', 359);
insert into SegmentoVideo values ( 4, '686 seconds', timestamp '2018-07-01 21:20:33', 359);
insert into Vigia values ( 'Paços de Ferreira', 359);
insert into ProcessoSocorro values ( 359);
insert into EventoEmergencia values ( '944835615', timestamp '2018-05-18 14:19:22', 'Daniel Valério', 'Paços de Ferreira', 359);
insert into EntidadeMeio values ( 'Bombeiros Municipais de Vila Real de Santo António');
insert into Meio values ( 359, 'Médico', 'Bombeiros Municipais de Vila Real de Santo António');
insert into MeioSocorro values ( 359, 'Bombeiros Municipais de Vila Real de Santo António');
insert into Transporta values ( 359, 'Bombeiros Municipais de Vila Real de Santo António', 6, 211);
insert into Acciona values ( 359, 'Bombeiros Municipais de Vila Real de Santo António', 211);
insert into Coordenador values ( 359);
insert into Camara values ( 360);
insert into Video values ( timestamp '2018-04-05 03:52:44', timestamp '2018-04-05 08:11:36', 360);
insert into SegmentoVideo values ( 0, '5664 seconds', timestamp '2018-04-05 03:52:44', 360);
insert into SegmentoVideo values ( 1, '7194 seconds', timestamp '2018-04-05 03:52:44', 360);
insert into SegmentoVideo values ( 2, '1376 seconds', timestamp '2018-04-05 03:52:44', 360);
insert into SegmentoVideo values ( 3, '691 seconds', timestamp '2018-04-05 03:52:44', 360);
insert into SegmentoVideo values ( 4, '607 seconds', timestamp '2018-04-05 03:52:44', 360);
insert into Vigia values ( 'Barcelos', 360);
insert into ProcessoSocorro values ( 360);
insert into EventoEmergencia values ( '921499793', timestamp '2018-02-16 17:03:14', 'Inês Antunes', 'Barcelos', 360);
insert into EntidadeMeio values ( 'Bombeiros Voluntários de Valbom');
insert into Meio values ( 360, 'Bombeiros', 'Bombeiros Voluntários de Valbom');
insert into MeioCombate values ( 360, 'Bombeiros Voluntários de Valbom');
insert into Acciona values ( 360, 'Bombeiros Voluntários de Valbom', 333);
insert into Coordenador values ( 360);
insert into Camara values ( 361);
insert into Video values ( timestamp '2018-09-25 21:14:25', timestamp '2018-09-25 22:00:30', 361);
insert into SegmentoVideo values ( 0, '1682 seconds', timestamp '2018-09-25 21:14:25', 361);
insert into SegmentoVideo values ( 1, '1083 seconds', timestamp '2018-09-25 21:14:25', 361);
insert into Vigia values ( 'Silves', 361);
insert into ProcessoSocorro values ( 361);
insert into EventoEmergencia values ( '929798016', timestamp '2018-01-20 11:04:49', 'Rita Valério', 'Silves', 361);
insert into EntidadeMeio values ( 'Quartel Catarina Antunes');
insert into Meio values ( 361, 'Rações', 'Quartel Catarina Antunes');
insert into MeioCombate values ( 361, 'Quartel Catarina Antunes');
insert into Acciona values ( 361, 'Quartel Catarina Antunes', 10);
insert into Coordenador values ( 361);
insert into Audita values ( 361, 361, 'Quartel Catarina Antunes', 10, timestamp '2018-11-21 09:44:49', timestamp '2018-11-21 19:11:35', date '2018-11-21', 'Acredito que denota-se corrupção por parte de várias entidades ainda, termino a auditoria convicto de que não são necessários mais procedimentos.');
insert into Solicita values ( 361, timestamp '2018-09-25 21:14:25', 361, timestamp '2018-11-21 18:12:18', timestamp '2018-11-21 19:01:16');
insert into Camara values ( 362);
insert into Video values ( timestamp '2018-10-11 13:17:51', timestamp '2018-10-11 18:46:35', 362);
insert into SegmentoVideo values ( 0, '6048 seconds', timestamp '2018-10-11 13:17:51', 362);
insert into SegmentoVideo values ( 1, '13676 seconds', timestamp '2018-10-11 13:17:51', 362);
insert into Vigia values ( 'Maia', 362);
insert into ProcessoSocorro values ( 362);
insert into EventoEmergencia values ( '911364561', timestamp '2018-11-05 06:09:19', 'Tiago Correia', 'Maia', 362);
insert into EntidadeMeio values ( 'Camara Pedro Nogueira');
insert into Meio values ( 362, 'Esquadrão', 'Camara Pedro Nogueira');
insert into MeioCombate values ( 362, 'Camara Pedro Nogueira');
insert into Acciona values ( 362, 'Camara Pedro Nogueira', 217);
insert into Coordenador values ( 362);
insert into Audita values ( 362, 362, 'Camara Pedro Nogueira', 217, timestamp '2018-05-01 09:12:18', timestamp '2018-08-23 12:11:23', date '2018-05-01', 'Conclui que foram cortados cantos assim dou por concluida esta auditoria.');
insert into Solicita values ( 362, timestamp '2018-10-11 13:17:51', 362, timestamp '2018-06-10 21:39:32', timestamp '2018-08-17 02:23:00');
insert into Camara values ( 363);
insert into Video values ( timestamp '2018-10-23 15:26:56', timestamp '2018-10-24 02:45:43', 363);
insert into SegmentoVideo values ( 0, '925 seconds', timestamp '2018-10-23 15:26:56', 363);
insert into SegmentoVideo values ( 1, '36193 seconds', timestamp '2018-10-23 15:26:56', 363);
insert into SegmentoVideo values ( 2, '3609 seconds', timestamp '2018-10-23 15:26:56', 363);
insert into Vigia values ( 'Tavira', 363);
insert into ProcessoSocorro values ( 363);
insert into EventoEmergencia values ( '928941700', timestamp '2018-02-26 19:33:35', 'Cristiana Rodrigues', 'Tavira', 363);
insert into EntidadeMeio values ( 'Esquadra de Ílhavo');
insert into Meio values ( 363, 'Carro de Bombeiros', 'Esquadra de Ílhavo');
insert into MeioCombate values ( 363, 'Esquadra de Ílhavo');
insert into Acciona values ( 363, 'Esquadra de Ílhavo', 43);
insert into Coordenador values ( 363);
insert into Camara values ( 364);
insert into Video values ( timestamp '2018-04-08 03:16:55', timestamp '2018-04-08 23:38:59', 364);
insert into SegmentoVideo values ( 0, '2275 seconds', timestamp '2018-04-08 03:16:55', 364);
insert into SegmentoVideo values ( 1, '71049 seconds', timestamp '2018-04-08 03:16:55', 364);
insert into Vigia values ( 'Tarouca', 364);
insert into ProcessoSocorro values ( 364);
insert into EventoEmergencia values ( '935789043', timestamp '2018-04-16 22:28:54', 'Catarina Martinho', 'Tarouca', 364);
insert into EntidadeMeio values ( 'Junta de Covilhã');
insert into Meio values ( 364, 'Garrafas de água', 'Junta de Covilhã');
insert into MeioSocorro values ( 364, 'Junta de Covilhã');
insert into Transporta values ( 364, 'Junta de Covilhã', 1, 359);
insert into Acciona values ( 364, 'Junta de Covilhã', 359);
insert into Coordenador values ( 364);
insert into Camara values ( 365);
insert into Video values ( timestamp '2018-10-01 17:51:49', timestamp '2018-10-02 16:01:07', 365);
insert into SegmentoVideo values ( 0, '17433 seconds', timestamp '2018-10-01 17:51:49', 365);
insert into SegmentoVideo values ( 1, '62325 seconds', timestamp '2018-10-01 17:51:49', 365);
insert into Vigia values ( 'Rio Tinto', 365);
insert into ProcessoSocorro values ( 365);
insert into EventoEmergencia values ( '920228684', timestamp '2018-06-04 17:07:15', 'Daniel Guerreiro', 'Rio Tinto', 365);
insert into EntidadeMeio values ( 'Quartel João Matos');
insert into Meio values ( 365, 'Helicoptero', 'Quartel João Matos');
insert into MeioCombate values ( 365, 'Quartel João Matos');
insert into Acciona values ( 365, 'Quartel João Matos', 151);
insert into Coordenador values ( 365);
insert into Audita values ( 365, 365, 'Quartel João Matos', 151, timestamp '2018-06-07 04:23:43', timestamp '2018-06-11 07:19:41', date '2018-06-07', 'Estou convicto que todo o processo decorreu dentro da lei ainda, termino a auditoria convicto de que não são necessários mais procedimentos.');
insert into Solicita values ( 365, timestamp '2018-10-01 17:51:49', 365, timestamp '2018-06-09 14:49:31', timestamp '2018-06-11 05:08:55');
insert into Camara values ( 366);
insert into Video values ( timestamp '2018-04-08 12:20:40', timestamp '2018-04-08 18:18:50', 366);
insert into SegmentoVideo values ( 0, '1246 seconds', timestamp '2018-04-08 12:20:40', 366);
insert into SegmentoVideo values ( 1, '8716 seconds', timestamp '2018-04-08 12:20:40', 366);
insert into SegmentoVideo values ( 2, '11528 seconds', timestamp '2018-04-08 12:20:40', 366);
insert into Vigia values ( 'Póvoa de Santa Iria', 366);
insert into ProcessoSocorro values ( 366);
insert into EventoEmergencia values ( '956364008', timestamp '2018-09-12 17:28:50', 'Daniel Gômes', 'Póvoa de Santa Iria', 366);
insert into EntidadeMeio values ( 'Quartel Pedro Nogueira');
insert into Meio values ( 366, 'Helicoptero', 'Quartel Pedro Nogueira');
insert into MeioApoio values ( 366, 'Quartel Pedro Nogueira');
insert into Alocado values ( 366, 'Quartel Pedro Nogueira', 159, 243);
insert into Acciona values ( 366, 'Quartel Pedro Nogueira', 243);
insert into Coordenador values ( 366);
insert into Camara values ( 367);
insert into Video values ( timestamp '2018-04-21 22:57:39', timestamp '2018-04-22 14:14:20', 367);
insert into SegmentoVideo values ( 0, '19304 seconds', timestamp '2018-04-21 22:57:39', 367);
insert into SegmentoVideo values ( 1, '13882 seconds', timestamp '2018-04-21 22:57:39', 367);
insert into SegmentoVideo values ( 2, '21815 seconds', timestamp '2018-04-21 22:57:39', 367);
insert into Vigia values ( 'Trancoso', 367);
insert into ProcessoSocorro values ( 367);
insert into EventoEmergencia values ( '945740393', timestamp '2018-06-29 10:35:10', 'Francisco Gômes', 'Trancoso', 367);
insert into EntidadeMeio values ( 'Fundação de Almada');
insert into Meio values ( 367, 'Bombeiros', 'Fundação de Almada');
insert into MeioCombate values ( 367, 'Fundação de Almada');
insert into Acciona values ( 367, 'Fundação de Almada', 21);
insert into Coordenador values ( 367);
insert into Audita values ( 367, 367, 'Fundação de Almada', 21, timestamp '2018-11-21 03:56:25', timestamp '2018-11-24 22:50:17', date '2018-11-21', 'Acredito que todo o processo decorreu dentro da lei por fim deixo a indicação de que uma maior investigação será necessária.');
insert into Solicita values ( 367, timestamp '2018-04-21 22:57:39', 367, timestamp '2018-11-21 14:01:49', timestamp '2018-11-22 20:36:02');
insert into Camara values ( 368);
insert into Video values ( timestamp '2018-02-28 22:37:54', timestamp '2018-03-01 00:30:22', 368);
insert into SegmentoVideo values ( 0, '2628 seconds', timestamp '2018-02-28 22:37:54', 368);
insert into SegmentoVideo values ( 1, '4120 seconds', timestamp '2018-02-28 22:37:54', 368);
insert into Vigia values ( 'Tarouca', 368);
insert into ProcessoSocorro values ( 368);
insert into EventoEmergencia values ( '951533565', timestamp '2018-10-27 00:46:25', 'Tiago Nogueira', 'Tarouca', 368);
insert into EntidadeMeio values ( 'Camara Joana Abreu');
insert into Meio values ( 368, 'Drone', 'Camara Joana Abreu');
insert into MeioSocorro values ( 368, 'Camara Joana Abreu');
insert into Transporta values ( 368, 'Camara Joana Abreu', 1, 53);
insert into Acciona values ( 368, 'Camara Joana Abreu', 53);
insert into Coordenador values ( 368);
insert into Camara values ( 369);
insert into Video values ( timestamp '2018-03-16 04:28:46', timestamp '2018-03-16 16:08:15', 369);
insert into SegmentoVideo values ( 0, '149 seconds', timestamp '2018-03-16 04:28:46', 369);
insert into SegmentoVideo values ( 1, '7540 seconds', timestamp '2018-03-16 04:28:46', 369);
insert into SegmentoVideo values ( 2, '22094 seconds', timestamp '2018-03-16 04:28:46', 369);
insert into SegmentoVideo values ( 3, '3650 seconds', timestamp '2018-03-16 04:28:46', 369);
insert into SegmentoVideo values ( 4, '8536 seconds', timestamp '2018-03-16 04:28:46', 369);
insert into Vigia values ( 'Albergaria-a-Velha', 369);
insert into ProcessoSocorro values ( 369);
insert into EventoEmergencia values ( '955209842', timestamp '2018-03-10 10:47:40', 'Ana Silva', 'Albergaria-a-Velha', 369);
insert into EntidadeMeio values ( 'Quartel de Funchal');
insert into Meio values ( 369, 'Carro', 'Quartel de Funchal');
insert into MeioApoio values ( 369, 'Quartel de Funchal');
insert into Alocado values ( 369, 'Quartel de Funchal', 67, 120);
insert into Acciona values ( 369, 'Quartel de Funchal', 120);
insert into Coordenador values ( 369);
insert into Audita values ( 369, 369, 'Quartel de Funchal', 120, timestamp '2018-07-08 01:12:51', timestamp '2018-11-24 20:03:44', date '2018-07-08', 'Tendo concluido a minha auditoria, todo o processo decorreu dentro da lei assim dou por concluida esta auditoria.');
insert into Solicita values ( 369, timestamp '2018-03-16 04:28:46', 369, timestamp '2018-10-30 22:25:15', timestamp '2018-11-14 04:32:48');
insert into Camara values ( 370);
insert into Video values ( timestamp '2018-10-25 10:17:57', timestamp '2018-10-26 03:54:25', 370);
insert into SegmentoVideo values ( 0, '16159 seconds', timestamp '2018-10-25 10:17:57', 370);
insert into SegmentoVideo values ( 1, '41292 seconds', timestamp '2018-10-25 10:17:57', 370);
insert into SegmentoVideo values ( 2, '2041 seconds', timestamp '2018-10-25 10:17:57', 370);
insert into SegmentoVideo values ( 3, '3896.0 seconds', timestamp '2018-10-25 10:17:57', 370);
insert into Vigia values ( 'Bragança', 370);
insert into ProcessoSocorro values ( 370);
insert into EventoEmergencia values ( '946625497', timestamp '2018-08-16 07:31:16', 'Joana Correia', 'Bragança', 370);
insert into EntidadeMeio values ( 'Camara Ana Matos');
insert into Meio values ( 370, 'Helicoptero', 'Camara Ana Matos');
insert into MeioCombate values ( 370, 'Camara Ana Matos');
insert into Acciona values ( 370, 'Camara Ana Matos', 49);
insert into Coordenador values ( 370);
insert into Audita values ( 370, 370, 'Camara Ana Matos', 49, timestamp '2018-07-19 10:26:44', timestamp '2018-08-12 18:53:12', date '2018-07-19', 'Com base na minha análise, todo o processo decorreu dentro da lei ainda, termino a auditoria convicto de que não são necessários mais procedimentos.');
insert into Solicita values ( 370, timestamp '2018-10-25 10:17:57', 370, timestamp '2018-08-03 17:21:33', timestamp '2018-08-04 09:15:25');
insert into Camara values ( 371);
insert into Video values ( timestamp '2018-01-27 05:29:40', timestamp '2018-01-28 05:03:14', 371);
insert into SegmentoVideo values ( 0, '21043 seconds', timestamp '2018-01-27 05:29:40', 371);
insert into SegmentoVideo values ( 1, '63771 seconds', timestamp '2018-01-27 05:29:40', 371);
insert into Vigia values ( 'Alcobaça', 371);
insert into ProcessoSocorro values ( 371);
insert into EventoEmergencia values ( '940473929', timestamp '2018-05-06 22:12:48', 'Carolina Antunes', 'Alcobaça', 371);
insert into EntidadeMeio values ( 'Esquadra Miguel Valério');
insert into Meio values ( 371, 'Ambulância', 'Esquadra Miguel Valério');
insert into MeioApoio values ( 371, 'Esquadra Miguel Valério');
insert into Alocado values ( 371, 'Esquadra Miguel Valério', 53, 338);
insert into Acciona values ( 371, 'Esquadra Miguel Valério', 338);
insert into Coordenador values ( 371);
insert into Audita values ( 371, 371, 'Esquadra Miguel Valério', 338, timestamp '2018-10-18 16:23:40', timestamp '2018-11-04 05:17:49', date '2018-10-18', 'Acredito que foram realizados todos os possíveis para alcançar um boa resolução assim dou por concluida esta auditoria.');
insert into Solicita values ( 371, timestamp '2018-01-27 05:29:40', 371, timestamp '2018-10-26 03:07:04', timestamp '2018-10-31 18:40:44');
insert into Camara values ( 372);
insert into Video values ( timestamp '2018-09-26 06:23:37', timestamp '2018-09-26 17:25:26', 372);
insert into SegmentoVideo values ( 0, '34727 seconds', timestamp '2018-09-26 06:23:37', 372);
insert into SegmentoVideo values ( 1, '4231 seconds', timestamp '2018-09-26 06:23:37', 372);
insert into SegmentoVideo values ( 2, '86 seconds', timestamp '2018-09-26 06:23:37', 372);
insert into SegmentoVideo values ( 3, '665.0 seconds', timestamp '2018-09-26 06:23:37', 372);
insert into Vigia values ( 'Gafanha da Nazaré', 372);
insert into ProcessoSocorro values ( 372);
insert into EventoEmergencia values ( '918711137', timestamp '2018-04-11 10:58:49', 'Daniel Margato', 'Gafanha da Nazaré', 372);
insert into EntidadeMeio values ( 'Esquadra de Silves');
insert into Meio values ( 372, 'Ambulância', 'Esquadra de Silves');
insert into MeioApoio values ( 372, 'Esquadra de Silves');
insert into Alocado values ( 372, 'Esquadra de Silves', 128, 104);
insert into Acciona values ( 372, 'Esquadra de Silves', 104);
insert into Coordenador values ( 372);
insert into Audita values ( 372, 372, 'Esquadra de Silves', 104, timestamp '2018-10-27 19:12:37', timestamp '2018-11-18 19:41:16', date '2018-10-27', 'Com base na minha análise, todo o processo decorreu dentro da lei assim dou por concluida esta auditoria.');
insert into Solicita values ( 372, timestamp '2018-09-26 06:23:37', 372, timestamp '2018-10-27 21:02:24', timestamp '2018-11-04 20:12:17');
insert into Camara values ( 373);
insert into Video values ( timestamp '2018-05-03 10:30:31', timestamp '2018-05-04 07:06:00', 373);
insert into SegmentoVideo values ( 0, '72980 seconds', timestamp '2018-05-03 10:30:31', 373);
insert into SegmentoVideo values ( 1, '1149 seconds', timestamp '2018-05-03 10:30:31', 373);
insert into Vigia values ( 'Almada', 373);
insert into ProcessoSocorro values ( 373);
insert into EventoEmergencia values ( '942714915', timestamp '2018-05-10 18:11:25', 'Carolina Nogueira', 'Almada', 373);
insert into EntidadeMeio values ( 'Camara de Oliveira do Bairro');
insert into Meio values ( 373, 'Camião', 'Camara de Oliveira do Bairro');
insert into MeioApoio values ( 373, 'Camara de Oliveira do Bairro');
insert into Alocado values ( 373, 'Camara de Oliveira do Bairro', 104, 157);
insert into Acciona values ( 373, 'Camara de Oliveira do Bairro', 157);
insert into Coordenador values ( 373);
insert into Audita values ( 373, 373, 'Camara de Oliveira do Bairro', 157, timestamp '2018-11-09 11:19:33', timestamp '2018-11-12 01:48:02', date '2018-11-09', 'Conclui que foram cortados cantos ainda, termino a auditoria convicto de que não são necessários mais procedimentos.');
insert into Solicita values ( 373, timestamp '2018-05-03 10:30:31', 373, timestamp '2018-11-11 10:10:24', timestamp '2018-11-11 23:45:37');
insert into Camara values ( 374);
insert into Video values ( timestamp '2018-11-10 23:56:34', timestamp '2018-11-11 08:26:44', 374);
insert into SegmentoVideo values ( 0, '25860 seconds', timestamp '2018-11-10 23:56:34', 374);
insert into SegmentoVideo values ( 1, '4750 seconds', timestamp '2018-11-10 23:56:34', 374);
insert into Vigia values ( 'Mirandela', 374);
insert into ProcessoSocorro values ( 374);
insert into EventoEmergencia values ( '915994531', timestamp '2018-01-09 10:34:23', 'Tiago Coelho', 'Mirandela', 374);
insert into EntidadeMeio values ( 'Esquadra de Mêda');
insert into Meio values ( 374, 'Carro', 'Esquadra de Mêda');
insert into MeioApoio values ( 374, 'Esquadra de Mêda');
insert into Alocado values ( 374, 'Esquadra de Mêda', 144, 369);
insert into Acciona values ( 374, 'Esquadra de Mêda', 369);
insert into Coordenador values ( 374);
insert into Camara values ( 375);
insert into Video values ( timestamp '2018-09-08 05:30:22', timestamp '2018-09-08 14:14:50', 375);
insert into SegmentoVideo values ( 0, '22229 seconds', timestamp '2018-09-08 05:30:22', 375);
insert into SegmentoVideo values ( 1, '9239 seconds', timestamp '2018-09-08 05:30:22', 375);
insert into Vigia values ( 'Moura', 375);
insert into ProcessoSocorro values ( 375);
insert into EventoEmergencia values ( '937006423', timestamp '2018-08-25 10:48:38', 'Joana Margato', 'Moura', 375);
insert into EntidadeMeio values ( 'Hospital de Lagos');
insert into Meio values ( 375, 'Paramédico', 'Hospital de Lagos');
insert into MeioSocorro values ( 375, 'Hospital de Lagos');
insert into Transporta values ( 375, 'Hospital de Lagos', 4, 313);
insert into Acciona values ( 375, 'Hospital de Lagos', 313);
insert into Coordenador values ( 375);
insert into Audita values ( 375, 375, 'Hospital de Lagos', 313, timestamp '2018-09-02 22:55:20', timestamp '2018-11-20 07:12:53', date '2018-09-02', 'Com base na minha análise, todo o processo decorreu dentro da lei por fim deixo a indicação de que uma maior investigação será necessária.');
insert into Solicita values ( 375, timestamp '2018-09-08 05:30:22', 375, timestamp '2018-10-03 05:11:33', timestamp '2018-10-07 13:08:05');
insert into Camara values ( 376);
insert into Video values ( timestamp '2018-01-21 01:12:39', timestamp '2018-01-21 07:29:49', 376);
insert into SegmentoVideo values ( 0, '13934 seconds', timestamp '2018-01-21 01:12:39', 376);
insert into SegmentoVideo values ( 1, '4594 seconds', timestamp '2018-01-21 01:12:39', 376);
insert into SegmentoVideo values ( 2, '4102 seconds', timestamp '2018-01-21 01:12:39', 376);
insert into Vigia values ( 'Oliveira do Hospital', 376);
insert into ProcessoSocorro values ( 376);
insert into EventoEmergencia values ( '923761723', timestamp '2018-08-20 07:01:40', 'Cristiana Nogueira', 'Oliveira do Hospital', 376);
insert into EntidadeMeio values ( 'Esquadra Ana Rodrigues');
insert into Meio values ( 376, 'Kit de primeiros socorros', 'Esquadra Ana Rodrigues');
insert into MeioSocorro values ( 376, 'Esquadra Ana Rodrigues');
insert into Transporta values ( 376, 'Esquadra Ana Rodrigues', 3, 217);
insert into Acciona values ( 376, 'Esquadra Ana Rodrigues', 217);
insert into Coordenador values ( 376);
insert into Audita values ( 376, 376, 'Esquadra Ana Rodrigues', 217, timestamp '2018-03-27 09:49:13', timestamp '2018-05-31 12:24:17', date '2018-03-27', 'Tendo concluido a minha auditoria, denota-se corrupção por parte de várias entidades por fim deixo a indicação de que uma maior investigação será necessária.');
insert into Solicita values ( 376, timestamp '2018-01-21 01:12:39', 376, timestamp '2018-05-01 01:16:08', timestamp '2018-05-23 12:17:41');
insert into Camara values ( 377);
insert into Video values ( timestamp '2018-05-13 20:16:27', timestamp '2018-05-14 07:20:55', 377);
insert into SegmentoVideo values ( 0, '27654 seconds', timestamp '2018-05-13 20:16:27', 377);
insert into SegmentoVideo values ( 1, '2238 seconds', timestamp '2018-05-13 20:16:27', 377);
insert into SegmentoVideo values ( 2, '8805 seconds', timestamp '2018-05-13 20:16:27', 377);
insert into SegmentoVideo values ( 3, '530 seconds', timestamp '2018-05-13 20:16:27', 377);
insert into SegmentoVideo values ( 4, '641 seconds', timestamp '2018-05-13 20:16:27', 377);
insert into Vigia values ( 'Matosinhos', 377);
insert into ProcessoSocorro values ( 377);
insert into EventoEmergencia values ( '944043507', timestamp '2018-01-08 18:36:36', 'Inês Valério', 'Matosinhos', 377);
insert into EntidadeMeio values ( 'Bombeiros Municipais de Pinhel');
insert into Meio values ( 377, 'Kit de primeiros socorros', 'Bombeiros Municipais de Pinhel');
insert into MeioSocorro values ( 377, 'Bombeiros Municipais de Pinhel');
insert into Transporta values ( 377, 'Bombeiros Municipais de Pinhel', 4, 230);
insert into Acciona values ( 377, 'Bombeiros Municipais de Pinhel', 230);
insert into Coordenador values ( 377);
insert into Audita values ( 377, 377, 'Bombeiros Municipais de Pinhel', 230, timestamp '2018-07-07 12:27:02', timestamp '2018-08-16 12:47:15', date '2018-07-07', 'Acredito que denota-se corrupção por parte de várias entidades ainda, termino a auditoria convicto de que não são necessários mais procedimentos.');
insert into Solicita values ( 377, timestamp '2018-05-13 20:16:27', 377, timestamp '2018-08-01 08:47:05', timestamp '2018-08-06 10:39:42');
insert into Camara values ( 378);
insert into Video values ( timestamp '2018-10-15 08:47:08', timestamp '2018-10-16 01:49:57', 378);
insert into SegmentoVideo values ( 0, '22147 seconds', timestamp '2018-10-15 08:47:08', 378);
insert into SegmentoVideo values ( 1, '14916 seconds', timestamp '2018-10-15 08:47:08', 378);
insert into SegmentoVideo values ( 2, '15682 seconds', timestamp '2018-10-15 08:47:08', 378);
insert into SegmentoVideo values ( 3, '8624 seconds', timestamp '2018-10-15 08:47:08', 378);
insert into Vigia values ( 'Vila Real de Santo António', 378);
insert into ProcessoSocorro values ( 378);
insert into EventoEmergencia values ( '910968248', timestamp '2018-02-03 19:27:42', 'Manel Rodrigues', 'Vila Real de Santo António', 378);
insert into EntidadeMeio values ( 'Esquadra Joana Figueiredo');
insert into Meio values ( 378, 'Médico', 'Esquadra Joana Figueiredo');
insert into MeioSocorro values ( 378, 'Esquadra Joana Figueiredo');
insert into Transporta values ( 378, 'Esquadra Joana Figueiredo', 2, 266);
insert into Acciona values ( 378, 'Esquadra Joana Figueiredo', 266);
insert into Coordenador values ( 378);
insert into Camara values ( 379);
insert into Video values ( timestamp '2018-08-01 16:27:59', timestamp '2018-08-02 14:22:17', 379);
insert into SegmentoVideo values ( 0, '66080 seconds', timestamp '2018-08-01 16:27:59', 379);
insert into SegmentoVideo values ( 1, '12778 seconds', timestamp '2018-08-01 16:27:59', 379);
insert into Vigia values ( 'Serpa', 379);
insert into ProcessoSocorro values ( 379);
insert into EventoEmergencia values ( '949448077', timestamp '2018-03-06 06:43:13', 'Inês Valério', 'Serpa', 379);
insert into EntidadeMeio values ( 'Esquadra de Marco de Canaveses');
insert into Meio values ( 379, 'Drone', 'Esquadra de Marco de Canaveses');
insert into MeioSocorro values ( 379, 'Esquadra de Marco de Canaveses');
insert into Transporta values ( 379, 'Esquadra de Marco de Canaveses', 4, 182);
insert into Acciona values ( 379, 'Esquadra de Marco de Canaveses', 182);
insert into Coordenador values ( 379);
insert into Camara values ( 380);
insert into Video values ( timestamp '2018-02-18 03:55:43', timestamp '2018-02-18 09:15:01', 380);
insert into SegmentoVideo values ( 0, '1091 seconds', timestamp '2018-02-18 03:55:43', 380);
insert into SegmentoVideo values ( 1, '2616 seconds', timestamp '2018-02-18 03:55:43', 380);
insert into SegmentoVideo values ( 2, '15451 seconds', timestamp '2018-02-18 03:55:43', 380);
insert into Vigia values ( 'Cantanhede', 380);
insert into ProcessoSocorro values ( 380);
insert into EventoEmergencia values ( '915256557', timestamp '2018-08-21 15:21:06', 'Miguel Vitorino', 'Cantanhede', 380);
insert into EntidadeMeio values ( 'Bombeiros Voluntários de Mêda');
insert into Meio values ( 380, 'Carro', 'Bombeiros Voluntários de Mêda');
insert into MeioApoio values ( 380, 'Bombeiros Voluntários de Mêda');
insert into Alocado values ( 380, 'Bombeiros Voluntários de Mêda', 27, 70);
insert into Acciona values ( 380, 'Bombeiros Voluntários de Mêda', 70);
insert into Coordenador values ( 380);
insert into Audita values ( 380, 380, 'Bombeiros Voluntários de Mêda', 70, timestamp '2018-05-14 12:09:50', timestamp '2018-10-27 21:48:09', date '2018-05-14', 'Conclui que foram cortados cantos ainda, termino a auditoria convicto de que não são necessários mais procedimentos.');
insert into Solicita values ( 380, timestamp '2018-02-18 03:55:43', 380, timestamp '2018-08-25 22:09:01', timestamp '2018-08-28 20:37:44');
insert into Camara values ( 381);
insert into Video values ( timestamp '2018-10-23 01:58:47', timestamp '2018-10-23 16:12:48', 381);
insert into SegmentoVideo values ( 0, '3276 seconds', timestamp '2018-10-23 01:58:47', 381);
insert into SegmentoVideo values ( 1, '47965 seconds', timestamp '2018-10-23 01:58:47', 381);
insert into Vigia values ( 'Penafiel', 381);
insert into ProcessoSocorro values ( 381);
insert into EventoEmergencia values ( '911907275', timestamp '2018-10-17 03:56:44', 'Ana Valério', 'Penafiel', 381);
insert into EntidadeMeio values ( 'Junta de Santo Tirso');
insert into Meio values ( 381, 'Carro', 'Junta de Santo Tirso');
insert into MeioApoio values ( 381, 'Junta de Santo Tirso');
insert into Alocado values ( 381, 'Junta de Santo Tirso', 46, 305);
insert into Acciona values ( 381, 'Junta de Santo Tirso', 305);
insert into Coordenador values ( 381);
insert into Camara values ( 382);
insert into Video values ( timestamp '2018-07-25 05:33:31', timestamp '2018-07-25 15:20:52', 382);
insert into SegmentoVideo values ( 0, '16005 seconds', timestamp '2018-07-25 05:33:31', 382);
insert into SegmentoVideo values ( 1, '19236 seconds', timestamp '2018-07-25 05:33:31', 382);
insert into Vigia values ( 'Lourosa', 382);
insert into ProcessoSocorro values ( 382);
insert into EventoEmergencia values ( '917240668', timestamp '2018-07-06 02:30:21', 'Manel Vitorino', 'Lourosa', 382);
insert into EntidadeMeio values ( 'Quartel João Margato');
insert into Meio values ( 382, 'Garrafas de água', 'Quartel João Margato');
insert into MeioSocorro values ( 382, 'Quartel João Margato');
insert into Transporta values ( 382, 'Quartel João Margato', 6, 294);
insert into Acciona values ( 382, 'Quartel João Margato', 294);
insert into Coordenador values ( 382);
insert into Audita values ( 382, 382, 'Quartel João Margato', 294, timestamp '2018-01-18 03:40:54', timestamp '2018-05-16 12:50:55', date '2018-01-18', 'Conclui que denota-se corrupção por parte de várias entidades por fim deixo a indicação de que uma maior investigação será necessária.');
insert into Solicita values ( 382, timestamp '2018-07-25 05:33:31', 382, timestamp '2018-04-02 04:52:21', timestamp '2018-05-06 09:22:02');
insert into Camara values ( 383);
insert into Video values ( timestamp '2018-01-21 22:57:56', timestamp '2018-01-22 13:27:26', 383);
insert into SegmentoVideo values ( 0, '20887 seconds', timestamp '2018-01-21 22:57:56', 383);
insert into SegmentoVideo values ( 1, '28351 seconds', timestamp '2018-01-21 22:57:56', 383);
insert into SegmentoVideo values ( 2, '1925 seconds', timestamp '2018-01-21 22:57:56', 383);
insert into SegmentoVideo values ( 3, '1007 seconds', timestamp '2018-01-21 22:57:56', 383);
insert into Vigia values ( 'Peniche', 383);
insert into ProcessoSocorro values ( 383);
insert into EventoEmergencia values ( '945105880', timestamp '2018-06-27 15:48:50', 'Carolina Nicolau', 'Peniche', 383);
insert into EntidadeMeio values ( 'Camara Marta Gômes');
insert into Meio values ( 383, 'Drone', 'Camara Marta Gômes');
insert into MeioSocorro values ( 383, 'Camara Marta Gômes');
insert into Transporta values ( 383, 'Camara Marta Gômes', 6, 159);
insert into Acciona values ( 383, 'Camara Marta Gômes', 159);
insert into Coordenador values ( 383);
insert into Camara values ( 384);
insert into Video values ( timestamp '2018-05-03 18:53:19', timestamp '2018-05-04 12:23:15', 384);
insert into SegmentoVideo values ( 0, '58009 seconds', timestamp '2018-05-03 18:53:19', 384);
insert into SegmentoVideo values ( 1, '3579 seconds', timestamp '2018-05-03 18:53:19', 384);
insert into SegmentoVideo values ( 2, '1408 seconds', timestamp '2018-05-03 18:53:19', 384);
insert into Vigia values ( 'Caniço', 384);
insert into ProcessoSocorro values ( 384);
insert into EventoEmergencia values ( '944733841', timestamp '2018-03-25 17:17:49', 'Cristiana Matos', 'Caniço', 384);
insert into EntidadeMeio values ( 'Bombeiros Voluntários de Entroncamento');
insert into Meio values ( 384, 'Kit de primeiros socorros', 'Bombeiros Voluntários de Entroncamento');
insert into MeioSocorro values ( 384, 'Bombeiros Voluntários de Entroncamento');
insert into Transporta values ( 384, 'Bombeiros Voluntários de Entroncamento', 5, 105);
insert into Acciona values ( 384, 'Bombeiros Voluntários de Entroncamento', 105);
insert into Coordenador values ( 384);
insert into Camara values ( 385);
insert into Video values ( timestamp '2018-01-24 07:51:08', timestamp '2018-01-24 15:10:03', 385);
insert into SegmentoVideo values ( 0, '23275 seconds', timestamp '2018-01-24 07:51:08', 385);
insert into SegmentoVideo values ( 1, '766 seconds', timestamp '2018-01-24 07:51:08', 385);
insert into SegmentoVideo values ( 2, '1468 seconds', timestamp '2018-01-24 07:51:08', 385);
insert into SegmentoVideo values ( 3, '826.0 seconds', timestamp '2018-01-24 07:51:08', 385);
insert into Vigia values ( 'Tomar', 385);
insert into ProcessoSocorro values ( 385);
insert into EventoEmergencia values ( '963980597', timestamp '2018-04-28 13:43:15', 'Francisco Gômes', 'Tomar', 385);
insert into EntidadeMeio values ( 'Bombeiros Voluntários Cristiana Rodrigues');
insert into Meio values ( 385, 'Bombeiros', 'Bombeiros Voluntários Cristiana Rodrigues');
insert into MeioCombate values ( 385, 'Bombeiros Voluntários Cristiana Rodrigues');
insert into Acciona values ( 385, 'Bombeiros Voluntários Cristiana Rodrigues', 363);
insert into Coordenador values ( 385);
insert into Camara values ( 386);
insert into Video values ( timestamp '2018-11-12 11:18:02', timestamp '2018-11-12 18:01:45', 386);
insert into SegmentoVideo values ( 0, '11715 seconds', timestamp '2018-11-12 11:18:02', 386);
insert into SegmentoVideo values ( 1, '2150 seconds', timestamp '2018-11-12 11:18:02', 386);
insert into SegmentoVideo values ( 2, '9096 seconds', timestamp '2018-11-12 11:18:02', 386);
insert into SegmentoVideo values ( 3, '1262.0 seconds', timestamp '2018-11-12 11:18:02', 386);
insert into Vigia values ( 'Entroncamento', 386);
insert into ProcessoSocorro values ( 386);
insert into EventoEmergencia values ( '937960634', timestamp '2018-02-20 12:13:21', 'Catarina Silva', 'Entroncamento', 386);
insert into EntidadeMeio values ( 'Esquadra Pedro Gômes');
insert into Meio values ( 386, 'Helicoptero', 'Esquadra Pedro Gômes');
insert into MeioCombate values ( 386, 'Esquadra Pedro Gômes');
insert into Acciona values ( 386, 'Esquadra Pedro Gômes', 351);
insert into Coordenador values ( 386);
insert into Camara values ( 387);
insert into Video values ( timestamp '2018-10-02 02:43:42', timestamp '2018-10-02 05:45:10', 387);
insert into SegmentoVideo values ( 0, '5810 seconds', timestamp '2018-10-02 02:43:42', 387);
insert into SegmentoVideo values ( 1, '5078 seconds', timestamp '2018-10-02 02:43:42', 387);
insert into Vigia values ( 'Vila Real', 387);
insert into ProcessoSocorro values ( 387);
insert into EventoEmergencia values ( '957488145', timestamp '2018-11-12 10:41:08', 'Daniel Gômes', 'Vila Real', 387);
insert into EntidadeMeio values ( 'Bombeiros Voluntários António Guerreiro');
insert into Meio values ( 387, 'Helicoptero', 'Bombeiros Voluntários António Guerreiro');
insert into MeioCombate values ( 387, 'Bombeiros Voluntários António Guerreiro');
insert into Acciona values ( 387, 'Bombeiros Voluntários António Guerreiro', 134);
insert into Coordenador values ( 387);
insert into Camara values ( 388);
insert into Video values ( timestamp '2018-10-07 18:48:45', timestamp '2018-10-08 01:53:40', 388);
insert into SegmentoVideo values ( 0, '23670 seconds', timestamp '2018-10-07 18:48:45', 388);
insert into SegmentoVideo values ( 1, '1825 seconds', timestamp '2018-10-07 18:48:45', 388);
insert into Vigia values ( 'Santa Maria da Feira', 388);
insert into ProcessoSocorro values ( 388);
insert into EventoEmergencia values ( '963097719', timestamp '2018-03-20 02:52:30', 'Cristiana Silva', 'Santa Maria da Feira', 388);
insert into EntidadeMeio values ( 'Bombeiros Voluntários de Viseu');
insert into Meio values ( 388, 'Maca', 'Bombeiros Voluntários de Viseu');
insert into MeioApoio values ( 388, 'Bombeiros Voluntários de Viseu');
insert into Alocado values ( 388, 'Bombeiros Voluntários de Viseu', 156, 382);
insert into Acciona values ( 388, 'Bombeiros Voluntários de Viseu', 382);
insert into Coordenador values ( 388);
insert into Camara values ( 389);
insert into Video values ( timestamp '2018-05-21 19:46:48', timestamp '2018-05-22 09:11:35', 389);
insert into SegmentoVideo values ( 0, '22031 seconds', timestamp '2018-05-21 19:46:48', 389);
insert into SegmentoVideo values ( 1, '26256 seconds', timestamp '2018-05-21 19:46:48', 389);
insert into Vigia values ( 'Albufeira', 389);
insert into ProcessoSocorro values ( 389);
insert into EventoEmergencia values ( '959996679', timestamp '2018-02-05 04:19:25', 'Tiago Vitorino', 'Albufeira', 389);
insert into EntidadeMeio values ( 'Camara de Caniço');
insert into Meio values ( 389, 'Garrafas de água', 'Camara de Caniço');
insert into MeioSocorro values ( 389, 'Camara de Caniço');
insert into Transporta values ( 389, 'Camara de Caniço', 5, 110);
insert into Acciona values ( 389, 'Camara de Caniço', 110);
insert into Coordenador values ( 389);
insert into Audita values ( 389, 389, 'Camara de Caniço', 110, timestamp '2018-11-22 05:04:02', timestamp '2018-11-22 16:54:40', date '2018-11-22', 'Tendo concluido a minha auditoria, todo o processo decorreu dentro da lei assim dou por concluida esta auditoria.');
insert into Solicita values ( 389, timestamp '2018-05-21 19:46:48', 389, timestamp '2018-11-22 16:05:38', timestamp '2018-11-22 16:19:20');
insert into Camara values ( 390);
insert into Video values ( timestamp '2018-07-22 18:10:30', timestamp '2018-07-22 23:19:36', 390);
insert into SegmentoVideo values ( 0, '7892 seconds', timestamp '2018-07-22 18:10:30', 390);
insert into SegmentoVideo values ( 1, '3163 seconds', timestamp '2018-07-22 18:10:30', 390);
insert into SegmentoVideo values ( 2, '4803 seconds', timestamp '2018-07-22 18:10:30', 390);
insert into SegmentoVideo values ( 3, '2688 seconds', timestamp '2018-07-22 18:10:30', 390);
insert into Vigia values ( 'Almada', 390);
insert into ProcessoSocorro values ( 390);
insert into EventoEmergencia values ( '911919346', timestamp '2018-11-22 15:34:44', 'Pedro Coelho', 'Almada', 390);
insert into EntidadeMeio values ( 'Hospital Miguel Nicolau');
insert into Meio values ( 390, 'Camião', 'Hospital Miguel Nicolau');
insert into MeioApoio values ( 390, 'Hospital Miguel Nicolau');
insert into Alocado values ( 390, 'Hospital Miguel Nicolau', 137, 184);
insert into Acciona values ( 390, 'Hospital Miguel Nicolau', 184);
insert into Coordenador values ( 390);
insert into Camara values ( 391);
insert into Video values ( timestamp '2018-07-21 03:52:00', timestamp '2018-07-22 02:18:07', 391);
insert into SegmentoVideo values ( 0, '46519 seconds', timestamp '2018-07-21 03:52:00', 391);
insert into SegmentoVideo values ( 1, '34248 seconds', timestamp '2018-07-21 03:52:00', 391);
insert into Vigia values ( 'Reguengos de Monsaraz', 391);
insert into ProcessoSocorro values ( 391);
insert into EventoEmergencia values ( '935153740', timestamp '2018-04-20 20:18:27', 'Joana Coelho', 'Reguengos de Monsaraz', 391);
insert into EntidadeMeio values ( 'Camara de Oliveira de Azeméis');
insert into Meio values ( 391, 'Maca', 'Camara de Oliveira de Azeméis');
insert into MeioApoio values ( 391, 'Camara de Oliveira de Azeméis');
insert into Alocado values ( 391, 'Camara de Oliveira de Azeméis', 24, 66);
insert into Acciona values ( 391, 'Camara de Oliveira de Azeméis', 66);
insert into Coordenador values ( 391);
insert into Audita values ( 391, 391, 'Camara de Oliveira de Azeméis', 66, timestamp '2018-04-06 08:33:53', timestamp '2018-09-24 16:54:25', date '2018-04-06', 'Conclui que foram realizados todos os possíveis para alcançar um boa resolução por fim deixo a indicação de que uma maior investigação será necessária.');
insert into Solicita values ( 391, timestamp '2018-07-21 03:52:00', 391, timestamp '2018-08-14 20:48:16', timestamp '2018-08-26 15:58:15');
insert into Camara values ( 392);
insert into Video values ( timestamp '2018-02-07 20:04:51', timestamp '2018-02-08 16:27:37', 392);
insert into SegmentoVideo values ( 0, '16565 seconds', timestamp '2018-02-07 20:04:51', 392);
insert into SegmentoVideo values ( 1, '56801 seconds', timestamp '2018-02-07 20:04:51', 392);
insert into Vigia values ( 'Alcobaça', 392);
insert into ProcessoSocorro values ( 392);
insert into EventoEmergencia values ( '944245787', timestamp '2018-06-12 03:11:02', 'António Nogueira', 'Alcobaça', 392);
insert into EntidadeMeio values ( 'Bombeiros Municipais Miguel Nogueira');
insert into Meio values ( 392, 'Garrafas de água', 'Bombeiros Municipais Miguel Nogueira');
insert into MeioSocorro values ( 392, 'Bombeiros Municipais Miguel Nogueira');
insert into Transporta values ( 392, 'Bombeiros Municipais Miguel Nogueira', 5, 202);
insert into Acciona values ( 392, 'Bombeiros Municipais Miguel Nogueira', 202);
insert into Coordenador values ( 392);
insert into Camara values ( 393);
insert into Video values ( timestamp '2018-09-12 15:08:14', timestamp '2018-09-12 21:53:11', 393);
insert into SegmentoVideo values ( 0, '22921 seconds', timestamp '2018-09-12 15:08:14', 393);
insert into SegmentoVideo values ( 1, '673 seconds', timestamp '2018-09-12 15:08:14', 393);
insert into SegmentoVideo values ( 2, '703 seconds', timestamp '2018-09-12 15:08:14', 393);
insert into Vigia values ( 'Albufeira', 393);
insert into ProcessoSocorro values ( 393);
insert into EventoEmergencia values ( '912374263', timestamp '2018-01-09 19:55:14', 'Inês Vitorino', 'Albufeira', 393);
insert into EntidadeMeio values ( 'Esquadra de Caniço');
insert into Meio values ( 393, 'Psicólogo', 'Esquadra de Caniço');
insert into MeioSocorro values ( 393, 'Esquadra de Caniço');
insert into Transporta values ( 393, 'Esquadra de Caniço', 6, 36);
insert into Acciona values ( 393, 'Esquadra de Caniço', 36);
insert into Coordenador values ( 393);
insert into Camara values ( 394);
insert into Video values ( timestamp '2018-05-25 20:59:47', timestamp '2018-05-26 11:30:00', 394);
insert into SegmentoVideo values ( 0, '33268 seconds', timestamp '2018-05-25 20:59:47', 394);
insert into SegmentoVideo values ( 1, '18945 seconds', timestamp '2018-05-25 20:59:47', 394);
insert into Vigia values ( 'Anadia', 394);
insert into ProcessoSocorro values ( 394);
insert into EventoEmergencia values ( '937069763', timestamp '2018-02-06 10:45:30', 'Ana Valério', 'Anadia', 394);
insert into EntidadeMeio values ( 'Fundação Miguel Correia');
insert into Meio values ( 394, 'Maca', 'Fundação Miguel Correia');
insert into MeioApoio values ( 394, 'Fundação Miguel Correia');
insert into Alocado values ( 394, 'Fundação Miguel Correia', 84, 190);
insert into Acciona values ( 394, 'Fundação Miguel Correia', 190);
insert into Coordenador values ( 394);
insert into Camara values ( 395);
insert into Video values ( timestamp '2018-05-18 12:36:12', timestamp '2018-05-19 07:31:18', 395);
insert into SegmentoVideo values ( 0, '6559 seconds', timestamp '2018-05-18 12:36:12', 395);
insert into SegmentoVideo values ( 1, '61547 seconds', timestamp '2018-05-18 12:36:12', 395);
insert into Vigia values ( 'Amora', 395);
insert into ProcessoSocorro values ( 395);
insert into EventoEmergencia values ( '961832107', timestamp '2018-10-26 01:09:22', 'Inês Silva', 'Amora', 395);
insert into EntidadeMeio values ( 'Bombeiros Municipais Daniel Rodrigues');
insert into Meio values ( 395, 'Carro de Bombeiros', 'Bombeiros Municipais Daniel Rodrigues');
insert into MeioCombate values ( 395, 'Bombeiros Municipais Daniel Rodrigues');
insert into Acciona values ( 395, 'Bombeiros Municipais Daniel Rodrigues', 320);
insert into Coordenador values ( 395);
insert into Audita values ( 395, 395, 'Bombeiros Municipais Daniel Rodrigues', 320, timestamp '2018-09-26 14:27:32', timestamp '2018-09-28 15:11:12', date '2018-09-26', 'Tendo concluido a minha auditoria, foram cortados cantos assim dou por concluida esta auditoria.');
insert into Solicita values ( 395, timestamp '2018-05-18 12:36:12', 395, timestamp '2018-09-27 15:04:33', timestamp '2018-09-27 20:12:00');
insert into Camara values ( 396);
insert into Video values ( timestamp '2018-02-08 07:47:20', timestamp '2018-02-09 01:10:51', 396);
insert into SegmentoVideo values ( 0, '58193 seconds', timestamp '2018-02-08 07:47:20', 396);
insert into SegmentoVideo values ( 1, '4418 seconds', timestamp '2018-02-08 07:47:20', 396);
insert into Vigia values ( 'Valença', 396);
insert into ProcessoSocorro values ( 396);
insert into EventoEmergencia values ( '965837842', timestamp '2018-07-11 02:54:28', 'Catarina Abreu', 'Valença', 396);
insert into EntidadeMeio values ( 'Hospital de Entroncamento');
insert into Meio values ( 396, 'Maca', 'Hospital de Entroncamento');
insert into MeioApoio values ( 396, 'Hospital de Entroncamento');
insert into Alocado values ( 396, 'Hospital de Entroncamento', 134, 182);
insert into Acciona values ( 396, 'Hospital de Entroncamento', 182);
insert into Coordenador values ( 396);
insert into Camara values ( 397);
insert into Video values ( timestamp '2018-06-26 22:44:06', timestamp '2018-06-27 14:32:19', 397);
insert into SegmentoVideo values ( 0, '56282 seconds', timestamp '2018-06-26 22:44:06', 397);
insert into SegmentoVideo values ( 1, '611 seconds', timestamp '2018-06-26 22:44:06', 397);
insert into Vigia values ( 'Figueira da Foz', 397);
insert into ProcessoSocorro values ( 397);
insert into EventoEmergencia values ( '963316173', timestamp '2018-11-19 05:44:54', 'Francisco Coelho', 'Figueira da Foz', 397);
insert into EntidadeMeio values ( 'Hospital Joana Abreu');
insert into Meio values ( 397, 'Paramédico', 'Hospital Joana Abreu');
insert into MeioSocorro values ( 397, 'Hospital Joana Abreu');
insert into Transporta values ( 397, 'Hospital Joana Abreu', 1, 71);
insert into Acciona values ( 397, 'Hospital Joana Abreu', 71);
insert into Coordenador values ( 397);
insert into Audita values ( 397, 397, 'Hospital Joana Abreu', 71, timestamp '2018-07-11 03:40:20', timestamp '2018-11-18 03:15:53', date '2018-07-11', 'Conclui que foram realizados todos os possíveis para alcançar um boa resolução por fim deixo a indicação de que uma maior investigação será necessária.');
insert into Solicita values ( 397, timestamp '2018-06-26 22:44:06', 397, timestamp '2018-10-18 05:11:09', timestamp '2018-11-06 04:46:26');
insert into Camara values ( 398);
insert into Video values ( timestamp '2018-08-18 05:18:53', timestamp '2018-08-18 11:21:16', 398);
insert into SegmentoVideo values ( 0, '16354 seconds', timestamp '2018-08-18 05:18:53', 398);
insert into SegmentoVideo values ( 1, '5389 seconds', timestamp '2018-08-18 05:18:53', 398);
insert into Vigia values ( 'Macedo de Cavaleiros', 398);
insert into ProcessoSocorro values ( 398);
insert into EventoEmergencia values ( '944183693', timestamp '2018-04-17 05:25:54', 'João Silva', 'Macedo de Cavaleiros', 398);
insert into EntidadeMeio values ( 'Hospital de Trofa');
insert into Meio values ( 398, 'Ambulância', 'Hospital de Trofa');
insert into MeioApoio values ( 398, 'Hospital de Trofa');
insert into Alocado values ( 398, 'Hospital de Trofa', 10, 197);
insert into Acciona values ( 398, 'Hospital de Trofa', 197);
insert into Coordenador values ( 398);
insert into Camara values ( 399);
insert into Video values ( timestamp '2018-05-22 03:02:47', timestamp '2018-05-22 08:15:23', 399);
insert into SegmentoVideo values ( 0, '275 seconds', timestamp '2018-05-22 03:02:47', 399);
insert into SegmentoVideo values ( 1, '18481 seconds', timestamp '2018-05-22 03:02:47', 399);
insert into Vigia values ( 'Amarante', 399);
insert into ProcessoSocorro values ( 399);
insert into EventoEmergencia values ( '953099467', timestamp '2018-11-15 23:08:21', 'Tiago Guerreiro', 'Amarante', 399);
insert into EntidadeMeio values ( 'Quartel Rita Margato');
insert into Meio values ( 399, 'Mangueira', 'Quartel Rita Margato');
insert into MeioCombate values ( 399, 'Quartel Rita Margato');
insert into Acciona values ( 399, 'Quartel Rita Margato', 160);
insert into Coordenador values ( 399);
insert into Audita values ( 399, 399, 'Quartel Rita Margato', 160, timestamp '2018-04-15 10:59:36', timestamp '2018-10-07 19:38:50', date '2018-04-15', 'Tendo concluido a minha auditoria, denota-se corrupção por parte de várias entidades por fim deixo a indicação de que uma maior investigação será necessária.');
insert into Solicita values ( 399, timestamp '2018-05-22 03:02:47', 399, timestamp '2018-09-13 20:52:18', timestamp '2018-09-17 21:02:31');
insert into Camara values ( 400);
insert into Video values ( timestamp '2018-05-14 00:39:08', timestamp '2018-05-14 08:14:47', 400);
insert into SegmentoVideo values ( 0, '14257 seconds', timestamp '2018-05-14 00:39:08', 400);
insert into SegmentoVideo values ( 1, '11072 seconds', timestamp '2018-05-14 00:39:08', 400);
insert into SegmentoVideo values ( 2, '2010 seconds', timestamp '2018-05-14 00:39:08', 400);
insert into Vigia values ( 'Amadora', 400);
insert into ProcessoSocorro values ( 400);
insert into EventoEmergencia values ( '946751314', timestamp '2018-11-11 01:13:53', 'Manel Gômes', 'Amadora', 400);
insert into EntidadeMeio values ( 'Bombeiros Municipais de Leiria');
insert into Meio values ( 400, 'Helicoptero', 'Bombeiros Municipais de Leiria');
insert into MeioApoio values ( 400, 'Bombeiros Municipais de Leiria');
insert into Alocado values ( 400, 'Bombeiros Municipais de Leiria', 53, 213);
insert into Acciona values ( 400, 'Bombeiros Municipais de Leiria', 213);
insert into Coordenador values ( 400);
insert into Audita values ( 400, 400, 'Bombeiros Municipais de Leiria', 213, timestamp '2018-11-04 19:31:42', timestamp '2018-11-21 16:47:36', date '2018-11-04', 'Conclui que todo o processo decorreu dentro da lei por fim deixo a indicação de que uma maior investigação será necessária.');
insert into Solicita values ( 400, timestamp '2018-05-14 00:39:08', 400, timestamp '2018-11-10 04:30:44', timestamp '2018-11-15 18:26:50');
insert into Camara values ( 401);
insert into Video values ( timestamp '2018-02-19 20:17:53', timestamp '2018-02-20 01:09:36', 401);
insert into SegmentoVideo values ( 0, '3841 seconds', timestamp '2018-02-19 20:17:53', 401);
insert into SegmentoVideo values ( 1, '3664 seconds', timestamp '2018-02-19 20:17:53', 401);
insert into SegmentoVideo values ( 2, '9998.0 seconds', timestamp '2018-02-19 20:17:53', 401);
insert into Vigia values ( 'Lordelo', 401);
insert into ProcessoSocorro values ( 401);
insert into EventoEmergencia values ( '942030403', timestamp '2018-10-28 18:36:40', 'Daniel Guerreiro', 'Lordelo', 401);
insert into EntidadeMeio values ( 'Quartel de Valpaços');
insert into Meio values ( 401, 'Ambulância', 'Quartel de Valpaços');
insert into MeioApoio values ( 401, 'Quartel de Valpaços');
insert into Alocado values ( 401, 'Quartel de Valpaços', 36, 70);
insert into Acciona values ( 401, 'Quartel de Valpaços', 70);
insert into Coordenador values ( 401);
insert into Camara values ( 402);
insert into Video values ( timestamp '2018-07-04 12:34:13', timestamp '2018-07-05 04:17:51', 402);
insert into SegmentoVideo values ( 0, '4639 seconds', timestamp '2018-07-04 12:34:13', 402);
insert into SegmentoVideo values ( 1, '7095 seconds', timestamp '2018-07-04 12:34:13', 402);
insert into SegmentoVideo values ( 2, '27301 seconds', timestamp '2018-07-04 12:34:13', 402);
insert into SegmentoVideo values ( 3, '17583 seconds', timestamp '2018-07-04 12:34:13', 402);
insert into Vigia values ( 'Portalegre', 402);
insert into ProcessoSocorro values ( 402);
insert into EventoEmergencia values ( '931944660', timestamp '2018-03-09 13:16:12', 'Tiago Margato', 'Portalegre', 402);
insert into EntidadeMeio values ( 'Esquadra Inês Nogueira');
insert into Meio values ( 402, 'Carro', 'Esquadra Inês Nogueira');
insert into MeioApoio values ( 402, 'Esquadra Inês Nogueira');
insert into Alocado values ( 402, 'Esquadra Inês Nogueira', 112, 377);
insert into Acciona values ( 402, 'Esquadra Inês Nogueira', 377);
insert into Coordenador values ( 402);
insert into Camara values ( 403);
insert into Video values ( timestamp '2018-10-27 15:19:59', timestamp '2018-10-28 10:10:53', 403);
insert into SegmentoVideo values ( 0, '43650 seconds', timestamp '2018-10-27 15:19:59', 403);
insert into SegmentoVideo values ( 1, '27804 seconds', timestamp '2018-10-27 15:19:59', 403);
insert into Vigia values ( 'Lagos', 403);
insert into ProcessoSocorro values ( 403);
insert into EventoEmergencia values ( '968363061', timestamp '2018-06-18 21:38:26', 'Daniel Figueiredo', 'Lagos', 403);
insert into EntidadeMeio values ( 'Fundação de Ílhavo');
insert into Meio values ( 403, 'Bombeiros', 'Fundação de Ílhavo');
insert into MeioCombate values ( 403, 'Fundação de Ílhavo');
insert into Acciona values ( 403, 'Fundação de Ílhavo', 389);
insert into Coordenador values ( 403);
insert into Camara values ( 404);
insert into Video values ( timestamp '2018-08-17 23:46:26', timestamp '2018-08-18 14:11:12', 404);
insert into SegmentoVideo values ( 0, '31171 seconds', timestamp '2018-08-17 23:46:26', 404);
insert into SegmentoVideo values ( 1, '20715 seconds', timestamp '2018-08-17 23:46:26', 404);
insert into Vigia values ( 'Torres Vedras', 404);
insert into ProcessoSocorro values ( 404);
insert into EventoEmergencia values ( '961680714', timestamp '2018-01-14 10:03:45', 'Carolina Gômes', 'Torres Vedras', 404);
insert into EntidadeMeio values ( 'Fundação de Loures');
insert into Meio values ( 404, 'Médico', 'Fundação de Loures');
insert into MeioSocorro values ( 404, 'Fundação de Loures');
insert into Transporta values ( 404, 'Fundação de Loures', 5, 212);
insert into Acciona values ( 404, 'Fundação de Loures', 212);
insert into Coordenador values ( 404);
insert into Audita values ( 404, 404, 'Fundação de Loures', 212, timestamp '2018-06-25 20:13:50', timestamp '2018-11-16 14:30:47', date '2018-06-25', 'Com base na minha análise, todo o processo decorreu dentro da lei ainda, termino a auditoria convicto de que não são necessários mais procedimentos.');
insert into Solicita values ( 404, timestamp '2018-08-17 23:46:26', 404, timestamp '2018-10-02 11:46:04', timestamp '2018-10-30 04:42:05');
insert into Camara values ( 405);
insert into Video values ( timestamp '2018-10-10 05:50:00', timestamp '2018-10-11 03:31:58', 405);
insert into SegmentoVideo values ( 0, '72224 seconds', timestamp '2018-10-10 05:50:00', 405);
insert into SegmentoVideo values ( 1, '3560 seconds', timestamp '2018-10-10 05:50:00', 405);
insert into SegmentoVideo values ( 2, '2334 seconds', timestamp '2018-10-10 05:50:00', 405);
insert into Vigia values ( 'Borba', 405);
insert into ProcessoSocorro values ( 405);
insert into EventoEmergencia values ( '964027242', timestamp '2018-10-06 04:52:57', 'Miguel Silva', 'Borba', 405);
insert into EntidadeMeio values ( 'Bombeiros Municipais de Serpa');
insert into Meio values ( 405, 'Helicoptero', 'Bombeiros Municipais de Serpa');
insert into MeioApoio values ( 405, 'Bombeiros Municipais de Serpa');
insert into Alocado values ( 405, 'Bombeiros Municipais de Serpa', 33, 333);
insert into Acciona values ( 405, 'Bombeiros Municipais de Serpa', 333);
insert into Coordenador values ( 405);
insert into Audita values ( 405, 405, 'Bombeiros Municipais de Serpa', 333, timestamp '2018-10-15 15:19:26', timestamp '2018-10-23 03:01:26', date '2018-10-15', 'Estou convicto que denota-se corrupção por parte de várias entidades assim dou por concluida esta auditoria.');
insert into Solicita values ( 405, timestamp '2018-10-10 05:50:00', 405, timestamp '2018-10-17 00:18:27', timestamp '2018-10-19 20:59:41');
insert into Camara values ( 406);
insert into Video values ( timestamp '2018-10-29 07:10:57', timestamp '2018-10-29 20:25:51', 406);
insert into SegmentoVideo values ( 0, '10592 seconds', timestamp '2018-10-29 07:10:57', 406);
insert into SegmentoVideo values ( 1, '33425 seconds', timestamp '2018-10-29 07:10:57', 406);
insert into SegmentoVideo values ( 2, '81 seconds', timestamp '2018-10-29 07:10:57', 406);
insert into SegmentoVideo values ( 3, '3596.0 seconds', timestamp '2018-10-29 07:10:57', 406);
insert into Vigia values ( 'Alcácer do Sal', 406);
insert into ProcessoSocorro values ( 406);
insert into EventoEmergencia values ( '943454750', timestamp '2018-10-23 04:11:52', 'Marta Rodrigues', 'Alcácer do Sal', 406);
insert into EntidadeMeio values ( 'Hospital de Santiago do Cacém');
insert into Meio values ( 406, 'Ambulância', 'Hospital de Santiago do Cacém');
insert into MeioApoio values ( 406, 'Hospital de Santiago do Cacém');
insert into Alocado values ( 406, 'Hospital de Santiago do Cacém', 162, 320);
insert into Acciona values ( 406, 'Hospital de Santiago do Cacém', 320);
insert into Coordenador values ( 406);
insert into Camara values ( 407);
insert into Video values ( timestamp '2018-10-01 19:25:17', timestamp '2018-10-02 13:36:03', 407);
insert into SegmentoVideo values ( 0, '56000 seconds', timestamp '2018-10-01 19:25:17', 407);
insert into SegmentoVideo values ( 1, '9446 seconds', timestamp '2018-10-01 19:25:17', 407);
insert into Vigia values ( 'Freamunde', 407);
insert into ProcessoSocorro values ( 407);
insert into EventoEmergencia values ( '949801214', timestamp '2018-01-28 16:14:03', 'Rita Nogueira', 'Freamunde', 407);
insert into EntidadeMeio values ( 'Camara Ana Nicolau');
insert into Meio values ( 407, 'Médico', 'Camara Ana Nicolau');
insert into MeioSocorro values ( 407, 'Camara Ana Nicolau');
insert into Transporta values ( 407, 'Camara Ana Nicolau', 4, 24);
insert into Acciona values ( 407, 'Camara Ana Nicolau', 24);
insert into Coordenador values ( 407);
insert into Camara values ( 408);
insert into Video values ( timestamp '2018-07-07 13:47:29', timestamp '2018-07-08 03:12:01', 408);
insert into SegmentoVideo values ( 0, '29821 seconds', timestamp '2018-07-07 13:47:29', 408);
insert into SegmentoVideo values ( 1, '6093 seconds', timestamp '2018-07-07 13:47:29', 408);
insert into SegmentoVideo values ( 2, '12358 seconds', timestamp '2018-07-07 13:47:29', 408);
insert into Vigia values ( 'Castelo Branco', 408);
insert into ProcessoSocorro values ( 408);
insert into EventoEmergencia values ( '958370641', timestamp '2018-05-19 17:17:05', 'Cristiana Abreu', 'Castelo Branco', 408);
insert into EntidadeMeio values ( 'Quartel de Estarreja');
insert into Meio values ( 408, 'Drone', 'Quartel de Estarreja');
insert into MeioSocorro values ( 408, 'Quartel de Estarreja');
insert into Transporta values ( 408, 'Quartel de Estarreja', 5, 59);
insert into Acciona values ( 408, 'Quartel de Estarreja', 59);
insert into Coordenador values ( 408);
insert into Audita values ( 408, 408, 'Quartel de Estarreja', 59, timestamp '2018-10-02 19:39:50', timestamp '2018-11-24 08:45:48', date '2018-10-02', 'Estou convicto que denota-se corrupção por parte de várias entidades assim dou por concluida esta auditoria.');
insert into Solicita values ( 408, timestamp '2018-07-07 13:47:29', 408, timestamp '2018-10-29 16:45:03', timestamp '2018-11-15 20:23:25');
insert into Camara values ( 409);
insert into Video values ( timestamp '2018-05-05 12:10:03', timestamp '2018-05-06 00:41:44', 409);
insert into SegmentoVideo values ( 0, '22957 seconds', timestamp '2018-05-05 12:10:03', 409);
insert into SegmentoVideo values ( 1, '15286 seconds', timestamp '2018-05-05 12:10:03', 409);
insert into SegmentoVideo values ( 2, '6858 seconds', timestamp '2018-05-05 12:10:03', 409);
insert into Vigia values ( 'Ponte de Sor', 409);
insert into ProcessoSocorro values ( 409);
insert into EventoEmergencia values ( '910888662', timestamp '2018-07-26 22:59:54', 'Catarina Nicolau', 'Ponte de Sor', 409);
insert into EntidadeMeio values ( 'Esquadra Marta Margato');
insert into Meio values ( 409, 'Drone', 'Esquadra Marta Margato');
insert into MeioSocorro values ( 409, 'Esquadra Marta Margato');
insert into Transporta values ( 409, 'Esquadra Marta Margato', 1, 190);
insert into Acciona values ( 409, 'Esquadra Marta Margato', 190);
insert into Coordenador values ( 409);
insert into Camara values ( 410);
insert into Video values ( timestamp '2018-10-07 15:50:41', timestamp '2018-10-07 23:42:02', 410);
insert into SegmentoVideo values ( 0, '8906 seconds', timestamp '2018-10-07 15:50:41', 410);
insert into SegmentoVideo values ( 1, '16821 seconds', timestamp '2018-10-07 15:50:41', 410);
insert into SegmentoVideo values ( 2, '2554 seconds', timestamp '2018-10-07 15:50:41', 410);
insert into Vigia values ( 'Fafe', 410);
insert into ProcessoSocorro values ( 410);
insert into EventoEmergencia values ( '949421842', timestamp '2018-09-26 08:33:14', 'Inês Margato', 'Fafe', 410);
insert into EntidadeMeio values ( 'Camara de Viana do Castelo');
insert into Meio values ( 410, 'Carro', 'Camara de Viana do Castelo');
insert into MeioApoio values ( 410, 'Camara de Viana do Castelo');
insert into Alocado values ( 410, 'Camara de Viana do Castelo', 43, 255);
insert into Acciona values ( 410, 'Camara de Viana do Castelo', 255);
insert into Coordenador values ( 410);
insert into Audita values ( 410, 410, 'Camara de Viana do Castelo', 255, timestamp '2018-07-20 08:02:18', timestamp '2018-09-18 06:26:29', date '2018-07-20', 'Com base na minha análise, denota-se corrupção por parte de várias entidades por fim deixo a indicação de que uma maior investigação será necessária.');
insert into Solicita values ( 410, timestamp '2018-10-07 15:50:41', 410, timestamp '2018-08-09 10:20:45', timestamp '2018-09-06 19:49:49');
insert into Camara values ( 411);
insert into Video values ( timestamp '2018-01-06 22:41:26', timestamp '2018-01-07 12:31:05', 411);
insert into SegmentoVideo values ( 0, '31533 seconds', timestamp '2018-01-06 22:41:26', 411);
insert into SegmentoVideo values ( 1, '13684 seconds', timestamp '2018-01-06 22:41:26', 411);
insert into SegmentoVideo values ( 2, '4562.0 seconds', timestamp '2018-01-06 22:41:26', 411);
insert into Vigia values ( 'Praia da Vitória', 411);
insert into ProcessoSocorro values ( 411);
insert into EventoEmergencia values ( '928266768', timestamp '2018-08-09 01:08:53', 'Pedro Margato', 'Praia da Vitória', 411);
insert into EntidadeMeio values ( 'Esquadra António Silva');
insert into Meio values ( 411, 'Carro de Bombeiros', 'Esquadra António Silva');
insert into MeioCombate values ( 411, 'Esquadra António Silva');
insert into Acciona values ( 411, 'Esquadra António Silva', 5);
insert into Coordenador values ( 411);
insert into Audita values ( 411, 411, 'Esquadra António Silva', 5, timestamp '2018-10-07 09:09:27', timestamp '2018-11-17 00:30:05', date '2018-10-07', 'Tendo concluido a minha auditoria, denota-se corrupção por parte de várias entidades assim dou por concluida esta auditoria.');
insert into Solicita values ( 411, timestamp '2018-01-06 22:41:26', 411, timestamp '2018-11-14 16:13:49', timestamp '2018-11-16 01:32:38');
insert into Camara values ( 412);
insert into Video values ( timestamp '2018-08-09 12:18:53', timestamp '2018-08-09 14:22:57', 412);
insert into SegmentoVideo values ( 0, '6699 seconds', timestamp '2018-08-09 12:18:53', 412);
insert into SegmentoVideo values ( 1, '745.0 seconds', timestamp '2018-08-09 12:18:53', 412);
insert into Vigia values ( 'Fundão', 412);
insert into ProcessoSocorro values ( 412);
insert into EventoEmergencia values ( '917611105', timestamp '2018-03-17 17:48:55', 'Tiago Silva', 'Fundão', 412);
insert into EntidadeMeio values ( 'Hospital João Martinho');
insert into Meio values ( 412, 'Ambulância', 'Hospital João Martinho');
insert into MeioApoio values ( 412, 'Hospital João Martinho');
insert into Alocado values ( 412, 'Hospital João Martinho', 37, 256);
insert into Acciona values ( 412, 'Hospital João Martinho', 256);
insert into Coordenador values ( 412);
insert into Audita values ( 412, 412, 'Hospital João Martinho', 256, timestamp '2018-10-20 12:20:57', timestamp '2018-11-17 08:31:52', date '2018-10-20', 'Tendo concluido a minha auditoria, todo o processo decorreu dentro da lei assim dou por concluida esta auditoria.');
insert into Solicita values ( 412, timestamp '2018-08-09 12:18:53', 412, timestamp '2018-11-08 19:13:30', timestamp '2018-11-14 13:27:15');
insert into Camara values ( 413);
insert into Video values ( timestamp '2018-10-03 09:06:46', timestamp '2018-10-03 17:04:01', 413);
insert into SegmentoVideo values ( 0, '16594 seconds', timestamp '2018-10-03 09:06:46', 413);
insert into SegmentoVideo values ( 1, '12041 seconds', timestamp '2018-10-03 09:06:46', 413);
insert into Vigia values ( 'Águeda', 413);
insert into ProcessoSocorro values ( 413);
insert into EventoEmergencia values ( '938046967', timestamp '2018-10-09 08:15:33', 'Rita Guerreiro', 'Águeda', 413);
insert into EntidadeMeio values ( 'Camara Pedro Abreu');
insert into Meio values ( 413, 'Helicoptero', 'Camara Pedro Abreu');
insert into MeioApoio values ( 413, 'Camara Pedro Abreu');
insert into Alocado values ( 413, 'Camara Pedro Abreu', 156, 36);
insert into Acciona values ( 413, 'Camara Pedro Abreu', 36);
insert into Coordenador values ( 413);
insert into Audita values ( 413, 413, 'Camara Pedro Abreu', 36, timestamp '2018-08-29 21:06:44', timestamp '2018-11-22 12:18:39', date '2018-08-29', 'Acredito que denota-se corrupção por parte de várias entidades ainda, termino a auditoria convicto de que não são necessários mais procedimentos.');
insert into Solicita values ( 413, timestamp '2018-10-03 09:06:46', 413, timestamp '2018-10-25 19:40:44', timestamp '2018-11-02 09:22:00');
insert into Camara values ( 414);
insert into Video values ( timestamp '2018-06-03 10:06:28', timestamp '2018-06-03 10:59:14', 414);
insert into SegmentoVideo values ( 0, '65 seconds', timestamp '2018-06-03 10:06:28', 414);
insert into SegmentoVideo values ( 1, '3101 seconds', timestamp '2018-06-03 10:06:28', 414);
insert into Vigia values ( 'Alcácer do Sal', 414);
insert into ProcessoSocorro values ( 414);
insert into EventoEmergencia values ( '921246807', timestamp '2018-10-25 06:38:20', 'Inês Martinho', 'Alcácer do Sal', 414);
insert into EntidadeMeio values ( 'Camara de Loulé');
insert into Meio values ( 414, 'Drone', 'Camara de Loulé');
insert into MeioSocorro values ( 414, 'Camara de Loulé');
insert into Transporta values ( 414, 'Camara de Loulé', 2, 66);
insert into Acciona values ( 414, 'Camara de Loulé', 66);
insert into Coordenador values ( 414);
insert into Camara values ( 415);
insert into Video values ( timestamp '2018-07-11 13:43:15', timestamp '2018-07-12 10:59:02', 415);
insert into SegmentoVideo values ( 0, '13805 seconds', timestamp '2018-07-11 13:43:15', 415);
insert into SegmentoVideo values ( 1, '47442 seconds', timestamp '2018-07-11 13:43:15', 415);
insert into SegmentoVideo values ( 2, '15300.0 seconds', timestamp '2018-07-11 13:43:15', 415);
insert into Vigia values ( 'Mirandela', 415);
insert into ProcessoSocorro values ( 415);
insert into EventoEmergencia values ( '956433147', timestamp '2018-01-26 18:06:12', 'Inês Nogueira', 'Mirandela', 415);
insert into EntidadeMeio values ( 'Quartel Tiago Antunes');
insert into Meio values ( 415, 'Drone', 'Quartel Tiago Antunes');
insert into MeioSocorro values ( 415, 'Quartel Tiago Antunes');
insert into Transporta values ( 415, 'Quartel Tiago Antunes', 1, 379);
insert into Acciona values ( 415, 'Quartel Tiago Antunes', 379);
insert into Coordenador values ( 415);
insert into Audita values ( 415, 415, 'Quartel Tiago Antunes', 379, timestamp '2018-09-23 13:00:16', timestamp '2018-11-09 19:19:46', date '2018-09-23', 'Com base na minha análise, denota-se corrupção por parte de várias entidades assim dou por concluida esta auditoria.');
insert into Solicita values ( 415, timestamp '2018-07-11 13:43:15', 415, timestamp '2018-10-14 07:39:35', timestamp '2018-10-27 06:41:49');
insert into Camara values ( 416);
insert into Video values ( timestamp '2018-04-21 21:05:12', timestamp '2018-04-22 08:16:43', 416);
insert into SegmentoVideo values ( 0, '25720 seconds', timestamp '2018-04-21 21:05:12', 416);
insert into SegmentoVideo values ( 1, '13123 seconds', timestamp '2018-04-21 21:05:12', 416);
insert into SegmentoVideo values ( 2, '1448.0 seconds', timestamp '2018-04-21 21:05:12', 416);
insert into Vigia values ( 'Espinho', 416);
insert into ProcessoSocorro values ( 416);
insert into EventoEmergencia values ( '956299367', timestamp '2018-05-17 22:12:22', 'Francisco Figueiredo', 'Espinho', 416);
insert into EntidadeMeio values ( 'Camara de Mealhada');
insert into Meio values ( 416, 'Paramédico', 'Camara de Mealhada');
insert into MeioSocorro values ( 416, 'Camara de Mealhada');
insert into Transporta values ( 416, 'Camara de Mealhada', 5, 110);
insert into Acciona values ( 416, 'Camara de Mealhada', 110);
insert into Coordenador values ( 416);
insert into Camara values ( 417);
insert into Video values ( timestamp '2018-03-29 00:41:50', timestamp '2018-03-29 09:47:58', 417);
insert into SegmentoVideo values ( 0, '3709 seconds', timestamp '2018-03-29 00:41:50', 417);
insert into SegmentoVideo values ( 1, '29059 seconds', timestamp '2018-03-29 00:41:50', 417);
insert into Vigia values ( 'Mirandela', 417);
insert into ProcessoSocorro values ( 417);
insert into EventoEmergencia values ( '926095455', timestamp '2018-03-19 06:56:34', 'Tiago Coelho', 'Mirandela', 417);
insert into EntidadeMeio values ( 'Hospital Catarina Correia');
insert into Meio values ( 417, 'Camião', 'Hospital Catarina Correia');
insert into MeioApoio values ( 417, 'Hospital Catarina Correia');
insert into Alocado values ( 417, 'Hospital Catarina Correia', 153, 281);
insert into Acciona values ( 417, 'Hospital Catarina Correia', 281);
insert into Coordenador values ( 417);
insert into Audita values ( 417, 417, 'Hospital Catarina Correia', 281, timestamp '2018-02-15 12:39:21', timestamp '2018-10-09 05:45:14', date '2018-02-15', 'Estou convicto que foram realizados todos os possíveis para alcançar um boa resolução por fim deixo a indicação de que uma maior investigação será necessária.');
insert into Solicita values ( 417, timestamp '2018-03-29 00:41:50', 417, timestamp '2018-10-02 09:08:01', timestamp '2018-10-03 10:49:42');
insert into Camara values ( 418);
insert into Video values ( timestamp '2018-01-31 06:15:56', timestamp '2018-01-31 20:30:13', 418);
insert into SegmentoVideo values ( 0, '9045 seconds', timestamp '2018-01-31 06:15:56', 418);
insert into SegmentoVideo values ( 1, '42212 seconds', timestamp '2018-01-31 06:15:56', 418);
insert into Vigia values ( 'Reguengos de Monsaraz', 418);
insert into ProcessoSocorro values ( 418);
insert into EventoEmergencia values ( '925684987', timestamp '2018-09-29 01:37:28', 'Miguel Margato', 'Reguengos de Monsaraz', 418);
insert into EntidadeMeio values ( 'Bombeiros Voluntários Tiago Gômes');
insert into Meio values ( 418, 'Camião', 'Bombeiros Voluntários Tiago Gômes');
insert into MeioApoio values ( 418, 'Bombeiros Voluntários Tiago Gômes');
insert into Alocado values ( 418, 'Bombeiros Voluntários Tiago Gômes', 2, 364);
insert into Acciona values ( 418, 'Bombeiros Voluntários Tiago Gômes', 364);
insert into Coordenador values ( 418);
insert into Camara values ( 419);
insert into Video values ( timestamp '2018-06-30 22:10:30', timestamp '2018-07-01 00:40:23', 419);
insert into SegmentoVideo values ( 0, '4734 seconds', timestamp '2018-06-30 22:10:30', 419);
insert into SegmentoVideo values ( 1, '3647 seconds', timestamp '2018-06-30 22:10:30', 419);
insert into SegmentoVideo values ( 2, '612.0 seconds', timestamp '2018-06-30 22:10:30', 419);
insert into Vigia values ( 'Figueira da Foz', 419);
insert into ProcessoSocorro values ( 419);
insert into EventoEmergencia values ( '967188740', timestamp '2018-06-18 13:08:32', 'Francisco Figueiredo', 'Figueira da Foz', 419);
insert into EntidadeMeio values ( 'Esquadra de Lagos');
insert into Meio values ( 419, 'Helicoptero', 'Esquadra de Lagos');
insert into MeioCombate values ( 419, 'Esquadra de Lagos');
insert into Acciona values ( 419, 'Esquadra de Lagos', 177);
insert into Coordenador values ( 419);
insert into Audita values ( 419, 419, 'Esquadra de Lagos', 177, timestamp '2018-08-08 02:44:38', timestamp '2018-11-20 15:13:28', date '2018-08-08', 'Conclui que foram cortados cantos ainda, termino a auditoria convicto de que não são necessários mais procedimentos.');
insert into Solicita values ( 419, timestamp '2018-06-30 22:10:30', 419, timestamp '2018-11-01 02:47:56', timestamp '2018-11-11 14:18:00');
insert into Camara values ( 420);
insert into Video values ( timestamp '2018-05-04 14:37:24', timestamp '2018-05-05 03:27:00', 420);
insert into SegmentoVideo values ( 0, '41759 seconds', timestamp '2018-05-04 14:37:24', 420);
insert into SegmentoVideo values ( 1, '4417.0 seconds', timestamp '2018-05-04 14:37:24', 420);
insert into Vigia values ( 'Macedo de Cavaleiros', 420);
insert into ProcessoSocorro values ( 420);
insert into EventoEmergencia values ( '965896413', timestamp '2018-06-02 01:05:59', 'Francisco Silva', 'Macedo de Cavaleiros', 420);
insert into EntidadeMeio values ( 'Junta Catarina Antunes');
insert into Meio values ( 420, 'Esquadrão', 'Junta Catarina Antunes');
insert into MeioCombate values ( 420, 'Junta Catarina Antunes');
insert into Acciona values ( 420, 'Junta Catarina Antunes', 108);
insert into Coordenador values ( 420);
insert into Audita values ( 420, 420, 'Junta Catarina Antunes', 108, timestamp '2018-11-03 23:12:49', timestamp '2018-11-15 06:58:09', date '2018-11-03', 'Acredito que todo o processo decorreu dentro da lei por fim deixo a indicação de que uma maior investigação será necessária.');
insert into Solicita values ( 420, timestamp '2018-05-04 14:37:24', 420, timestamp '2018-11-11 15:33:24', timestamp '2018-11-14 04:40:53');
insert into Camara values ( 421);
insert into Video values ( timestamp '2018-10-10 23:34:01', timestamp '2018-10-11 06:22:25', 421);
insert into SegmentoVideo values ( 0, '14738 seconds', timestamp '2018-10-10 23:34:01', 421);
insert into SegmentoVideo values ( 1, '734 seconds', timestamp '2018-10-10 23:34:01', 421);
insert into SegmentoVideo values ( 2, '1672 seconds', timestamp '2018-10-10 23:34:01', 421);
insert into SegmentoVideo values ( 3, '746 seconds', timestamp '2018-10-10 23:34:01', 421);
insert into SegmentoVideo values ( 4, '4677 seconds', timestamp '2018-10-10 23:34:01', 421);
insert into SegmentoVideo values ( 5, '1937.0 seconds', timestamp '2018-10-10 23:34:01', 421);
insert into Vigia values ( 'Porto', 421);
insert into ProcessoSocorro values ( 421);
insert into EventoEmergencia values ( '931047856', timestamp '2018-11-22 22:19:22', 'Miguel Martinho', 'Porto', 421);
insert into EntidadeMeio values ( 'Bombeiros Voluntários Cristiana Gômes');
insert into Meio values ( 421, 'Helicoptero', 'Bombeiros Voluntários Cristiana Gômes');
insert into MeioCombate values ( 421, 'Bombeiros Voluntários Cristiana Gômes');
insert into Acciona values ( 421, 'Bombeiros Voluntários Cristiana Gômes', 163);
insert into Coordenador values ( 421);
insert into Camara values ( 422);
insert into Video values ( timestamp '2018-10-16 02:40:56', timestamp '2018-10-16 17:40:17', 422);
insert into SegmentoVideo values ( 0, '31051 seconds', timestamp '2018-10-16 02:40:56', 422);
insert into SegmentoVideo values ( 1, '22910 seconds', timestamp '2018-10-16 02:40:56', 422);
insert into Vigia values ( 'Rio Tinto', 422);
insert into ProcessoSocorro values ( 422);
insert into EventoEmergencia values ( '965974984', timestamp '2018-08-25 16:19:58', 'Rita Martinho', 'Rio Tinto', 422);
insert into EntidadeMeio values ( 'Bombeiros Municipais Francisco Margato');
insert into Meio values ( 422, 'Ambulância', 'Bombeiros Municipais Francisco Margato');
insert into MeioApoio values ( 422, 'Bombeiros Municipais Francisco Margato');
insert into Alocado values ( 422, 'Bombeiros Municipais Francisco Margato', 22, 192);
insert into Acciona values ( 422, 'Bombeiros Municipais Francisco Margato', 192);
insert into Coordenador values ( 422);
insert into Audita values ( 422, 422, 'Bombeiros Municipais Francisco Margato', 192, timestamp '2018-09-15 17:15:27', timestamp '2018-09-28 18:26:23', date '2018-09-15', 'Conclui que todo o processo decorreu dentro da lei ainda, termino a auditoria convicto de que não são necessários mais procedimentos.');
insert into Solicita values ( 422, timestamp '2018-10-16 02:40:56', 422, timestamp '2018-09-20 20:12:13', timestamp '2018-09-24 03:36:52');
insert into Camara values ( 423);
insert into Video values ( timestamp '2018-08-20 04:37:21', timestamp '2018-08-20 23:09:39', 423);
insert into SegmentoVideo values ( 0, '4105 seconds', timestamp '2018-08-20 04:37:21', 423);
insert into SegmentoVideo values ( 1, '35374 seconds', timestamp '2018-08-20 04:37:21', 423);
insert into SegmentoVideo values ( 2, '27259 seconds', timestamp '2018-08-20 04:37:21', 423);
insert into Vigia values ( 'Oliveira de Azeméis', 423);
insert into ProcessoSocorro values ( 423);
insert into EventoEmergencia values ( '943727070', timestamp '2018-04-05 07:47:30', 'Carolina Antunes', 'Oliveira de Azeméis', 423);
insert into EntidadeMeio values ( 'Esquadra Francisco Martinho');
insert into Meio values ( 423, 'Carro de Bombeiros', 'Esquadra Francisco Martinho');
insert into MeioCombate values ( 423, 'Esquadra Francisco Martinho');
insert into Acciona values ( 423, 'Esquadra Francisco Martinho', 399);
insert into Coordenador values ( 423);
insert into Camara values ( 424);
insert into Video values ( timestamp '2018-04-25 09:32:08', timestamp '2018-04-26 00:53:05', 424);
insert into SegmentoVideo values ( 0, '39762 seconds', timestamp '2018-04-25 09:32:08', 424);
insert into SegmentoVideo values ( 1, '10217 seconds', timestamp '2018-04-25 09:32:08', 424);
insert into SegmentoVideo values ( 2, '4433 seconds', timestamp '2018-04-25 09:32:08', 424);
insert into SegmentoVideo values ( 3, '104 seconds', timestamp '2018-04-25 09:32:08', 424);
insert into SegmentoVideo values ( 4, '741 seconds', timestamp '2018-04-25 09:32:08', 424);
insert into Vigia values ( 'Lixa', 424);
insert into ProcessoSocorro values ( 424);
insert into EventoEmergencia values ( '956552214', timestamp '2018-05-17 06:50:59', 'João Figueiredo', 'Lixa', 424);
insert into EntidadeMeio values ( 'Camara Inês Margato');
insert into Meio values ( 424, 'Mâscaras de fumo', 'Camara Inês Margato');
insert into MeioCombate values ( 424, 'Camara Inês Margato');
insert into Acciona values ( 424, 'Camara Inês Margato', 319);
insert into Coordenador values ( 424);
insert into Audita values ( 424, 424, 'Camara Inês Margato', 319, timestamp '2018-11-22 09:21:30', timestamp '2018-11-24 05:45:27', date '2018-11-22', 'Estou convicto que foram cortados cantos por fim deixo a indicação de que uma maior investigação será necessária.');
insert into Solicita values ( 424, timestamp '2018-04-25 09:32:08', 424, timestamp '2018-11-22 11:25:26', timestamp '2018-11-23 09:23:39');
insert into Camara values ( 425);
insert into Video values ( timestamp '2018-04-11 07:12:49', timestamp '2018-04-11 14:49:04', 425);
insert into SegmentoVideo values ( 0, '17760 seconds', timestamp '2018-04-11 07:12:49', 425);
insert into SegmentoVideo values ( 1, '9615 seconds', timestamp '2018-04-11 07:12:49', 425);
insert into Vigia values ( 'Penafiel', 425);
insert into ProcessoSocorro values ( 425);
insert into EventoEmergencia values ( '913955882', timestamp '2018-01-02 23:57:40', 'Cristiana Figueiredo', 'Penafiel', 425);
insert into EntidadeMeio values ( 'Junta Marta Nogueira');
insert into Meio values ( 425, 'Camião', 'Junta Marta Nogueira');
insert into MeioApoio values ( 425, 'Junta Marta Nogueira');
insert into Alocado values ( 425, 'Junta Marta Nogueira', 129, 88);
insert into Acciona values ( 425, 'Junta Marta Nogueira', 88);
insert into Coordenador values ( 425);
insert into Camara values ( 426);
insert into Video values ( timestamp '2018-04-24 10:03:06', timestamp '2018-04-25 03:59:52', 426);
insert into SegmentoVideo values ( 0, '54347 seconds', timestamp '2018-04-24 10:03:06', 426);
insert into SegmentoVideo values ( 1, '10259 seconds', timestamp '2018-04-24 10:03:06', 426);
insert into Vigia values ( 'Câmara de Lobos', 426);
insert into ProcessoSocorro values ( 426);
insert into EventoEmergencia values ( '922703873', timestamp '2018-06-20 20:39:26', 'João Rodrigues', 'Câmara de Lobos', 426);
insert into EntidadeMeio values ( 'Bombeiros Voluntários de Cantanhede');
insert into Meio values ( 426, 'Kit de primeiros socorros', 'Bombeiros Voluntários de Cantanhede');
insert into MeioSocorro values ( 426, 'Bombeiros Voluntários de Cantanhede');
insert into Transporta values ( 426, 'Bombeiros Voluntários de Cantanhede', 2, 288);
insert into Acciona values ( 426, 'Bombeiros Voluntários de Cantanhede', 288);
insert into Coordenador values ( 426);
insert into Audita values ( 426, 426, 'Bombeiros Voluntários de Cantanhede', 288, timestamp '2018-11-08 02:46:00', timestamp '2018-11-08 04:12:11', date '2018-11-08', 'Acredito que todo o processo decorreu dentro da lei por fim deixo a indicação de que uma maior investigação será necessária.');
insert into Solicita values ( 426, timestamp '2018-04-24 10:03:06', 426, timestamp '2018-11-08 04:05:59', timestamp '2018-11-08 04:06:56');
insert into Camara values ( 427);
insert into Video values ( timestamp '2018-05-31 20:11:54', timestamp '2018-06-01 14:46:33', 427);
insert into SegmentoVideo values ( 0, '61796 seconds', timestamp '2018-05-31 20:11:54', 427);
insert into SegmentoVideo values ( 1, '5083 seconds', timestamp '2018-05-31 20:11:54', 427);
insert into Vigia values ( 'São Mamede de Infesta', 427);
insert into ProcessoSocorro values ( 427);
insert into EventoEmergencia values ( '958098944', timestamp '2018-03-30 18:52:22', 'Catarina Antunes', 'São Mamede de Infesta', 427);
insert into EntidadeMeio values ( 'Junta de Ílhavo');
insert into Meio values ( 427, 'Carro', 'Junta de Ílhavo');
insert into MeioApoio values ( 427, 'Junta de Ílhavo');
insert into Alocado values ( 427, 'Junta de Ílhavo', 164, 96);
insert into Acciona values ( 427, 'Junta de Ílhavo', 96);
insert into Coordenador values ( 427);
insert into Camara values ( 428);
insert into Video values ( timestamp '2018-01-02 02:03:30', timestamp '2018-01-02 19:38:21', 428);
insert into SegmentoVideo values ( 0, '55928 seconds', timestamp '2018-01-02 02:03:30', 428);
insert into SegmentoVideo values ( 1, '5429 seconds', timestamp '2018-01-02 02:03:30', 428);
insert into SegmentoVideo values ( 2, '1934 seconds', timestamp '2018-01-02 02:03:30', 428);
insert into Vigia values ( 'Paredes', 428);
insert into ProcessoSocorro values ( 428);
insert into EventoEmergencia values ( '939784822', timestamp '2018-06-06 05:55:59', 'Pedro Correia', 'Paredes', 428);
insert into EntidadeMeio values ( 'Fundação Cristiana Valério');
insert into Meio values ( 428, 'Helicoptero', 'Fundação Cristiana Valério');
insert into MeioCombate values ( 428, 'Fundação Cristiana Valério');
insert into Acciona values ( 428, 'Fundação Cristiana Valério', 391);
insert into Coordenador values ( 428);
insert into Audita values ( 428, 428, 'Fundação Cristiana Valério', 391, timestamp '2018-06-04 05:37:28', timestamp '2018-06-28 22:48:07', date '2018-06-04', 'Tendo concluido a minha auditoria, denota-se corrupção por parte de várias entidades ainda, termino a auditoria convicto de que não são necessários mais procedimentos.');
insert into Solicita values ( 428, timestamp '2018-01-02 02:03:30', 428, timestamp '2018-06-26 12:14:39', timestamp '2018-06-27 13:59:50');
insert into Camara values ( 429);
insert into Video values ( timestamp '2018-01-18 23:48:51', timestamp '2018-01-19 16:37:09', 429);
insert into SegmentoVideo values ( 0, '12710 seconds', timestamp '2018-01-18 23:48:51', 429);
insert into SegmentoVideo values ( 1, '47788 seconds', timestamp '2018-01-18 23:48:51', 429);
insert into Vigia values ( 'Braga', 429);
insert into ProcessoSocorro values ( 429);
insert into EventoEmergencia values ( '952513711', timestamp '2018-04-19 11:22:12', 'Rita Figueiredo', 'Braga', 429);
insert into EntidadeMeio values ( 'Bombeiros Voluntários de Albufeira');
insert into Meio values ( 429, 'Médico', 'Bombeiros Voluntários de Albufeira');
insert into MeioSocorro values ( 429, 'Bombeiros Voluntários de Albufeira');
insert into Transporta values ( 429, 'Bombeiros Voluntários de Albufeira', 2, 246);
insert into Acciona values ( 429, 'Bombeiros Voluntários de Albufeira', 246);
insert into Coordenador values ( 429);
insert into Audita values ( 429, 429, 'Bombeiros Voluntários de Albufeira', 246, timestamp '2018-07-30 15:47:30', timestamp '2018-09-10 04:10:05', date '2018-07-30', 'Com base na minha análise, todo o processo decorreu dentro da lei assim dou por concluida esta auditoria.');
insert into Solicita values ( 429, timestamp '2018-01-18 23:48:51', 429, timestamp '2018-08-28 19:26:10', timestamp '2018-09-04 05:38:15');
insert into Camara values ( 430);
insert into Video values ( timestamp '2018-09-22 11:30:54', timestamp '2018-09-23 05:09:06', 430);
insert into SegmentoVideo values ( 0, '3054 seconds', timestamp '2018-09-22 11:30:54', 430);
insert into SegmentoVideo values ( 1, '27414 seconds', timestamp '2018-09-22 11:30:54', 430);
insert into SegmentoVideo values ( 2, '6366 seconds', timestamp '2018-09-22 11:30:54', 430);
insert into SegmentoVideo values ( 3, '7984 seconds', timestamp '2018-09-22 11:30:54', 430);
insert into SegmentoVideo values ( 4, '17337 seconds', timestamp '2018-09-22 11:30:54', 430);
insert into SegmentoVideo values ( 5, '449 seconds', timestamp '2018-09-22 11:30:54', 430);
insert into SegmentoVideo values ( 6, '888.0 seconds', timestamp '2018-09-22 11:30:54', 430);
insert into Vigia values ( 'Gouveia', 430);
insert into ProcessoSocorro values ( 430);
insert into EventoEmergencia values ( '957186622', timestamp '2018-02-11 20:58:25', 'João Rodrigues', 'Gouveia', 430);
insert into EntidadeMeio values ( 'Bombeiros Municipais de Fafe');
insert into Meio values ( 430, 'Maca', 'Bombeiros Municipais de Fafe');
insert into MeioApoio values ( 430, 'Bombeiros Municipais de Fafe');
insert into Alocado values ( 430, 'Bombeiros Municipais de Fafe', 139, 117);
insert into Acciona values ( 430, 'Bombeiros Municipais de Fafe', 117);
insert into Coordenador values ( 430);
insert into Camara values ( 431);
insert into Video values ( timestamp '2018-01-25 03:56:30', timestamp '2018-01-25 21:12:08', 431);
insert into SegmentoVideo values ( 0, '59591 seconds', timestamp '2018-01-25 03:56:30', 431);
insert into SegmentoVideo values ( 1, '2547.0 seconds', timestamp '2018-01-25 03:56:30', 431);
insert into Vigia values ( 'Beja', 431);
insert into ProcessoSocorro values ( 431);
insert into EventoEmergencia values ( '943635706', timestamp '2018-01-08 22:44:55', 'Rita Correia', 'Beja', 431);
insert into EntidadeMeio values ( 'Camara Joana Valério');
insert into Meio values ( 431, 'Desfibrilhador', 'Camara Joana Valério');
insert into MeioSocorro values ( 431, 'Camara Joana Valério');
insert into Transporta values ( 431, 'Camara Joana Valério', 3, 118);
insert into Acciona values ( 431, 'Camara Joana Valério', 118);
insert into Coordenador values ( 431);
insert into Camara values ( 432);
insert into Video values ( timestamp '2018-08-16 19:51:16', timestamp '2018-08-17 09:50:39', 432);
insert into SegmentoVideo values ( 0, '21029 seconds', timestamp '2018-08-16 19:51:16', 432);
insert into SegmentoVideo values ( 1, '29334 seconds', timestamp '2018-08-16 19:51:16', 432);
insert into Vigia values ( 'Tarouca', 432);
insert into ProcessoSocorro values ( 432);
insert into EventoEmergencia values ( '919145464', timestamp '2018-03-26 07:54:57', 'Rita Valério', 'Tarouca', 432);
insert into EntidadeMeio values ( 'Bombeiros Voluntários de Sines');
insert into Meio values ( 432, 'Garrafas de água', 'Bombeiros Voluntários de Sines');
insert into MeioSocorro values ( 432, 'Bombeiros Voluntários de Sines');
insert into Transporta values ( 432, 'Bombeiros Voluntários de Sines', 4, 273);
insert into Acciona values ( 432, 'Bombeiros Voluntários de Sines', 273);
insert into Coordenador values ( 432);
insert into Camara values ( 433);
insert into Video values ( timestamp '2018-09-01 08:21:36', timestamp '2018-09-01 08:35:07', 433);
insert into SegmentoVideo values ( 0, '811.0 seconds', timestamp '2018-09-01 08:21:36', 433);
insert into Vigia values ( 'Angra do Heroísmo', 433);
insert into ProcessoSocorro values ( 433);
insert into EventoEmergencia values ( '960246933', timestamp '2018-06-02 18:19:56', 'Catarina Valério', 'Angra do Heroísmo', 433);
insert into EntidadeMeio values ( 'Esquadra Ana Figueiredo');
insert into Meio values ( 433, 'Kit de primeiros socorros', 'Esquadra Ana Figueiredo');
insert into MeioSocorro values ( 433, 'Esquadra Ana Figueiredo');
insert into Transporta values ( 433, 'Esquadra Ana Figueiredo', 5, 214);
insert into Acciona values ( 433, 'Esquadra Ana Figueiredo', 214);
insert into Coordenador values ( 433);
insert into Audita values ( 433, 433, 'Esquadra Ana Figueiredo', 214, timestamp '2018-07-17 14:53:03', timestamp '2018-08-23 07:06:01', date '2018-07-17', 'Com base na minha análise, foram cortados cantos ainda, termino a auditoria convicto de que não são necessários mais procedimentos.');
insert into Solicita values ( 433, timestamp '2018-09-01 08:21:36', 433, timestamp '2018-08-06 17:52:52', timestamp '2018-08-19 05:05:40');
insert into Camara values ( 434);
insert into Video values ( timestamp '2018-08-03 18:32:01', timestamp '2018-08-04 05:13:50', 434);
insert into SegmentoVideo values ( 0, '25413 seconds', timestamp '2018-08-03 18:32:01', 434);
insert into SegmentoVideo values ( 1, '11942 seconds', timestamp '2018-08-03 18:32:01', 434);
insert into SegmentoVideo values ( 2, '542 seconds', timestamp '2018-08-03 18:32:01', 434);
insert into SegmentoVideo values ( 3, '612 seconds', timestamp '2018-08-03 18:32:01', 434);
insert into Vigia values ( 'Guimarães', 434);
insert into ProcessoSocorro values ( 434);
insert into EventoEmergencia values ( '957715071', timestamp '2018-09-29 07:43:08', 'António Vitorino', 'Guimarães', 434);
insert into EntidadeMeio values ( 'Hospital Joana Rodrigues');
insert into Meio values ( 434, 'Helicoptero', 'Hospital Joana Rodrigues');
insert into MeioCombate values ( 434, 'Hospital Joana Rodrigues');
insert into Acciona values ( 434, 'Hospital Joana Rodrigues', 217);
insert into Coordenador values ( 434);
insert into Audita values ( 434, 434, 'Hospital Joana Rodrigues', 217, timestamp '2018-02-28 20:27:46', timestamp '2018-10-17 10:00:53', date '2018-02-28', 'Com base na minha análise, foram cortados cantos por fim deixo a indicação de que uma maior investigação será necessária.');
insert into Solicita values ( 434, timestamp '2018-08-03 18:32:01', 434, timestamp '2018-07-23 13:30:41', timestamp '2018-08-08 10:16:38');
insert into Camara values ( 435);
insert into Video values ( timestamp '2018-05-11 10:57:00', timestamp '2018-05-11 13:11:58', 435);
insert into SegmentoVideo values ( 0, '4601 seconds', timestamp '2018-05-11 10:57:00', 435);
insert into SegmentoVideo values ( 1, '3497 seconds', timestamp '2018-05-11 10:57:00', 435);
insert into Vigia values ( 'Leiria', 435);
insert into ProcessoSocorro values ( 435);
insert into EventoEmergencia values ( '963751842', timestamp '2018-11-03 20:56:08', 'António Coelho', 'Leiria', 435);
insert into EntidadeMeio values ( 'Bombeiros Municipais Cristiana Valério');
insert into Meio values ( 435, 'Psicólogo', 'Bombeiros Municipais Cristiana Valério');
insert into MeioSocorro values ( 435, 'Bombeiros Municipais Cristiana Valério');
insert into Transporta values ( 435, 'Bombeiros Municipais Cristiana Valério', 2, 372);
insert into Acciona values ( 435, 'Bombeiros Municipais Cristiana Valério', 372);
insert into Coordenador values ( 435);
insert into Audita values ( 435, 435, 'Bombeiros Municipais Cristiana Valério', 372, timestamp '2018-11-21 01:13:33', timestamp '2018-11-23 07:05:26', date '2018-11-21', 'Estou convicto que foram realizados todos os possíveis para alcançar um boa resolução por fim deixo a indicação de que uma maior investigação será necessária.');
insert into Solicita values ( 435, timestamp '2018-05-11 10:57:00', 435, timestamp '2018-11-21 01:14:42', timestamp '2018-11-21 18:06:23');
insert into Camara values ( 436);
insert into Video values ( timestamp '2018-10-02 10:29:27', timestamp '2018-10-02 13:39:21', 436);
insert into SegmentoVideo values ( 0, '1932 seconds', timestamp '2018-10-02 10:29:27', 436);
insert into SegmentoVideo values ( 1, '3901 seconds', timestamp '2018-10-02 10:29:27', 436);
insert into SegmentoVideo values ( 2, '4050 seconds', timestamp '2018-10-02 10:29:27', 436);
insert into SegmentoVideo values ( 3, '1511 seconds', timestamp '2018-10-02 10:29:27', 436);
insert into Vigia values ( 'Barcelos', 436);
insert into ProcessoSocorro values ( 436);
insert into EventoEmergencia values ( '918438794', timestamp '2018-05-29 11:53:57', 'Miguel Nicolau', 'Barcelos', 436);
insert into EntidadeMeio values ( 'Bombeiros Voluntários de Tomar');
insert into Meio values ( 436, 'Mâscaras de fumo', 'Bombeiros Voluntários de Tomar');
insert into MeioCombate values ( 436, 'Bombeiros Voluntários de Tomar');
insert into Acciona values ( 436, 'Bombeiros Voluntários de Tomar', 37);
insert into Coordenador values ( 436);
insert into Audita values ( 436, 436, 'Bombeiros Voluntários de Tomar', 37, timestamp '2018-10-22 22:39:38', timestamp '2018-11-14 22:41:08', date '2018-10-22', 'Acredito que denota-se corrupção por parte de várias entidades ainda, termino a auditoria convicto de que não são necessários mais procedimentos.');
insert into Solicita values ( 436, timestamp '2018-10-02 10:29:27', 436, timestamp '2018-11-04 21:37:14', timestamp '2018-11-08 18:32:27');
insert into Camara values ( 437);
insert into Video values ( timestamp '2018-02-16 23:50:31', timestamp '2018-02-17 22:21:38', 437);
insert into SegmentoVideo values ( 0, '77615 seconds', timestamp '2018-02-16 23:50:31', 437);
insert into SegmentoVideo values ( 1, '146 seconds', timestamp '2018-02-16 23:50:31', 437);
insert into SegmentoVideo values ( 2, '3306.0 seconds', timestamp '2018-02-16 23:50:31', 437);
insert into Vigia values ( 'Torres Novas', 437);
insert into ProcessoSocorro values ( 437);
insert into EventoEmergencia values ( '914499686', timestamp '2018-08-05 00:44:03', 'Cristiana Matos', 'Torres Novas', 437);
insert into EntidadeMeio values ( 'Fundação de Albergaria-a-Velha');
insert into Meio values ( 437, 'Bombeiros', 'Fundação de Albergaria-a-Velha');
insert into MeioCombate values ( 437, 'Fundação de Albergaria-a-Velha');
insert into Acciona values ( 437, 'Fundação de Albergaria-a-Velha', 397);
insert into Coordenador values ( 437);
insert into Camara values ( 438);
insert into Video values ( timestamp '2018-10-26 01:15:20', timestamp '2018-10-26 13:02:42', 438);
insert into SegmentoVideo values ( 0, '40149 seconds', timestamp '2018-10-26 01:15:20', 438);
insert into SegmentoVideo values ( 1, '933 seconds', timestamp '2018-10-26 01:15:20', 438);
insert into SegmentoVideo values ( 2, '1360 seconds', timestamp '2018-10-26 01:15:20', 438);
insert into Vigia values ( 'Maia', 438);
insert into ProcessoSocorro values ( 438);
insert into EventoEmergencia values ( '944036970', timestamp '2018-09-01 23:58:34', 'António Silva', 'Maia', 438);
insert into EntidadeMeio values ( 'Junta Rita Correia');
insert into Meio values ( 438, 'Mâscaras de fumo', 'Junta Rita Correia');
insert into MeioCombate values ( 438, 'Junta Rita Correia');
insert into Acciona values ( 438, 'Junta Rita Correia', 351);
insert into Coordenador values ( 438);
insert into Camara values ( 439);
insert into Video values ( timestamp '2018-02-19 23:30:19', timestamp '2018-02-20 04:55:14', 439);
insert into SegmentoVideo values ( 0, '9521 seconds', timestamp '2018-02-19 23:30:19', 439);
insert into SegmentoVideo values ( 1, '9974 seconds', timestamp '2018-02-19 23:30:19', 439);
insert into Vigia values ( 'Sabugal', 439);
insert into ProcessoSocorro values ( 439);
insert into EventoEmergencia values ( '944406888', timestamp '2018-10-25 22:51:53', 'Miguel Nicolau', 'Sabugal', 439);
insert into EntidadeMeio values ( 'Junta Miguel Matos');
insert into Meio values ( 439, 'Kit de primeiros socorros', 'Junta Miguel Matos');
insert into MeioSocorro values ( 439, 'Junta Miguel Matos');
insert into Transporta values ( 439, 'Junta Miguel Matos', 4, 229);
insert into Acciona values ( 439, 'Junta Miguel Matos', 229);
insert into Coordenador values ( 439);
insert into Audita values ( 439, 439, 'Junta Miguel Matos', 229, timestamp '2018-10-30 21:47:10', timestamp '2018-11-07 11:16:53', date '2018-10-30', 'Com base na minha análise, foram cortados cantos assim dou por concluida esta auditoria.');
insert into Solicita values ( 439, timestamp '2018-02-19 23:30:19', 439, timestamp '2018-10-31 06:52:42', timestamp '2018-10-31 07:40:38');
insert into Camara values ( 440);
insert into Video values ( timestamp '2018-04-23 14:01:40', timestamp '2018-04-24 08:40:28', 440);
insert into SegmentoVideo values ( 0, '24245 seconds', timestamp '2018-04-23 14:01:40', 440);
insert into SegmentoVideo values ( 1, '42883 seconds', timestamp '2018-04-23 14:01:40', 440);
insert into Vigia values ( 'Montemor-o-Novo', 440);
insert into ProcessoSocorro values ( 440);
insert into EventoEmergencia values ( '959908143', timestamp '2018-11-01 04:18:43', 'António Silva', 'Montemor-o-Novo', 440);
insert into EntidadeMeio values ( 'Fundação de Vale de Cambra');
insert into Meio values ( 440, 'Médico', 'Fundação de Vale de Cambra');
insert into MeioSocorro values ( 440, 'Fundação de Vale de Cambra');
insert into Transporta values ( 440, 'Fundação de Vale de Cambra', 6, 225);
insert into Acciona values ( 440, 'Fundação de Vale de Cambra', 225);
insert into Coordenador values ( 440);
insert into Audita values ( 440, 440, 'Fundação de Vale de Cambra', 225, timestamp '2018-10-26 22:39:53', timestamp '2018-11-14 08:01:17', date '2018-10-26', 'Conclui que foram realizados todos os possíveis para alcançar um boa resolução por fim deixo a indicação de que uma maior investigação será necessária.');
insert into Solicita values ( 440, timestamp '2018-04-23 14:01:40', 440, timestamp '2018-10-29 04:05:24', timestamp '2018-10-30 07:39:07');
insert into Camara values ( 441);
insert into Video values ( timestamp '2018-07-21 11:58:08', timestamp '2018-07-22 10:38:35', 441);
insert into SegmentoVideo values ( 0, '67447 seconds', timestamp '2018-07-21 11:58:08', 441);
insert into SegmentoVideo values ( 1, '7571 seconds', timestamp '2018-07-21 11:58:08', 441);
insert into SegmentoVideo values ( 2, '5229 seconds', timestamp '2018-07-21 11:58:08', 441);
insert into SegmentoVideo values ( 3, '1380 seconds', timestamp '2018-07-21 11:58:08', 441);
insert into Vigia values ( 'Lordelo', 441);
insert into ProcessoSocorro values ( 441);
insert into EventoEmergencia values ( '966328487', timestamp '2018-05-17 08:10:29', 'Inês Figueiredo', 'Lordelo', 441);
insert into EntidadeMeio values ( 'Esquadra Marta Correia');
insert into Meio values ( 441, 'Carro de Bombeiros', 'Esquadra Marta Correia');
insert into MeioCombate values ( 441, 'Esquadra Marta Correia');
insert into Acciona values ( 441, 'Esquadra Marta Correia', 298);
insert into Coordenador values ( 441);
insert into Audita values ( 441, 441, 'Esquadra Marta Correia', 298, timestamp '2018-10-24 02:13:47', timestamp '2018-11-09 19:17:52', date '2018-10-24', 'Conclui que denota-se corrupção por parte de várias entidades assim dou por concluida esta auditoria.');
insert into Solicita values ( 441, timestamp '2018-07-21 11:58:08', 441, timestamp '2018-10-29 10:04:51', timestamp '2018-10-31 10:02:54');
insert into Camara values ( 442);
insert into Video values ( timestamp '2018-04-12 07:32:34', timestamp '2018-04-12 11:15:45', 442);
insert into SegmentoVideo values ( 0, '1242 seconds', timestamp '2018-04-12 07:32:34', 442);
insert into SegmentoVideo values ( 1, '2564 seconds', timestamp '2018-04-12 07:32:34', 442);
insert into SegmentoVideo values ( 2, '9585 seconds', timestamp '2018-04-12 07:32:34', 442);
insert into Vigia values ( 'Vila Real', 442);
insert into ProcessoSocorro values ( 442);
insert into EventoEmergencia values ( '918770648', timestamp '2018-05-28 18:30:07', 'Cristiana Coelho', 'Vila Real', 442);
insert into EntidadeMeio values ( 'Bombeiros Municipais de Santiago do Cacém');
insert into Meio values ( 442, 'Paramédico', 'Bombeiros Municipais de Santiago do Cacém');
insert into MeioSocorro values ( 442, 'Bombeiros Municipais de Santiago do Cacém');
insert into Transporta values ( 442, 'Bombeiros Municipais de Santiago do Cacém', 1, 395);
insert into Acciona values ( 442, 'Bombeiros Municipais de Santiago do Cacém', 395);
insert into Coordenador values ( 442);
insert into Audita values ( 442, 442, 'Bombeiros Municipais de Santiago do Cacém', 395, timestamp '2018-11-09 22:10:53', timestamp '2018-11-24 08:28:26', date '2018-11-09', 'Conclui que todo o processo decorreu dentro da lei ainda, termino a auditoria convicto de que não são necessários mais procedimentos.');
insert into Solicita values ( 442, timestamp '2018-04-12 07:32:34', 442, timestamp '2018-11-16 06:03:05', timestamp '2018-11-21 05:34:34');
insert into Camara values ( 443);
insert into Video values ( timestamp '2018-10-17 02:28:32', timestamp '2018-10-17 17:59:03', 443);
insert into SegmentoVideo values ( 0, '9960 seconds', timestamp '2018-10-17 02:28:32', 443);
insert into SegmentoVideo values ( 1, '4483 seconds', timestamp '2018-10-17 02:28:32', 443);
insert into SegmentoVideo values ( 2, '41388 seconds', timestamp '2018-10-17 02:28:32', 443);
insert into Vigia values ( 'Loulé', 443);
insert into ProcessoSocorro values ( 443);
insert into EventoEmergencia values ( '921951864', timestamp '2018-06-14 16:18:07', 'Manel Vitorino', 'Loulé', 443);
insert into EntidadeMeio values ( 'Esquadra de Anadia');
insert into Meio values ( 443, 'Esquadrão', 'Esquadra de Anadia');
insert into MeioCombate values ( 443, 'Esquadra de Anadia');
insert into Acciona values ( 443, 'Esquadra de Anadia', 366);
insert into Coordenador values ( 443);
insert into Camara values ( 444);
insert into Video values ( timestamp '2018-11-08 18:51:07', timestamp '2018-11-09 04:19:24', 444);
insert into SegmentoVideo values ( 0, '11810 seconds', timestamp '2018-11-08 18:51:07', 444);
insert into SegmentoVideo values ( 1, '20062 seconds', timestamp '2018-11-08 18:51:07', 444);
insert into SegmentoVideo values ( 2, '2225 seconds', timestamp '2018-11-08 18:51:07', 444);
insert into Vigia values ( 'Peniche', 444);
insert into ProcessoSocorro values ( 444);
insert into EventoEmergencia values ( '922606438', timestamp '2018-06-12 19:43:39', 'Pedro Matos', 'Peniche', 444);
insert into EntidadeMeio values ( 'Junta de Gandra');
insert into Meio values ( 444, 'Maca', 'Junta de Gandra');
insert into MeioApoio values ( 444, 'Junta de Gandra');
insert into Alocado values ( 444, 'Junta de Gandra', 141, 103);
insert into Acciona values ( 444, 'Junta de Gandra', 103);
insert into Coordenador values ( 444);
insert into Camara values ( 445);
insert into Video values ( timestamp '2018-05-14 09:22:30', timestamp '2018-05-14 17:39:37', 445);
insert into SegmentoVideo values ( 0, '3790 seconds', timestamp '2018-05-14 09:22:30', 445);
insert into SegmentoVideo values ( 1, '18540 seconds', timestamp '2018-05-14 09:22:30', 445);
insert into SegmentoVideo values ( 2, '1881 seconds', timestamp '2018-05-14 09:22:30', 445);
insert into SegmentoVideo values ( 3, '5616 seconds', timestamp '2018-05-14 09:22:30', 445);
insert into Vigia values ( 'Estarreja', 445);
insert into ProcessoSocorro values ( 445);
insert into EventoEmergencia values ( '927933581', timestamp '2018-01-26 23:13:40', 'Joana Martinho', 'Estarreja', 445);
insert into EntidadeMeio values ( 'Quartel Carolina Figueiredo');
insert into Meio values ( 445, 'Maca', 'Quartel Carolina Figueiredo');
insert into MeioApoio values ( 445, 'Quartel Carolina Figueiredo');
insert into Alocado values ( 445, 'Quartel Carolina Figueiredo', 128, 103);
insert into Acciona values ( 445, 'Quartel Carolina Figueiredo', 103);
insert into Coordenador values ( 445);
insert into Camara values ( 446);
insert into Video values ( timestamp '2018-09-16 15:01:38', timestamp '2018-09-16 20:54:31', 446);
insert into SegmentoVideo values ( 0, '2590 seconds', timestamp '2018-09-16 15:01:38', 446);
insert into SegmentoVideo values ( 1, '18583 seconds', timestamp '2018-09-16 15:01:38', 446);
insert into Vigia values ( 'Oliveira do Bairro', 446);
insert into ProcessoSocorro values ( 446);
insert into EventoEmergencia values ( '929735674', timestamp '2018-10-04 11:29:06', 'Manel Valério', 'Oliveira do Bairro', 446);
insert into EntidadeMeio values ( 'Quartel de Torres Novas');
insert into Meio values ( 446, 'Drone', 'Quartel de Torres Novas');
insert into MeioSocorro values ( 446, 'Quartel de Torres Novas');
insert into Transporta values ( 446, 'Quartel de Torres Novas', 2, 62);
insert into Acciona values ( 446, 'Quartel de Torres Novas', 62);
insert into Coordenador values ( 446);
insert into Camara values ( 447);
insert into Video values ( timestamp '2018-09-16 04:17:31', timestamp '2018-09-16 16:53:13', 447);
insert into SegmentoVideo values ( 0, '31994 seconds', timestamp '2018-09-16 04:17:31', 447);
insert into SegmentoVideo values ( 1, '13348 seconds', timestamp '2018-09-16 04:17:31', 447);
insert into Vigia values ( 'Silves', 447);
insert into ProcessoSocorro values ( 447);
insert into EventoEmergencia values ( '947305094', timestamp '2018-06-18 05:13:01', 'Pedro Antunes', 'Silves', 447);
insert into EntidadeMeio values ( 'Fundação de Peniche');
insert into Meio values ( 447, 'Ambulância', 'Fundação de Peniche');
insert into MeioApoio values ( 447, 'Fundação de Peniche');
insert into Alocado values ( 447, 'Fundação de Peniche', 102, 120);
insert into Acciona values ( 447, 'Fundação de Peniche', 120);
insert into Coordenador values ( 447);
insert into Camara values ( 448);
insert into Video values ( timestamp '2018-07-03 04:37:38', timestamp '2018-07-03 12:38:22', 448);
insert into SegmentoVideo values ( 0, '24321 seconds', timestamp '2018-07-03 04:37:38', 448);
insert into SegmentoVideo values ( 1, '4523 seconds', timestamp '2018-07-03 04:37:38', 448);
insert into Vigia values ( 'Tomar', 448);
insert into ProcessoSocorro values ( 448);
insert into EventoEmergencia values ( '932595054', timestamp '2018-04-01 12:57:14', 'João Abreu', 'Tomar', 448);
insert into EntidadeMeio values ( 'Fundação Ana Vitorino');
insert into Meio values ( 448, 'Ambulância', 'Fundação Ana Vitorino');
insert into MeioApoio values ( 448, 'Fundação Ana Vitorino');
insert into Alocado values ( 448, 'Fundação Ana Vitorino', 136, 229);
insert into Acciona values ( 448, 'Fundação Ana Vitorino', 229);
insert into Coordenador values ( 448);
insert into Camara values ( 449);
insert into Video values ( timestamp '2018-01-18 19:11:48', timestamp '2018-01-19 16:44:05', 449);
insert into SegmentoVideo values ( 0, '30871 seconds', timestamp '2018-01-18 19:11:48', 449);
insert into SegmentoVideo values ( 1, '46666 seconds', timestamp '2018-01-18 19:11:48', 449);
insert into Vigia values ( 'Rebordosa', 449);
insert into ProcessoSocorro values ( 449);
insert into EventoEmergencia values ( '947332119', timestamp '2018-01-02 03:57:40', 'Carolina Matos', 'Rebordosa', 449);
insert into EntidadeMeio values ( 'Esquadra Francisco Antunes');
insert into Meio values ( 449, 'Carro', 'Esquadra Francisco Antunes');
insert into MeioApoio values ( 449, 'Esquadra Francisco Antunes');
insert into Alocado values ( 449, 'Esquadra Francisco Antunes', 119, 30);
insert into Acciona values ( 449, 'Esquadra Francisco Antunes', 30);
insert into Coordenador values ( 449);
insert into Camara values ( 450);
insert into Video values ( timestamp '2018-07-16 04:23:34', timestamp '2018-07-17 02:48:42', 450);
insert into SegmentoVideo values ( 0, '32211 seconds', timestamp '2018-07-16 04:23:34', 450);
insert into SegmentoVideo values ( 1, '48497 seconds', timestamp '2018-07-16 04:23:34', 450);
insert into Vigia values ( 'Torres Vedras', 450);
insert into ProcessoSocorro values ( 450);
insert into EventoEmergencia values ( '950522140', timestamp '2018-02-17 10:21:28', 'António Rodrigues', 'Torres Vedras', 450);
insert into EntidadeMeio values ( 'Fundação de Gandra');
insert into Meio values ( 450, 'Bombeiros', 'Fundação de Gandra');
insert into MeioCombate values ( 450, 'Fundação de Gandra');
insert into Acciona values ( 450, 'Fundação de Gandra', 319);
insert into Coordenador values ( 450);
insert into Audita values ( 450, 450, 'Fundação de Gandra', 319, timestamp '2018-10-15 12:14:22', timestamp '2018-10-22 15:08:29', date '2018-10-15', 'Conclui que foram realizados todos os possíveis para alcançar um boa resolução ainda, termino a auditoria convicto de que não são necessários mais procedimentos.');
insert into Solicita values ( 450, timestamp '2018-07-16 04:23:34', 450, timestamp '2018-10-15 16:10:02', timestamp '2018-10-17 17:30:18');
insert into Camara values ( 451);
insert into Video values ( timestamp '2018-01-24 21:36:42', timestamp '2018-01-25 16:11:57', 451);
insert into SegmentoVideo values ( 0, '57018 seconds', timestamp '2018-01-24 21:36:42', 451);
insert into SegmentoVideo values ( 1, '9897 seconds', timestamp '2018-01-24 21:36:42', 451);
insert into Vigia values ( 'Caldas da Rainha', 451);
insert into ProcessoSocorro values ( 451);
insert into EventoEmergencia values ( '943553324', timestamp '2018-05-08 14:39:13', 'Marta Valério', 'Caldas da Rainha', 451);
insert into EntidadeMeio values ( 'Esquadra de Miranda do Douro');
insert into Meio values ( 451, 'Maca', 'Esquadra de Miranda do Douro');
insert into MeioApoio values ( 451, 'Esquadra de Miranda do Douro');
insert into Alocado values ( 451, 'Esquadra de Miranda do Douro', 132, 296);
insert into Acciona values ( 451, 'Esquadra de Miranda do Douro', 296);
insert into Coordenador values ( 451);
insert into Audita values ( 451, 451, 'Esquadra de Miranda do Douro', 296, timestamp '2018-11-04 23:00:31', timestamp '2018-11-07 02:48:39', date '2018-11-04', 'Acredito que foram realizados todos os possíveis para alcançar um boa resolução assim dou por concluida esta auditoria.');
insert into Solicita values ( 451, timestamp '2018-01-24 21:36:42', 451, timestamp '2018-11-06 00:11:09', timestamp '2018-11-06 19:30:09');
insert into Camara values ( 452);
insert into Video values ( timestamp '2018-06-15 21:33:53', timestamp '2018-06-16 20:19:05', 452);
insert into SegmentoVideo values ( 0, '7692 seconds', timestamp '2018-06-15 21:33:53', 452);
insert into SegmentoVideo values ( 1, '74220 seconds', timestamp '2018-06-15 21:33:53', 452);
insert into Vigia values ( 'Caniço', 452);
insert into ProcessoSocorro values ( 452);
insert into EventoEmergencia values ( '956512953', timestamp '2018-01-16 20:52:51', 'Cristiana Correia', 'Caniço', 452);
insert into EntidadeMeio values ( 'Fundação de Ponte de Sor');
insert into Meio values ( 452, 'Mangueira', 'Fundação de Ponte de Sor');
insert into MeioCombate values ( 452, 'Fundação de Ponte de Sor');
insert into Acciona values ( 452, 'Fundação de Ponte de Sor', 183);
insert into Coordenador values ( 452);
insert into Camara values ( 453);
insert into Video values ( timestamp '2018-02-04 18:52:50', timestamp '2018-02-05 03:55:33', 453);
insert into SegmentoVideo values ( 0, '30547 seconds', timestamp '2018-02-04 18:52:50', 453);
insert into SegmentoVideo values ( 1, '2016.0 seconds', timestamp '2018-02-04 18:52:50', 453);
insert into Vigia values ( 'Almada', 453);
insert into ProcessoSocorro values ( 453);
insert into EventoEmergencia values ( '952772559', timestamp '2018-05-20 11:12:55', 'Ana Matos', 'Almada', 453);
insert into EntidadeMeio values ( 'Camara Marta Silva');
insert into Meio values ( 453, 'Garrafas de água', 'Camara Marta Silva');
insert into MeioSocorro values ( 453, 'Camara Marta Silva');
insert into Transporta values ( 453, 'Camara Marta Silva', 4, 88);
insert into Acciona values ( 453, 'Camara Marta Silva', 88);
insert into Coordenador values ( 453);
insert into Audita values ( 453, 453, 'Camara Marta Silva', 88, timestamp '2018-11-15 18:43:02', timestamp '2018-11-20 22:21:53', date '2018-11-15', 'Com base na minha análise, todo o processo decorreu dentro da lei assim dou por concluida esta auditoria.');
insert into Solicita values ( 453, timestamp '2018-02-04 18:52:50', 453, timestamp '2018-11-16 20:11:54', timestamp '2018-11-17 12:17:08');
insert into Camara values ( 454);
insert into Video values ( timestamp '2018-06-02 19:39:35', timestamp '2018-06-03 15:26:01', 454);
insert into SegmentoVideo values ( 0, '22720 seconds', timestamp '2018-06-02 19:39:35', 454);
insert into SegmentoVideo values ( 1, '12262 seconds', timestamp '2018-06-02 19:39:35', 454);
insert into SegmentoVideo values ( 2, '31353 seconds', timestamp '2018-06-02 19:39:35', 454);
insert into SegmentoVideo values ( 3, '4851 seconds', timestamp '2018-06-02 19:39:35', 454);
insert into Vigia values ( 'Faro', 454);
insert into ProcessoSocorro values ( 454);
insert into EventoEmergencia values ( '940125440', timestamp '2018-10-05 22:44:26', 'Pedro Abreu', 'Faro', 454);
insert into EntidadeMeio values ( 'Bombeiros Municipais Daniel Correia');
insert into Meio values ( 454, 'Paramédico', 'Bombeiros Municipais Daniel Correia');
insert into MeioSocorro values ( 454, 'Bombeiros Municipais Daniel Correia');
insert into Transporta values ( 454, 'Bombeiros Municipais Daniel Correia', 5, 168);
insert into Acciona values ( 454, 'Bombeiros Municipais Daniel Correia', 168);
insert into Coordenador values ( 454);
insert into Camara values ( 455);
insert into Video values ( timestamp '2018-07-21 08:05:34', timestamp '2018-07-21 23:39:56', 455);
insert into SegmentoVideo values ( 0, '49885 seconds', timestamp '2018-07-21 08:05:34', 455);
insert into SegmentoVideo values ( 1, '934 seconds', timestamp '2018-07-21 08:05:34', 455);
insert into SegmentoVideo values ( 2, '5243 seconds', timestamp '2018-07-21 08:05:34', 455);
insert into Vigia values ( 'Fafe', 455);
insert into ProcessoSocorro values ( 455);
insert into EventoEmergencia values ( '926696011', timestamp '2018-07-29 10:32:32', 'Francisco Matos', 'Fafe', 455);
insert into EntidadeMeio values ( 'Quartel António Correia');
insert into Meio values ( 455, 'Mâscaras de fumo', 'Quartel António Correia');
insert into MeioCombate values ( 455, 'Quartel António Correia');
insert into Acciona values ( 455, 'Quartel António Correia', 14);
insert into Coordenador values ( 455);
insert into Camara values ( 456);
insert into Video values ( timestamp '2018-08-17 23:48:25', timestamp '2018-08-18 01:16:00', 456);
insert into SegmentoVideo values ( 0, '2838 seconds', timestamp '2018-08-17 23:48:25', 456);
insert into SegmentoVideo values ( 1, '2417 seconds', timestamp '2018-08-17 23:48:25', 456);
insert into Vigia values ( 'Portimão', 456);
insert into ProcessoSocorro values ( 456);
insert into EventoEmergencia values ( '940785433', timestamp '2018-11-03 06:05:19', 'Catarina Rodrigues', 'Portimão', 456);
insert into EntidadeMeio values ( 'Fundação Miguel Vitorino');
insert into Meio values ( 456, 'Médico', 'Fundação Miguel Vitorino');
insert into MeioSocorro values ( 456, 'Fundação Miguel Vitorino');
insert into Transporta values ( 456, 'Fundação Miguel Vitorino', 4, 397);
insert into Acciona values ( 456, 'Fundação Miguel Vitorino', 397);
insert into Coordenador values ( 456);
insert into Audita values ( 456, 456, 'Fundação Miguel Vitorino', 397, timestamp '2018-11-23 10:46:46', timestamp '2018-11-24 08:16:36', date '2018-11-23', 'Acredito que todo o processo decorreu dentro da lei por fim deixo a indicação de que uma maior investigação será necessária.');
insert into Solicita values ( 456, timestamp '2018-08-17 23:48:25', 456, timestamp '2018-11-24 01:23:36', timestamp '2018-11-24 04:35:00');
insert into Camara values ( 457);
insert into Video values ( timestamp '2018-07-20 04:06:40', timestamp '2018-07-20 14:09:40', 457);
insert into SegmentoVideo values ( 0, '14677 seconds', timestamp '2018-07-20 04:06:40', 457);
insert into SegmentoVideo values ( 1, '5906 seconds', timestamp '2018-07-20 04:06:40', 457);
insert into SegmentoVideo values ( 2, '15597 seconds', timestamp '2018-07-20 04:06:40', 457);
insert into Vigia values ( 'Ribeira Grande', 457);
insert into ProcessoSocorro values ( 457);
insert into EventoEmergencia values ( '917935598', timestamp '2018-10-06 23:29:11', 'João Abreu', 'Ribeira Grande', 457);
insert into EntidadeMeio values ( 'Camara Pedro Figueiredo');
insert into Meio values ( 457, 'Ambulância', 'Camara Pedro Figueiredo');
insert into MeioApoio values ( 457, 'Camara Pedro Figueiredo');
insert into Alocado values ( 457, 'Camara Pedro Figueiredo', 67, 309);
insert into Acciona values ( 457, 'Camara Pedro Figueiredo', 309);
insert into Coordenador values ( 457);
insert into Audita values ( 457, 457, 'Camara Pedro Figueiredo', 309, timestamp '2018-03-16 13:12:31', timestamp '2018-11-03 16:48:59', date '2018-03-16', 'Com base na minha análise, denota-se corrupção por parte de várias entidades ainda, termino a auditoria convicto de que não são necessários mais procedimentos.');
insert into Solicita values ( 457, timestamp '2018-07-20 04:06:40', 457, timestamp '2018-08-06 09:51:18', timestamp '2018-09-18 08:13:59');
insert into Camara values ( 458);
insert into Video values ( timestamp '2018-11-02 03:02:43', timestamp '2018-11-02 10:13:38', 458);
insert into SegmentoVideo values ( 0, '9381 seconds', timestamp '2018-11-02 03:02:43', 458);
insert into SegmentoVideo values ( 1, '16474 seconds', timestamp '2018-11-02 03:02:43', 458);
insert into Vigia values ( 'Lisboa', 458);
insert into ProcessoSocorro values ( 458);
insert into EventoEmergencia values ( '953488247', timestamp '2018-04-01 16:43:31', 'Pedro Gômes', 'Lisboa', 458);
insert into EntidadeMeio values ( 'Junta de Amadora');
insert into Meio values ( 458, 'Camião', 'Junta de Amadora');
insert into MeioApoio values ( 458, 'Junta de Amadora');
insert into Alocado values ( 458, 'Junta de Amadora', 100, 127);
insert into Acciona values ( 458, 'Junta de Amadora', 127);
insert into Coordenador values ( 458);
insert into Audita values ( 458, 458, 'Junta de Amadora', 127, timestamp '2018-06-25 03:46:01', timestamp '2018-09-24 12:54:51', date '2018-06-25', 'Acredito que todo o processo decorreu dentro da lei por fim deixo a indicação de que uma maior investigação será necessária.');
insert into Solicita values ( 458, timestamp '2018-11-02 03:02:43', 458, timestamp '2018-07-30 09:39:43', timestamp '2018-08-26 04:43:50');
insert into Camara values ( 459);
insert into Video values ( timestamp '2018-02-01 09:14:54', timestamp '2018-02-01 18:53:38', 459);
insert into SegmentoVideo values ( 0, '15021 seconds', timestamp '2018-02-01 09:14:54', 459);
insert into SegmentoVideo values ( 1, '19703 seconds', timestamp '2018-02-01 09:14:54', 459);
insert into Vigia values ( 'Lisboa', 459);
insert into ProcessoSocorro values ( 459);
insert into EventoEmergencia values ( '920729099', timestamp '2018-03-06 11:16:30', 'Ana Vitorino', 'Lisboa', 459);
insert into EntidadeMeio values ( 'Fundação de Vendas Novas');
insert into Meio values ( 459, 'Camião', 'Fundação de Vendas Novas');
insert into MeioApoio values ( 459, 'Fundação de Vendas Novas');
insert into Alocado values ( 459, 'Fundação de Vendas Novas', 36, 376);
insert into Acciona values ( 459, 'Fundação de Vendas Novas', 376);
insert into Coordenador values ( 459);
insert into Camara values ( 460);
insert into Video values ( timestamp '2018-09-04 05:28:51', timestamp '2018-09-04 06:39:39', 460);
insert into SegmentoVideo values ( 0, '2544 seconds', timestamp '2018-09-04 05:28:51', 460);
insert into SegmentoVideo values ( 1, '1704 seconds', timestamp '2018-09-04 05:28:51', 460);
insert into Vigia values ( 'Pombal', 460);
insert into ProcessoSocorro values ( 460);
insert into EventoEmergencia values ( '943249885', timestamp '2018-04-22 23:10:42', 'Catarina Martinho', 'Pombal', 460);
insert into EntidadeMeio values ( 'Junta de Seia');
insert into Meio values ( 460, 'Helicoptero', 'Junta de Seia');
insert into MeioCombate values ( 460, 'Junta de Seia');
insert into Acciona values ( 460, 'Junta de Seia', 79);
insert into Coordenador values ( 460);
insert into Camara values ( 461);
insert into Video values ( timestamp '2018-05-04 16:50:54', timestamp '2018-05-04 21:20:48', 461);
insert into SegmentoVideo values ( 0, '5719 seconds', timestamp '2018-05-04 16:50:54', 461);
insert into SegmentoVideo values ( 1, '9027 seconds', timestamp '2018-05-04 16:50:54', 461);
insert into SegmentoVideo values ( 2, '1448.0 seconds', timestamp '2018-05-04 16:50:54', 461);
insert into Vigia values ( 'Moura', 461);
insert into ProcessoSocorro values ( 461);
insert into EventoEmergencia values ( '943140956', timestamp '2018-02-25 20:28:05', 'Marta Guerreiro', 'Moura', 461);
insert into EntidadeMeio values ( 'Junta Francisco Vitorino');
insert into Meio values ( 461, 'Ambulância', 'Junta Francisco Vitorino');
insert into MeioApoio values ( 461, 'Junta Francisco Vitorino');
insert into Alocado values ( 461, 'Junta Francisco Vitorino', 8, 59);
insert into Acciona values ( 461, 'Junta Francisco Vitorino', 59);
insert into Coordenador values ( 461);
insert into Camara values ( 462);
insert into Video values ( timestamp '2018-09-22 15:04:25', timestamp '2018-09-23 14:35:40', 462);
insert into SegmentoVideo values ( 0, '27511 seconds', timestamp '2018-09-22 15:04:25', 462);
insert into SegmentoVideo values ( 1, '6256 seconds', timestamp '2018-09-22 15:04:25', 462);
insert into SegmentoVideo values ( 2, '50908 seconds', timestamp '2018-09-22 15:04:25', 462);
insert into Vigia values ( 'Alcácer do Sal', 462);
insert into ProcessoSocorro values ( 462);
insert into EventoEmergencia values ( '961141418', timestamp '2018-02-03 09:21:35', 'Daniel Rodrigues', 'Alcácer do Sal', 462);
insert into EntidadeMeio values ( 'Esquadra de Lordelo');
insert into Meio values ( 462, 'Helicoptero', 'Esquadra de Lordelo');
insert into MeioApoio values ( 462, 'Esquadra de Lordelo');
insert into Alocado values ( 462, 'Esquadra de Lordelo', 81, 266);
insert into Acciona values ( 462, 'Esquadra de Lordelo', 266);
insert into Coordenador values ( 462);
insert into Camara values ( 463);
insert into Video values ( timestamp '2018-04-21 18:26:39', timestamp '2018-04-22 02:12:16', 463);
insert into SegmentoVideo values ( 0, '13929 seconds', timestamp '2018-04-21 18:26:39', 463);
insert into SegmentoVideo values ( 1, '14008 seconds', timestamp '2018-04-21 18:26:39', 463);
insert into Vigia values ( 'Tomar', 463);
insert into ProcessoSocorro values ( 463);
insert into EventoEmergencia values ( '933575629', timestamp '2018-07-11 15:05:56', 'Carolina Margato', 'Tomar', 463);
insert into EntidadeMeio values ( 'Hospital de Samora Correia');
insert into Meio values ( 463, 'Psicólogo', 'Hospital de Samora Correia');
insert into MeioSocorro values ( 463, 'Hospital de Samora Correia');
insert into Transporta values ( 463, 'Hospital de Samora Correia', 1, 110);
insert into Acciona values ( 463, 'Hospital de Samora Correia', 110);
insert into Coordenador values ( 463);
insert into Audita values ( 463, 463, 'Hospital de Samora Correia', 110, timestamp '2018-11-22 23:34:16', timestamp '2018-11-24 15:19:41', date '2018-11-22', 'Acredito que todo o processo decorreu dentro da lei assim dou por concluida esta auditoria.');
insert into Solicita values ( 463, timestamp '2018-04-21 18:26:39', 463, timestamp '2018-11-23 18:14:19', timestamp '2018-11-24 05:57:25');
insert into Camara values ( 464);
insert into Video values ( timestamp '2018-04-09 11:45:03', timestamp '2018-04-09 12:15:17', 464);
insert into SegmentoVideo values ( 0, '1814.0 seconds', timestamp '2018-04-09 11:45:03', 464);
insert into Vigia values ( 'Queluz', 464);
insert into ProcessoSocorro values ( 464);
insert into EventoEmergencia values ( '966027380', timestamp '2018-02-27 17:07:18', 'Francisco Abreu', 'Queluz', 464);
insert into EntidadeMeio values ( 'Fundação Tiago Guerreiro');
insert into Meio values ( 464, 'Mangueira', 'Fundação Tiago Guerreiro');
insert into MeioCombate values ( 464, 'Fundação Tiago Guerreiro');
insert into Acciona values ( 464, 'Fundação Tiago Guerreiro', 75);
insert into Coordenador values ( 464);
insert into Camara values ( 465);
insert into Video values ( timestamp '2018-02-18 00:28:35', timestamp '2018-02-18 10:01:44', 465);
insert into SegmentoVideo values ( 0, '8334 seconds', timestamp '2018-02-18 00:28:35', 465);
insert into SegmentoVideo values ( 1, '22521 seconds', timestamp '2018-02-18 00:28:35', 465);
insert into SegmentoVideo values ( 2, '3534 seconds', timestamp '2018-02-18 00:28:35', 465);
insert into Vigia values ( 'Ponte de Sor', 465);
insert into ProcessoSocorro values ( 465);
insert into EventoEmergencia values ( '953103523', timestamp '2018-03-12 02:29:59', 'Pedro Correia', 'Ponte de Sor', 465);
insert into EntidadeMeio values ( 'Esquadra João Gômes');
insert into Meio values ( 465, 'Mâscaras de fumo', 'Esquadra João Gômes');
insert into MeioCombate values ( 465, 'Esquadra João Gômes');
insert into Acciona values ( 465, 'Esquadra João Gômes', 118);
insert into Coordenador values ( 465);
insert into Camara values ( 466);
insert into Video values ( timestamp '2018-01-04 16:41:28', timestamp '2018-01-04 21:15:25', 466);
insert into SegmentoVideo values ( 0, '2906 seconds', timestamp '2018-01-04 16:41:28', 466);
insert into SegmentoVideo values ( 1, '13531 seconds', timestamp '2018-01-04 16:41:28', 466);
insert into Vigia values ( 'Amarante', 466);
insert into ProcessoSocorro values ( 466);
insert into EventoEmergencia values ( '915256694', timestamp '2018-09-01 05:56:28', 'Miguel Rodrigues', 'Amarante', 466);
insert into EntidadeMeio values ( 'Camara Manel Rodrigues');
insert into Meio values ( 466, 'Helicoptero', 'Camara Manel Rodrigues');
insert into MeioCombate values ( 466, 'Camara Manel Rodrigues');
insert into Acciona values ( 466, 'Camara Manel Rodrigues', 278);
insert into Coordenador values ( 466);
insert into Audita values ( 466, 466, 'Camara Manel Rodrigues', 278, timestamp '2018-11-07 19:47:56', timestamp '2018-11-13 05:06:24', date '2018-11-07', 'Acredito que todo o processo decorreu dentro da lei ainda, termino a auditoria convicto de que não são necessários mais procedimentos.');
insert into Solicita values ( 466, timestamp '2018-01-04 16:41:28', 466, timestamp '2018-11-09 22:42:09', timestamp '2018-11-10 22:51:12');
insert into Camara values ( 467);
insert into Video values ( timestamp '2018-03-24 00:33:25', timestamp '2018-03-24 18:56:44', 467);
insert into SegmentoVideo values ( 0, '26673 seconds', timestamp '2018-03-24 00:33:25', 467);
insert into SegmentoVideo values ( 1, '12879 seconds', timestamp '2018-03-24 00:33:25', 467);
insert into SegmentoVideo values ( 2, '26647 seconds', timestamp '2018-03-24 00:33:25', 467);
insert into Vigia values ( 'Valbom', 467);
insert into ProcessoSocorro values ( 467);
insert into EventoEmergencia values ( '950672265', timestamp '2018-10-01 22:41:08', 'António Guerreiro', 'Valbom', 467);
insert into EntidadeMeio values ( 'Quartel de Ílhavo');
insert into Meio values ( 467, 'Carro', 'Quartel de Ílhavo');
insert into MeioApoio values ( 467, 'Quartel de Ílhavo');
insert into Alocado values ( 467, 'Quartel de Ílhavo', 30, 152);
insert into Acciona values ( 467, 'Quartel de Ílhavo', 152);
insert into Coordenador values ( 467);
insert into Camara values ( 468);
insert into Video values ( timestamp '2018-01-10 02:06:13', timestamp '2018-01-10 04:02:34', 468);
insert into SegmentoVideo values ( 0, '1458 seconds', timestamp '2018-01-10 02:06:13', 468);
insert into SegmentoVideo values ( 1, '5523 seconds', timestamp '2018-01-10 02:06:13', 468);
insert into Vigia values ( 'Valença', 468);
insert into ProcessoSocorro values ( 468);
insert into EventoEmergencia values ( '955465745', timestamp '2018-04-03 01:05:18', 'António Nicolau', 'Valença', 468);
insert into EntidadeMeio values ( 'Quartel Carolina Guerreiro');
insert into Meio values ( 468, 'Maca', 'Quartel Carolina Guerreiro');
insert into MeioApoio values ( 468, 'Quartel Carolina Guerreiro');
insert into Alocado values ( 468, 'Quartel Carolina Guerreiro', 78, 24);
insert into Acciona values ( 468, 'Quartel Carolina Guerreiro', 24);
insert into Coordenador values ( 468);
insert into Camara values ( 469);
insert into Video values ( timestamp '2018-04-11 00:55:23', timestamp '2018-04-11 18:18:54', 469);
insert into SegmentoVideo values ( 0, '49052 seconds', timestamp '2018-04-11 00:55:23', 469);
insert into SegmentoVideo values ( 1, '13559 seconds', timestamp '2018-04-11 00:55:23', 469);
insert into Vigia values ( 'Entroncamento', 469);
insert into ProcessoSocorro values ( 469);
insert into EventoEmergencia values ( '915129628', timestamp '2018-05-09 21:27:12', 'Francisco Gômes', 'Entroncamento', 469);
insert into EntidadeMeio values ( 'Camara António Martinho');
insert into Meio values ( 469, 'Helicoptero', 'Camara António Martinho');
insert into MeioApoio values ( 469, 'Camara António Martinho');
insert into Alocado values ( 469, 'Camara António Martinho', 3, 222);
insert into Acciona values ( 469, 'Camara António Martinho', 222);
insert into Coordenador values ( 469);
insert into Camara values ( 470);
insert into Video values ( timestamp '2018-03-28 14:27:10', timestamp '2018-03-29 12:23:20', 470);
insert into SegmentoVideo values ( 0, '60108 seconds', timestamp '2018-03-28 14:27:10', 470);
insert into SegmentoVideo values ( 1, '18862 seconds', timestamp '2018-03-28 14:27:10', 470);
insert into Vigia values ( 'Vila Nova de Santo André', 470);
insert into ProcessoSocorro values ( 470);
insert into EventoEmergencia values ( '966943946', timestamp '2018-01-07 11:55:35', 'Francisco Margato', 'Vila Nova de Santo André', 470);
insert into EntidadeMeio values ( 'Bombeiros Voluntários de Oliveira do Hospital');
insert into Meio values ( 470, 'Ambulância', 'Bombeiros Voluntários de Oliveira do Hospital');
insert into MeioApoio values ( 470, 'Bombeiros Voluntários de Oliveira do Hospital');
insert into Alocado values ( 470, 'Bombeiros Voluntários de Oliveira do Hospital', 91, 51);
insert into Acciona values ( 470, 'Bombeiros Voluntários de Oliveira do Hospital', 51);
insert into Coordenador values ( 470);
insert into Audita values ( 470, 470, 'Bombeiros Voluntários de Oliveira do Hospital', 51, timestamp '2018-10-29 15:09:02', timestamp '2018-11-06 02:08:15', date '2018-10-29', 'Conclui que denota-se corrupção por parte de várias entidades ainda, termino a auditoria convicto de que não são necessários mais procedimentos.');
insert into Solicita values ( 470, timestamp '2018-03-28 14:27:10', 470, timestamp '2018-11-01 05:14:31', timestamp '2018-11-02 10:04:30');
insert into Camara values ( 471);
insert into Video values ( timestamp '2018-04-03 15:03:38', timestamp '2018-04-04 03:48:11', 471);
insert into SegmentoVideo values ( 0, '30985 seconds', timestamp '2018-04-03 15:03:38', 471);
insert into SegmentoVideo values ( 1, '14888 seconds', timestamp '2018-04-03 15:03:38', 471);
insert into Vigia values ( 'Almada', 471);
insert into ProcessoSocorro values ( 471);
insert into EventoEmergencia values ( '924088874', timestamp '2018-05-14 19:15:22', 'Inês Matos', 'Almada', 471);
insert into EntidadeMeio values ( 'Hospital Pedro Valério');
insert into Meio values ( 471, 'Desfibrilhador', 'Hospital Pedro Valério');
insert into MeioSocorro values ( 471, 'Hospital Pedro Valério');
insert into Transporta values ( 471, 'Hospital Pedro Valério', 4, 435);
insert into Acciona values ( 471, 'Hospital Pedro Valério', 435);
insert into Coordenador values ( 471);
insert into Audita values ( 471, 471, 'Hospital Pedro Valério', 435, timestamp '2018-11-11 09:21:53', timestamp '2018-11-22 03:53:29', date '2018-11-11', 'Com base na minha análise, foram cortados cantos ainda, termino a auditoria convicto de que não são necessários mais procedimentos.');
insert into Solicita values ( 471, timestamp '2018-04-03 15:03:38', 471, timestamp '2018-11-14 07:17:03', timestamp '2018-11-17 14:56:10');
insert into Camara values ( 472);
insert into Video values ( timestamp '2018-06-09 21:37:25', timestamp '2018-06-10 18:42:20', 472);
insert into SegmentoVideo values ( 0, '55228 seconds', timestamp '2018-06-09 21:37:25', 472);
insert into SegmentoVideo values ( 1, '3345 seconds', timestamp '2018-06-09 21:37:25', 472);
insert into SegmentoVideo values ( 2, '11081 seconds', timestamp '2018-06-09 21:37:25', 472);
insert into SegmentoVideo values ( 3, '738 seconds', timestamp '2018-06-09 21:37:25', 472);
insert into SegmentoVideo values ( 4, '5503 seconds', timestamp '2018-06-09 21:37:25', 472);
insert into Vigia values ( 'Espinho', 472);
insert into ProcessoSocorro values ( 472);
insert into EventoEmergencia values ( '947780185', timestamp '2018-04-12 13:44:46', 'Tiago Matos', 'Espinho', 472);
insert into EntidadeMeio values ( 'Junta de São Mamede de Infesta');
insert into Meio values ( 472, 'Maca', 'Junta de São Mamede de Infesta');
insert into MeioApoio values ( 472, 'Junta de São Mamede de Infesta');
insert into Alocado values ( 472, 'Junta de São Mamede de Infesta', 123, 215);
insert into Acciona values ( 472, 'Junta de São Mamede de Infesta', 215);
insert into Coordenador values ( 472);
insert into Camara values ( 473);
insert into Video values ( timestamp '2018-03-17 07:10:59', timestamp '2018-03-18 00:19:54', 473);
insert into SegmentoVideo values ( 0, '45804 seconds', timestamp '2018-03-17 07:10:59', 473);
insert into SegmentoVideo values ( 1, '3361 seconds', timestamp '2018-03-17 07:10:59', 473);
insert into SegmentoVideo values ( 2, '12570 seconds', timestamp '2018-03-17 07:10:59', 473);
insert into Vigia values ( 'Vila Nova de Gaia', 473);
insert into ProcessoSocorro values ( 473);
insert into EventoEmergencia values ( '969438717', timestamp '2018-01-11 20:07:44', 'Rita Rodrigues', 'Vila Nova de Gaia', 473);
insert into EntidadeMeio values ( 'Camara de Ourém');
insert into Meio values ( 473, 'Bombeiros', 'Camara de Ourém');
insert into MeioCombate values ( 473, 'Camara de Ourém');
insert into Acciona values ( 473, 'Camara de Ourém', 363);
insert into Coordenador values ( 473);
insert into Audita values ( 473, 473, 'Camara de Ourém', 363, timestamp '2018-09-05 20:12:16', timestamp '2018-11-17 17:35:36', date '2018-09-05', 'Com base na minha análise, foram cortados cantos ainda, termino a auditoria convicto de que não são necessários mais procedimentos.');
insert into Solicita values ( 473, timestamp '2018-03-17 07:10:59', 473, timestamp '2018-10-23 08:42:10', timestamp '2018-11-13 12:18:56');
insert into Camara values ( 474);
insert into Video values ( timestamp '2018-07-01 11:34:25', timestamp '2018-07-02 08:57:26', 474);
insert into SegmentoVideo values ( 0, '72869 seconds', timestamp '2018-07-01 11:34:25', 474);
insert into SegmentoVideo values ( 1, '2913 seconds', timestamp '2018-07-01 11:34:25', 474);
insert into SegmentoVideo values ( 2, '1199 seconds', timestamp '2018-07-01 11:34:25', 474);
insert into Vigia values ( 'Lixa', 474);
insert into ProcessoSocorro values ( 474);
insert into EventoEmergencia values ( '924120387', timestamp '2018-02-25 08:21:18', 'Manel Abreu', 'Lixa', 474);
insert into EntidadeMeio values ( 'Hospital de Macedo de Cavaleiros');
insert into Meio values ( 474, 'Médico', 'Hospital de Macedo de Cavaleiros');
insert into MeioSocorro values ( 474, 'Hospital de Macedo de Cavaleiros');
insert into Transporta values ( 474, 'Hospital de Macedo de Cavaleiros', 6, 384);
insert into Acciona values ( 474, 'Hospital de Macedo de Cavaleiros', 384);
insert into Coordenador values ( 474);
insert into Audita values ( 474, 474, 'Hospital de Macedo de Cavaleiros', 384, timestamp '2018-08-01 15:18:52', timestamp '2018-08-21 16:09:58', date '2018-08-01', 'Conclui que denota-se corrupção por parte de várias entidades por fim deixo a indicação de que uma maior investigação será necessária.');
insert into Solicita values ( 474, timestamp '2018-07-01 11:34:25', 474, timestamp '2018-08-17 18:15:20', timestamp '2018-08-20 03:05:33');
insert into Camara values ( 475);
insert into Video values ( timestamp '2018-02-23 16:37:33', timestamp '2018-02-24 12:04:27', 475);
insert into SegmentoVideo values ( 0, '6184 seconds', timestamp '2018-02-23 16:37:33', 475);
insert into SegmentoVideo values ( 1, '14642 seconds', timestamp '2018-02-23 16:37:33', 475);
insert into SegmentoVideo values ( 2, '25072 seconds', timestamp '2018-02-23 16:37:33', 475);
insert into SegmentoVideo values ( 3, '24116 seconds', timestamp '2018-02-23 16:37:33', 475);
insert into Vigia values ( 'Reguengos de Monsaraz', 475);
insert into ProcessoSocorro values ( 475);
insert into EventoEmergencia values ( '968194190', timestamp '2018-11-20 21:44:37', 'Miguel Vitorino', 'Reguengos de Monsaraz', 475);
insert into EntidadeMeio values ( 'Bombeiros Municipais Manel Valério');
insert into Meio values ( 475, 'Ambulância', 'Bombeiros Municipais Manel Valério');
insert into MeioApoio values ( 475, 'Bombeiros Municipais Manel Valério');
insert into Alocado values ( 475, 'Bombeiros Municipais Manel Valério', 54, 186);
insert into Acciona values ( 475, 'Bombeiros Municipais Manel Valério', 186);
insert into Coordenador values ( 475);
insert into Audita values ( 475, 475, 'Bombeiros Municipais Manel Valério', 186, timestamp '2018-11-18 03:11:43', timestamp '2018-11-22 10:03:34', date '2018-11-18', 'Tendo concluido a minha auditoria, denota-se corrupção por parte de várias entidades por fim deixo a indicação de que uma maior investigação será necessária.');
insert into Solicita values ( 475, timestamp '2018-02-23 16:37:33', 475, timestamp '2018-11-18 21:10:57', timestamp '2018-11-19 00:15:55');
insert into Camara values ( 476);
insert into Video values ( timestamp '2018-10-12 22:21:57', timestamp '2018-10-13 11:59:39', 476);
insert into SegmentoVideo values ( 0, '33842 seconds', timestamp '2018-10-12 22:21:57', 476);
insert into SegmentoVideo values ( 1, '9665 seconds', timestamp '2018-10-12 22:21:57', 476);
insert into SegmentoVideo values ( 2, '5555 seconds', timestamp '2018-10-12 22:21:57', 476);
insert into Vigia values ( 'Alcácer do Sal', 476);
insert into ProcessoSocorro values ( 476);
insert into EventoEmergencia values ( '912730824', timestamp '2018-01-13 21:59:06', 'Pedro Guerreiro', 'Alcácer do Sal', 476);
insert into EntidadeMeio values ( 'Bombeiros Voluntários de Abrantes');
insert into Meio values ( 476, 'Mâscaras de fumo', 'Bombeiros Voluntários de Abrantes');
insert into MeioCombate values ( 476, 'Bombeiros Voluntários de Abrantes');
insert into Acciona values ( 476, 'Bombeiros Voluntários de Abrantes', 7);
insert into Coordenador values ( 476);
insert into Audita values ( 476, 476, 'Bombeiros Voluntários de Abrantes', 7, timestamp '2018-08-12 07:00:08', timestamp '2018-11-07 02:57:39', date '2018-08-12', 'Estou convicto que denota-se corrupção por parte de várias entidades por fim deixo a indicação de que uma maior investigação será necessária.');
insert into Solicita values ( 476, timestamp '2018-10-12 22:21:57', 476, timestamp '2018-09-10 04:21:45', timestamp '2018-09-21 14:28:37');
insert into Camara values ( 477);
insert into Video values ( timestamp '2018-02-05 05:11:07', timestamp '2018-02-05 20:39:21', 477);
insert into SegmentoVideo values ( 0, '15493 seconds', timestamp '2018-02-05 05:11:07', 477);
insert into SegmentoVideo values ( 1, '40201 seconds', timestamp '2018-02-05 05:11:07', 477);
insert into Vigia values ( 'Santo Tirso', 477);
insert into ProcessoSocorro values ( 477);
insert into EventoEmergencia values ( '946099297', timestamp '2018-07-17 09:27:46', 'Cristiana Gômes', 'Santo Tirso', 477);
insert into EntidadeMeio values ( 'Bombeiros Municipais de Alcobaça');
insert into Meio values ( 477, 'Paramédico', 'Bombeiros Municipais de Alcobaça');
insert into MeioSocorro values ( 477, 'Bombeiros Municipais de Alcobaça');
insert into Transporta values ( 477, 'Bombeiros Municipais de Alcobaça', 6, 68);
insert into Acciona values ( 477, 'Bombeiros Municipais de Alcobaça', 68);
insert into Coordenador values ( 477);
insert into Audita values ( 477, 477, 'Bombeiros Municipais de Alcobaça', 68, timestamp '2018-11-19 20:05:22', timestamp '2018-11-22 13:31:02', date '2018-11-19', 'Conclui que foram realizados todos os possíveis para alcançar um boa resolução assim dou por concluida esta auditoria.');
insert into Solicita values ( 477, timestamp '2018-02-05 05:11:07', 477, timestamp '2018-11-21 21:55:23', timestamp '2018-11-22 04:42:38');
insert into Camara values ( 478);
insert into Video values ( timestamp '2018-04-07 17:45:05', timestamp '2018-04-08 02:06:18', 478);
insert into SegmentoVideo values ( 0, '19554 seconds', timestamp '2018-04-07 17:45:05', 478);
insert into SegmentoVideo values ( 1, '10519 seconds', timestamp '2018-04-07 17:45:05', 478);
insert into Vigia values ( 'Odivelas', 478);
insert into ProcessoSocorro values ( 478);
insert into EventoEmergencia values ( '941330111', timestamp '2018-08-19 11:47:26', 'Ana Gômes', 'Odivelas', 478);
insert into EntidadeMeio values ( 'Camara Ana Margato');
insert into Meio values ( 478, 'Drone', 'Camara Ana Margato');
insert into MeioSocorro values ( 478, 'Camara Ana Margato');
insert into Transporta values ( 478, 'Camara Ana Margato', 4, 84);
insert into Acciona values ( 478, 'Camara Ana Margato', 84);
insert into Coordenador values ( 478);
insert into Camara values ( 479);
insert into Video values ( timestamp '2018-03-10 08:38:42', timestamp '2018-03-10 17:44:54', 479);
insert into SegmentoVideo values ( 0, '6460 seconds', timestamp '2018-03-10 08:38:42', 479);
insert into SegmentoVideo values ( 1, '26312 seconds', timestamp '2018-03-10 08:38:42', 479);
insert into Vigia values ( 'Queluz', 479);
insert into ProcessoSocorro values ( 479);
insert into EventoEmergencia values ( '957488197', timestamp '2018-09-19 08:26:12', 'Catarina Margato', 'Queluz', 479);
insert into EntidadeMeio values ( 'Esquadra Manel Correia');
insert into Meio values ( 479, 'Rações', 'Esquadra Manel Correia');
insert into MeioCombate values ( 479, 'Esquadra Manel Correia');
insert into Acciona values ( 479, 'Esquadra Manel Correia', 375);
insert into Coordenador values ( 479);
insert into Camara values ( 480);
insert into Video values ( timestamp '2018-06-09 07:33:24', timestamp '2018-06-10 02:49:54', 480);
insert into SegmentoVideo values ( 0, '19251 seconds', timestamp '2018-06-09 07:33:24', 480);
insert into SegmentoVideo values ( 1, '50139 seconds', timestamp '2018-06-09 07:33:24', 480);
insert into Vigia values ( 'Guarda', 480);
insert into ProcessoSocorro values ( 480);
insert into EventoEmergencia values ( '961255839', timestamp '2018-04-25 20:57:08', 'João Vitorino', 'Guarda', 480);
insert into EntidadeMeio values ( 'Quartel de Setúbal');
insert into Meio values ( 480, 'Psicólogo', 'Quartel de Setúbal');
insert into MeioSocorro values ( 480, 'Quartel de Setúbal');
insert into Transporta values ( 480, 'Quartel de Setúbal', 1, 277);
insert into Acciona values ( 480, 'Quartel de Setúbal', 277);
insert into Coordenador values ( 480);
insert into Audita values ( 480, 480, 'Quartel de Setúbal', 277, timestamp '2018-02-07 00:11:08', timestamp '2018-06-25 04:04:55', date '2018-02-07', 'Com base na minha análise, denota-se corrupção por parte de várias entidades assim dou por concluida esta auditoria.');
insert into Solicita values ( 480, timestamp '2018-06-09 07:33:24', 480, timestamp '2018-03-26 00:55:09', timestamp '2018-04-16 01:09:37');
insert into Camara values ( 481);
insert into Video values ( timestamp '2018-04-07 08:42:23', timestamp '2018-04-08 03:11:06', 481);
insert into SegmentoVideo values ( 0, '38688 seconds', timestamp '2018-04-07 08:42:23', 481);
insert into SegmentoVideo values ( 1, '27835 seconds', timestamp '2018-04-07 08:42:23', 481);
insert into Vigia values ( 'Amora', 481);
insert into ProcessoSocorro values ( 481);
insert into EventoEmergencia values ( '937836171', timestamp '2018-11-12 11:55:40', 'João Margato', 'Amora', 481);
insert into EntidadeMeio values ( 'Esquadra Cristiana Silva');
insert into Meio values ( 481, 'Carro', 'Esquadra Cristiana Silva');
insert into MeioApoio values ( 481, 'Esquadra Cristiana Silva');
insert into Alocado values ( 481, 'Esquadra Cristiana Silva', 105, 297);
insert into Acciona values ( 481, 'Esquadra Cristiana Silva', 297);
insert into Coordenador values ( 481);
insert into Audita values ( 481, 481, 'Esquadra Cristiana Silva', 297, timestamp '2018-11-12 11:27:44', timestamp '2018-11-15 20:03:40', date '2018-11-12', 'Estou convicto que foram cortados cantos assim dou por concluida esta auditoria.');
insert into Solicita values ( 481, timestamp '2018-04-07 08:42:23', 481, timestamp '2018-11-13 13:00:22', timestamp '2018-11-14 16:47:14');
insert into Camara values ( 482);
insert into Video values ( timestamp '2018-05-20 07:23:54', timestamp '2018-05-20 17:33:11', 482);
insert into SegmentoVideo values ( 0, '7057 seconds', timestamp '2018-05-20 07:23:54', 482);
insert into SegmentoVideo values ( 1, '25143 seconds', timestamp '2018-05-20 07:23:54', 482);
insert into SegmentoVideo values ( 2, '4357 seconds', timestamp '2018-05-20 07:23:54', 482);
insert into Vigia values ( 'Paços de Ferreira', 482);
insert into ProcessoSocorro values ( 482);
insert into EventoEmergencia values ( '961820081', timestamp '2018-06-07 20:02:11', 'Catarina Coelho', 'Paços de Ferreira', 482);
insert into EntidadeMeio values ( 'Bombeiros Municipais de Porto');
insert into Meio values ( 482, 'Desfibrilhador', 'Bombeiros Municipais de Porto');
insert into MeioSocorro values ( 482, 'Bombeiros Municipais de Porto');
insert into Transporta values ( 482, 'Bombeiros Municipais de Porto', 1, 186);
insert into Acciona values ( 482, 'Bombeiros Municipais de Porto', 186);
insert into Coordenador values ( 482);
insert into Audita values ( 482, 482, 'Bombeiros Municipais de Porto', 186, timestamp '2018-11-10 13:57:06', timestamp '2018-11-21 02:16:07', date '2018-11-10', 'Tendo concluido a minha auditoria, denota-se corrupção por parte de várias entidades assim dou por concluida esta auditoria.');
insert into Solicita values ( 482, timestamp '2018-05-20 07:23:54', 482, timestamp '2018-11-10 16:11:20', timestamp '2018-11-13 09:13:54');
insert into Camara values ( 483);
insert into Video values ( timestamp '2018-02-28 09:08:19', timestamp '2018-02-28 20:56:09', 483);
insert into SegmentoVideo values ( 0, '37628 seconds', timestamp '2018-02-28 09:08:19', 483);
insert into SegmentoVideo values ( 1, '2380 seconds', timestamp '2018-02-28 09:08:19', 483);
insert into SegmentoVideo values ( 2, '2462 seconds', timestamp '2018-02-28 09:08:19', 483);
insert into Vigia values ( 'Agualva-Cacém', 483);
insert into ProcessoSocorro values ( 483);
insert into EventoEmergencia values ( '962144370', timestamp '2018-07-24 00:36:20', 'Catarina Matos', 'Agualva-Cacém', 483);
insert into EntidadeMeio values ( 'Junta Cristiana Correia');
insert into Meio values ( 483, 'Helicoptero', 'Junta Cristiana Correia');
insert into MeioApoio values ( 483, 'Junta Cristiana Correia');
insert into Alocado values ( 483, 'Junta Cristiana Correia', 160, 134);
insert into Acciona values ( 483, 'Junta Cristiana Correia', 134);
insert into Coordenador values ( 483);
insert into Audita values ( 483, 483, 'Junta Cristiana Correia', 134, timestamp '2018-11-14 15:06:38', timestamp '2018-11-21 21:54:10', date '2018-11-14', 'Tendo concluido a minha auditoria, denota-se corrupção por parte de várias entidades por fim deixo a indicação de que uma maior investigação será necessária.');
insert into Solicita values ( 483, timestamp '2018-02-28 09:08:19', 483, timestamp '2018-11-18 14:09:29', timestamp '2018-11-18 17:23:14');
insert into Camara values ( 484);
insert into Video values ( timestamp '2018-11-05 13:40:54', timestamp '2018-11-05 18:54:17', 484);
insert into SegmentoVideo values ( 0, '10028 seconds', timestamp '2018-11-05 13:40:54', 484);
insert into SegmentoVideo values ( 1, '6661 seconds', timestamp '2018-11-05 13:40:54', 484);
insert into SegmentoVideo values ( 2, '1276 seconds', timestamp '2018-11-05 13:40:54', 484);
insert into SegmentoVideo values ( 3, '838.0 seconds', timestamp '2018-11-05 13:40:54', 484);
insert into Vigia values ( 'Ponta Delgada', 484);
insert into ProcessoSocorro values ( 484);
insert into EventoEmergencia values ( '925687080', timestamp '2018-09-05 12:42:32', 'António Abreu', 'Ponta Delgada', 484);
insert into EntidadeMeio values ( 'Fundação de Peso da Régua');
insert into Meio values ( 484, 'Psicólogo', 'Fundação de Peso da Régua');
insert into MeioSocorro values ( 484, 'Fundação de Peso da Régua');
insert into Transporta values ( 484, 'Fundação de Peso da Régua', 2, 159);
insert into Acciona values ( 484, 'Fundação de Peso da Régua', 159);
insert into Coordenador values ( 484);
insert into Camara values ( 485);
insert into Video values ( timestamp '2018-04-04 09:52:38', timestamp '2018-04-05 03:50:40', 485);
insert into SegmentoVideo values ( 0, '49131 seconds', timestamp '2018-04-04 09:52:38', 485);
insert into SegmentoVideo values ( 1, '7964 seconds', timestamp '2018-04-04 09:52:38', 485);
insert into SegmentoVideo values ( 2, '460 seconds', timestamp '2018-04-04 09:52:38', 485);
insert into SegmentoVideo values ( 3, '7127 seconds', timestamp '2018-04-04 09:52:38', 485);
insert into Vigia values ( 'Mirandela', 485);
insert into ProcessoSocorro values ( 485);
insert into EventoEmergencia values ( '963881587', timestamp '2018-01-02 22:46:28', 'Ana Valério', 'Mirandela', 485);
insert into EntidadeMeio values ( 'Bombeiros Voluntários Daniel Abreu');
insert into Meio values ( 485, 'Esquadrão', 'Bombeiros Voluntários Daniel Abreu');
insert into MeioCombate values ( 485, 'Bombeiros Voluntários Daniel Abreu');
insert into Acciona values ( 485, 'Bombeiros Voluntários Daniel Abreu', 208);
insert into Coordenador values ( 485);
insert into Audita values ( 485, 485, 'Bombeiros Voluntários Daniel Abreu', 208, timestamp '2018-08-16 02:01:32', timestamp '2018-09-05 00:34:58', date '2018-08-16', 'Acredito que denota-se corrupção por parte de várias entidades ainda, termino a auditoria convicto de que não são necessários mais procedimentos.');
insert into Solicita values ( 485, timestamp '2018-04-04 09:52:38', 485, timestamp '2018-08-18 20:02:45', timestamp '2018-08-24 20:18:42');
insert into Camara values ( 486);
insert into Video values ( timestamp '2018-07-28 21:46:27', timestamp '2018-07-29 02:19:41', 486);
insert into SegmentoVideo values ( 0, '8038 seconds', timestamp '2018-07-28 21:46:27', 486);
insert into SegmentoVideo values ( 1, '8356 seconds', timestamp '2018-07-28 21:46:27', 486);
insert into Vigia values ( 'Vale de Cambra', 486);
insert into ProcessoSocorro values ( 486);
insert into EventoEmergencia values ( '969543004', timestamp '2018-01-11 06:48:46', 'Inês Abreu', 'Vale de Cambra', 486);
insert into EntidadeMeio values ( 'Junta de Senhora da Hora');
insert into Meio values ( 486, 'Psicólogo', 'Junta de Senhora da Hora');
insert into MeioSocorro values ( 486, 'Junta de Senhora da Hora');
insert into Transporta values ( 486, 'Junta de Senhora da Hora', 3, 484);
insert into Acciona values ( 486, 'Junta de Senhora da Hora', 484);
insert into Coordenador values ( 486);
insert into Camara values ( 487);
insert into Video values ( timestamp '2018-10-19 22:27:28', timestamp '2018-10-20 21:16:10', 487);
insert into SegmentoVideo values ( 0, '1037 seconds', timestamp '2018-10-19 22:27:28', 487);
insert into SegmentoVideo values ( 1, '13490 seconds', timestamp '2018-10-19 22:27:28', 487);
insert into SegmentoVideo values ( 2, '67595 seconds', timestamp '2018-10-19 22:27:28', 487);
insert into Vigia values ( 'São Mamede de Infesta', 487);
insert into ProcessoSocorro values ( 487);
insert into EventoEmergencia values ( '947739216', timestamp '2018-09-25 00:05:34', 'Rita Abreu', 'São Mamede de Infesta', 487);
insert into EntidadeMeio values ( 'Junta Inês Figueiredo');
insert into Meio values ( 487, 'Mâscaras de fumo', 'Junta Inês Figueiredo');
insert into MeioCombate values ( 487, 'Junta Inês Figueiredo');
insert into Acciona values ( 487, 'Junta Inês Figueiredo', 266);
insert into Coordenador values ( 487);
insert into Audita values ( 487, 487, 'Junta Inês Figueiredo', 266, timestamp '2018-07-16 10:55:24', timestamp '2018-11-13 05:21:41', date '2018-07-16', 'Estou convicto que foram cortados cantos assim dou por concluida esta auditoria.');
insert into Solicita values ( 487, timestamp '2018-10-19 22:27:28', 487, timestamp '2018-10-03 08:56:16', timestamp '2018-10-15 11:23:18');
insert into Camara values ( 488);
insert into Video values ( timestamp '2018-04-09 09:38:29', timestamp '2018-04-10 05:27:27', 488);
insert into SegmentoVideo values ( 0, '28220 seconds', timestamp '2018-04-09 09:38:29', 488);
insert into SegmentoVideo values ( 1, '39349 seconds', timestamp '2018-04-09 09:38:29', 488);
insert into SegmentoVideo values ( 2, '3769 seconds', timestamp '2018-04-09 09:38:29', 488);
insert into Vigia values ( 'Sabugal', 488);
insert into ProcessoSocorro values ( 488);
insert into EventoEmergencia values ( '944964261', timestamp '2018-03-06 18:38:00', 'João Antunes', 'Sabugal', 488);
insert into EntidadeMeio values ( 'Junta de Lagos');
insert into Meio values ( 488, 'Helicoptero', 'Junta de Lagos');
insert into MeioApoio values ( 488, 'Junta de Lagos');
insert into Alocado values ( 488, 'Junta de Lagos', 8, 306);
insert into Acciona values ( 488, 'Junta de Lagos', 306);
insert into Coordenador values ( 488);
insert into Audita values ( 488, 488, 'Junta de Lagos', 306, timestamp '2018-11-10 08:46:33', timestamp '2018-11-18 16:53:08', date '2018-11-10', 'Com base na minha análise, todo o processo decorreu dentro da lei por fim deixo a indicação de que uma maior investigação será necessária.');
insert into Solicita values ( 488, timestamp '2018-04-09 09:38:29', 488, timestamp '2018-11-15 05:08:37', timestamp '2018-11-17 14:21:45');
insert into Camara values ( 489);
insert into Video values ( timestamp '2018-03-08 02:22:02', timestamp '2018-03-08 12:21:26', 489);
insert into SegmentoVideo values ( 0, '23798 seconds', timestamp '2018-03-08 02:22:02', 489);
insert into SegmentoVideo values ( 1, '12166 seconds', timestamp '2018-03-08 02:22:02', 489);
insert into Vigia values ( 'Ovar', 489);
insert into ProcessoSocorro values ( 489);
insert into EventoEmergencia values ( '947302710', timestamp '2018-11-15 03:26:48', 'Manel Silva', 'Ovar', 489);
insert into EntidadeMeio values ( 'Esquadra de Fátima');
insert into Meio values ( 489, 'Mâscaras de fumo', 'Esquadra de Fátima');
insert into MeioCombate values ( 489, 'Esquadra de Fátima');
insert into Acciona values ( 489, 'Esquadra de Fátima', 362);
insert into Coordenador values ( 489);
insert into Audita values ( 489, 489, 'Esquadra de Fátima', 362, timestamp '2018-11-18 16:56:06', timestamp '2018-11-24 09:24:05', date '2018-11-18', 'Conclui que foram cortados cantos por fim deixo a indicação de que uma maior investigação será necessária.');
insert into Solicita values ( 489, timestamp '2018-03-08 02:22:02', 489, timestamp '2018-11-23 01:52:48', timestamp '2018-11-23 06:33:18');
insert into Camara values ( 490);
insert into Video values ( timestamp '2018-08-02 04:52:58', timestamp '2018-08-02 23:17:08', 490);
insert into SegmentoVideo values ( 0, '46120 seconds', timestamp '2018-08-02 04:52:58', 490);
insert into SegmentoVideo values ( 1, '16700 seconds', timestamp '2018-08-02 04:52:58', 490);
insert into SegmentoVideo values ( 2, '3430 seconds', timestamp '2018-08-02 04:52:58', 490);
insert into Vigia values ( 'Loures', 490);
insert into ProcessoSocorro values ( 490);
insert into EventoEmergencia values ( '965612879', timestamp '2018-02-15 01:34:22', 'Catarina Abreu', 'Loures', 490);
insert into EntidadeMeio values ( 'Fundação Cristiana Figueiredo');
insert into Meio values ( 490, 'Maca', 'Fundação Cristiana Figueiredo');
insert into MeioApoio values ( 490, 'Fundação Cristiana Figueiredo');
insert into Alocado values ( 490, 'Fundação Cristiana Figueiredo', 67, 223);
insert into Acciona values ( 490, 'Fundação Cristiana Figueiredo', 223);
insert into Coordenador values ( 490);
insert into Camara values ( 491);
insert into Video values ( timestamp '2018-08-11 06:10:00', timestamp '2018-08-11 23:04:39', 491);
insert into SegmentoVideo values ( 0, '2968 seconds', timestamp '2018-08-11 06:10:00', 491);
insert into SegmentoVideo values ( 1, '53640 seconds', timestamp '2018-08-11 06:10:00', 491);
insert into SegmentoVideo values ( 2, '4271 seconds', timestamp '2018-08-11 06:10:00', 491);
insert into Vigia values ( 'Gandra', 491);
insert into ProcessoSocorro values ( 491);
insert into EventoEmergencia values ( '941089914', timestamp '2018-08-17 10:28:46', 'João Matos', 'Gandra', 491);
insert into EntidadeMeio values ( 'Bombeiros Municipais Manel Matos');
insert into Meio values ( 491, 'Psicólogo', 'Bombeiros Municipais Manel Matos');
insert into MeioSocorro values ( 491, 'Bombeiros Municipais Manel Matos');
insert into Transporta values ( 491, 'Bombeiros Municipais Manel Matos', 3, 248);
insert into Acciona values ( 491, 'Bombeiros Municipais Manel Matos', 248);
insert into Coordenador values ( 491);
insert into Camara values ( 492);
insert into Video values ( timestamp '2018-01-07 21:35:28', timestamp '2018-01-08 18:40:00', 492);
insert into SegmentoVideo values ( 0, '1558 seconds', timestamp '2018-01-07 21:35:28', 492);
insert into SegmentoVideo values ( 1, '74314 seconds', timestamp '2018-01-07 21:35:28', 492);
insert into Vigia values ( 'Ponta Delgada', 492);
insert into ProcessoSocorro values ( 492);
insert into EventoEmergencia values ( '937857131', timestamp '2018-11-08 23:55:41', 'Rita Coelho', 'Ponta Delgada', 492);
insert into EntidadeMeio values ( 'Esquadra Joana Nogueira');
insert into Meio values ( 492, 'Helicoptero', 'Esquadra Joana Nogueira');
insert into MeioApoio values ( 492, 'Esquadra Joana Nogueira');
insert into Alocado values ( 492, 'Esquadra Joana Nogueira', 111, 183);
insert into Acciona values ( 492, 'Esquadra Joana Nogueira', 183);
insert into Coordenador values ( 492);
insert into Camara values ( 493);
insert into Video values ( timestamp '2018-03-04 06:17:15', timestamp '2018-03-05 01:03:39', 493);
insert into SegmentoVideo values ( 0, '5350 seconds', timestamp '2018-03-04 06:17:15', 493);
insert into SegmentoVideo values ( 1, '62234 seconds', timestamp '2018-03-04 06:17:15', 493);
insert into Vigia values ( 'Tavira', 493);
insert into ProcessoSocorro values ( 493);
insert into EventoEmergencia values ( '961276154', timestamp '2018-09-03 19:47:26', 'Marta Guerreiro', 'Tavira', 493);
insert into EntidadeMeio values ( 'Hospital Carolina Silva');
insert into Meio values ( 493, 'Garrafas de água', 'Hospital Carolina Silva');
insert into MeioSocorro values ( 493, 'Hospital Carolina Silva');
insert into Transporta values ( 493, 'Hospital Carolina Silva', 5, 488);
insert into Acciona values ( 493, 'Hospital Carolina Silva', 488);
insert into Coordenador values ( 493);
insert into Camara values ( 494);
insert into Video values ( timestamp '2018-02-16 14:10:31', timestamp '2018-02-17 03:32:20', 494);
insert into SegmentoVideo values ( 0, '35939 seconds', timestamp '2018-02-16 14:10:31', 494);
insert into SegmentoVideo values ( 1, '12170 seconds', timestamp '2018-02-16 14:10:31', 494);
insert into Vigia values ( 'Rio Maior', 494);
insert into ProcessoSocorro values ( 494);
insert into EventoEmergencia values ( '965564199', timestamp '2018-03-07 09:51:41', 'Daniel Martinho', 'Rio Maior', 494);
insert into EntidadeMeio values ( 'Bombeiros Voluntários de Praia da Vitória');
insert into Meio values ( 494, 'Ambulância', 'Bombeiros Voluntários de Praia da Vitória');
insert into MeioApoio values ( 494, 'Bombeiros Voluntários de Praia da Vitória');
insert into Alocado values ( 494, 'Bombeiros Voluntários de Praia da Vitória', 11, 482);
insert into Acciona values ( 494, 'Bombeiros Voluntários de Praia da Vitória', 482);
insert into Coordenador values ( 494);
insert into Audita values ( 494, 494, 'Bombeiros Voluntários de Praia da Vitória', 482, timestamp '2018-09-05 07:12:42', timestamp '2018-10-31 06:27:31', date '2018-09-05', 'Com base na minha análise, foram cortados cantos ainda, termino a auditoria convicto de que não são necessários mais procedimentos.');
insert into Solicita values ( 494, timestamp '2018-02-16 14:10:31', 494, timestamp '2018-09-27 19:06:20', timestamp '2018-10-07 11:16:08');
insert into Camara values ( 495);
insert into Video values ( timestamp '2018-07-24 14:17:07', timestamp '2018-07-25 02:56:09', 495);
insert into SegmentoVideo values ( 0, '19757 seconds', timestamp '2018-07-24 14:17:07', 495);
insert into SegmentoVideo values ( 1, '25785 seconds', timestamp '2018-07-24 14:17:07', 495);
insert into Vigia values ( 'Gondomar', 495);
insert into ProcessoSocorro values ( 495);
insert into EventoEmergencia values ( '945827200', timestamp '2018-09-04 15:31:28', 'Pedro Coelho', 'Gondomar', 495);
insert into EntidadeMeio values ( 'Quartel Carolina Valério');
insert into Meio values ( 495, 'Rações', 'Quartel Carolina Valério');
insert into MeioCombate values ( 495, 'Quartel Carolina Valério');
insert into Acciona values ( 495, 'Quartel Carolina Valério', 112);
insert into Coordenador values ( 495);
insert into Audita values ( 495, 495, 'Quartel Carolina Valério', 112, timestamp '2018-11-17 22:56:16', timestamp '2018-11-19 18:36:58', date '2018-11-17', 'Estou convicto que foram realizados todos os possíveis para alcançar um boa resolução assim dou por concluida esta auditoria.');
insert into Solicita values ( 495, timestamp '2018-07-24 14:17:07', 495, timestamp '2018-11-18 14:59:27', timestamp '2018-11-19 05:45:44');
insert into Camara values ( 496);
insert into Video values ( timestamp '2018-04-21 18:25:43', timestamp '2018-04-22 15:33:55', 496);
insert into SegmentoVideo values ( 0, '28808 seconds', timestamp '2018-04-21 18:25:43', 496);
insert into SegmentoVideo values ( 1, '6360 seconds', timestamp '2018-04-21 18:25:43', 496);
insert into SegmentoVideo values ( 2, '38970 seconds', timestamp '2018-04-21 18:25:43', 496);
insert into SegmentoVideo values ( 3, '1954 seconds', timestamp '2018-04-21 18:25:43', 496);
insert into Vigia values ( 'Torres Vedras', 496);
insert into ProcessoSocorro values ( 496);
insert into EventoEmergencia values ( '968431704', timestamp '2018-06-17 08:38:56', 'Inês Coelho', 'Torres Vedras', 496);
insert into EntidadeMeio values ( 'Fundação de Ovar');
insert into Meio values ( 496, 'Drone', 'Fundação de Ovar');
insert into MeioSocorro values ( 496, 'Fundação de Ovar');
insert into Transporta values ( 496, 'Fundação de Ovar', 4, 178);
insert into Acciona values ( 496, 'Fundação de Ovar', 178);
insert into Coordenador values ( 496);
insert into Camara values ( 497);
insert into Video values ( timestamp '2018-07-19 13:43:58', timestamp '2018-07-20 02:31:54', 497);
insert into SegmentoVideo values ( 0, '3134 seconds', timestamp '2018-07-19 13:43:58', 497);
insert into SegmentoVideo values ( 1, '11281 seconds', timestamp '2018-07-19 13:43:58', 497);
insert into SegmentoVideo values ( 2, '19308 seconds', timestamp '2018-07-19 13:43:58', 497);
insert into SegmentoVideo values ( 3, '5655 seconds', timestamp '2018-07-19 13:43:58', 497);
insert into SegmentoVideo values ( 4, '6698 seconds', timestamp '2018-07-19 13:43:58', 497);
insert into Vigia values ( 'Barreiro', 497);
insert into ProcessoSocorro values ( 497);
insert into EventoEmergencia values ( '926012202', timestamp '2018-01-23 13:22:23', 'Carolina Nogueira', 'Barreiro', 497);
insert into EntidadeMeio values ( 'Esquadra Carolina Correia');
insert into Meio values ( 497, 'Paramédico', 'Esquadra Carolina Correia');
insert into MeioSocorro values ( 497, 'Esquadra Carolina Correia');
insert into Transporta values ( 497, 'Esquadra Carolina Correia', 1, 424);
insert into Acciona values ( 497, 'Esquadra Carolina Correia', 424);
insert into Coordenador values ( 497);
insert into Audita values ( 497, 497, 'Esquadra Carolina Correia', 424, timestamp '2018-06-05 19:05:58', timestamp '2018-10-12 21:46:33', date '2018-06-05', 'Estou convicto que denota-se corrupção por parte de várias entidades assim dou por concluida esta auditoria.');
insert into Solicita values ( 497, timestamp '2018-07-19 13:43:58', 497, timestamp '2018-09-25 20:49:49', timestamp '2018-10-12 21:46:22');
insert into Camara values ( 498);
insert into Video values ( timestamp '2018-05-29 06:25:11', timestamp '2018-05-30 02:32:13', 498);
insert into SegmentoVideo values ( 0, '70625 seconds', timestamp '2018-05-29 06:25:11', 498);
insert into SegmentoVideo values ( 1, '1797.0 seconds', timestamp '2018-05-29 06:25:11', 498);
insert into Vigia values ( 'Loulé', 498);
insert into ProcessoSocorro values ( 498);
insert into EventoEmergencia values ( '958701566', timestamp '2018-04-25 09:16:33', 'Inês Vitorino', 'Loulé', 498);
insert into EntidadeMeio values ( 'Fundação de Porto');
insert into Meio values ( 498, 'Camião', 'Fundação de Porto');
insert into MeioApoio values ( 498, 'Fundação de Porto');
insert into Alocado values ( 498, 'Fundação de Porto', 165, 3);
insert into Acciona values ( 498, 'Fundação de Porto', 3);
insert into Coordenador values ( 498);
insert into Camara values ( 499);
insert into Video values ( timestamp '2018-05-13 04:26:20', timestamp '2018-05-13 07:08:30', 499);
insert into SegmentoVideo values ( 0, '3369 seconds', timestamp '2018-05-13 04:26:20', 499);
insert into SegmentoVideo values ( 1, '6361 seconds', timestamp '2018-05-13 04:26:20', 499);
insert into Vigia values ( 'Entroncamento', 499);
insert into ProcessoSocorro values ( 499);
insert into EventoEmergencia values ( '948185626', timestamp '2018-03-13 16:27:36', 'Marta Margato', 'Entroncamento', 499);
insert into EntidadeMeio values ( 'Esquadra de Marinha Grande');
insert into Meio values ( 499, 'Esquadrão', 'Esquadra de Marinha Grande');
insert into MeioCombate values ( 499, 'Esquadra de Marinha Grande');
insert into Acciona values ( 499, 'Esquadra de Marinha Grande', 453);
insert into Coordenador values ( 499);
insert into Camara values ( 500);
insert into Video values ( timestamp '2018-08-27 02:24:47', timestamp '2018-08-27 06:40:48', 500);
insert into SegmentoVideo values ( 0, '4009 seconds', timestamp '2018-08-27 02:24:47', 500);
insert into SegmentoVideo values ( 1, '11352 seconds', timestamp '2018-08-27 02:24:47', 500);
insert into Vigia values ( 'Amora', 500);
insert into ProcessoSocorro values ( 500);
insert into EventoEmergencia values ( '923735435', timestamp '2018-04-11 18:43:25', 'João Valério', 'Amora', 500);
insert into EntidadeMeio values ( 'Quartel de Gondomar');
insert into Meio values ( 500, 'Médico', 'Quartel de Gondomar');
insert into MeioSocorro values ( 500, 'Quartel de Gondomar');
insert into Transporta values ( 500, 'Quartel de Gondomar', 4, 256);
insert into Acciona values ( 500, 'Quartel de Gondomar', 256);
insert into Coordenador values ( 500);
insert into Camara values ( 501);
insert into Video values ( timestamp '2018-04-18 14:15:38', timestamp '2018-04-19 06:47:56', 501);
insert into SegmentoVideo values ( 0, '10477 seconds', timestamp '2018-04-18 14:15:38', 501);
insert into SegmentoVideo values ( 1, '49061 seconds', timestamp '2018-04-18 14:15:38', 501);
insert into Vigia values ( 'Gondomar', 501);
insert into ProcessoSocorro values ( 501);
insert into EventoEmergencia values ( '959383275', timestamp '2018-01-28 22:58:37', 'Cristiana Matos', 'Gondomar', 501);
insert into EntidadeMeio values ( 'Fundação de Odivelas');
insert into Meio values ( 501, 'Ambulância', 'Fundação de Odivelas');
insert into MeioApoio values ( 501, 'Fundação de Odivelas');
insert into Alocado values ( 501, 'Fundação de Odivelas', 10, 221);
insert into Acciona values ( 501, 'Fundação de Odivelas', 221);
insert into Coordenador values ( 501);
insert into Camara values ( 502);
insert into Video values ( timestamp '2018-02-05 00:11:27', timestamp '2018-02-05 18:07:59', 502);
insert into SegmentoVideo values ( 0, '37267 seconds', timestamp '2018-02-05 00:11:27', 502);
insert into SegmentoVideo values ( 1, '22010 seconds', timestamp '2018-02-05 00:11:27', 502);
insert into SegmentoVideo values ( 2, '5315 seconds', timestamp '2018-02-05 00:11:27', 502);
insert into Vigia values ( 'Senhora da Hora', 502);
insert into ProcessoSocorro values ( 502);
insert into EventoEmergencia values ( '917116717', timestamp '2018-01-16 08:57:58', 'Tiago Margato', 'Senhora da Hora', 502);
insert into EntidadeMeio values ( 'Quartel de Ribeira Grande');
insert into Meio values ( 502, 'Ambulância', 'Quartel de Ribeira Grande');
insert into MeioApoio values ( 502, 'Quartel de Ribeira Grande');
insert into Alocado values ( 502, 'Quartel de Ribeira Grande', 124, 380);
insert into Acciona values ( 502, 'Quartel de Ribeira Grande', 380);
insert into Coordenador values ( 502);
insert into Audita values ( 502, 502, 'Quartel de Ribeira Grande', 380, timestamp '2018-11-22 16:40:23', timestamp '2018-11-24 15:24:14', date '2018-11-22', 'Estou convicto que foram cortados cantos por fim deixo a indicação de que uma maior investigação será necessária.');
insert into Solicita values ( 502, timestamp '2018-02-05 00:11:27', 502, timestamp '2018-11-23 11:40:06', timestamp '2018-11-24 00:25:08');
insert into Camara values ( 503);
insert into Video values ( timestamp '2018-06-28 04:06:35', timestamp '2018-06-29 03:40:20', 503);
insert into SegmentoVideo values ( 0, '58470 seconds', timestamp '2018-06-28 04:06:35', 503);
insert into SegmentoVideo values ( 1, '26355 seconds', timestamp '2018-06-28 04:06:35', 503);
insert into Vigia values ( 'Quarteira', 503);
insert into ProcessoSocorro values ( 503);
insert into EventoEmergencia values ( '960189915', timestamp '2018-01-07 09:14:21', 'Pedro Abreu', 'Quarteira', 503);
insert into EntidadeMeio values ( 'Quartel de Barcelos');
insert into Meio values ( 503, 'Carro', 'Quartel de Barcelos');
insert into MeioApoio values ( 503, 'Quartel de Barcelos');
insert into Alocado values ( 503, 'Quartel de Barcelos', 46, 167);
insert into Acciona values ( 503, 'Quartel de Barcelos', 167);
insert into Coordenador values ( 503);
insert into Audita values ( 503, 503, 'Quartel de Barcelos', 167, timestamp '2018-10-19 21:45:51', timestamp '2018-10-21 01:52:42', date '2018-10-19', 'Estou convicto que todo o processo decorreu dentro da lei por fim deixo a indicação de que uma maior investigação será necessária.');
insert into Solicita values ( 503, timestamp '2018-06-28 04:06:35', 503, timestamp '2018-10-20 16:41:09', timestamp '2018-10-20 19:32:53');
insert into Camara values ( 504);
insert into Video values ( timestamp '2018-10-12 11:13:11', timestamp '2018-10-12 16:11:22', 504);
insert into SegmentoVideo values ( 0, '9069 seconds', timestamp '2018-10-12 11:13:11', 504);
insert into SegmentoVideo values ( 1, '8822 seconds', timestamp '2018-10-12 11:13:11', 504);
insert into Vigia values ( 'Santana', 504);
insert into ProcessoSocorro values ( 504);
insert into EventoEmergencia values ( '953645094', timestamp '2018-09-26 17:11:37', 'Marta Gômes', 'Santana', 504);
insert into EntidadeMeio values ( 'Junta de Santarém');
insert into Meio values ( 504, 'Drone', 'Junta de Santarém');
insert into MeioSocorro values ( 504, 'Junta de Santarém');
insert into Transporta values ( 504, 'Junta de Santarém', 5, 286);
insert into Acciona values ( 504, 'Junta de Santarém', 286);
insert into Coordenador values ( 504);
insert into Audita values ( 504, 504, 'Junta de Santarém', 286, timestamp '2018-11-21 19:31:53', timestamp '2018-11-22 23:23:47', date '2018-11-21', 'Estou convicto que foram realizados todos os possíveis para alcançar um boa resolução ainda, termino a auditoria convicto de que não são necessários mais procedimentos.');
insert into Solicita values ( 504, timestamp '2018-10-12 11:13:11', 504, timestamp '2018-11-21 20:30:46', timestamp '2018-11-22 09:59:59');
insert into Camara values ( 505);
insert into Video values ( timestamp '2018-05-27 00:50:37', timestamp '2018-05-27 22:00:15', 505);
insert into SegmentoVideo values ( 0, '43867 seconds', timestamp '2018-05-27 00:50:37', 505);
insert into SegmentoVideo values ( 1, '32311 seconds', timestamp '2018-05-27 00:50:37', 505);
insert into Vigia values ( 'Lisboa', 505);
insert into ProcessoSocorro values ( 505);
insert into EventoEmergencia values ( '911305417', timestamp '2018-05-29 21:59:09', 'Carolina Vitorino', 'Lisboa', 505);
insert into EntidadeMeio values ( 'Bombeiros Voluntários de Lagos');
insert into Meio values ( 505, 'Kit de primeiros socorros', 'Bombeiros Voluntários de Lagos');
insert into MeioSocorro values ( 505, 'Bombeiros Voluntários de Lagos');
insert into Transporta values ( 505, 'Bombeiros Voluntários de Lagos', 4, 53);
insert into Acciona values ( 505, 'Bombeiros Voluntários de Lagos', 53);
insert into Coordenador values ( 505);
insert into Camara values ( 506);
insert into Video values ( timestamp '2018-09-22 12:03:16', timestamp '2018-09-22 23:54:01', 506);
insert into SegmentoVideo values ( 0, '10634 seconds', timestamp '2018-09-22 12:03:16', 506);
insert into SegmentoVideo values ( 1, '15193 seconds', timestamp '2018-09-22 12:03:16', 506);
insert into SegmentoVideo values ( 2, '16818 seconds', timestamp '2018-09-22 12:03:16', 506);
insert into Vigia values ( 'Freamunde', 506);
insert into ProcessoSocorro values ( 506);
insert into EventoEmergencia values ( '946253936', timestamp '2018-09-10 09:19:09', 'Francisco Antunes', 'Freamunde', 506);
insert into EntidadeMeio values ( 'Fundação João Margato');
insert into Meio values ( 506, 'Paramédico', 'Fundação João Margato');
insert into MeioSocorro values ( 506, 'Fundação João Margato');
insert into Transporta values ( 506, 'Fundação João Margato', 1, 70);
insert into Acciona values ( 506, 'Fundação João Margato', 70);
insert into Coordenador values ( 506);
insert into Camara values ( 507);
insert into Video values ( timestamp '2018-01-17 09:03:06', timestamp '2018-01-17 10:32:01', 507);
insert into SegmentoVideo values ( 0, '4669 seconds', timestamp '2018-01-17 09:03:06', 507);
insert into SegmentoVideo values ( 1, '666 seconds', timestamp '2018-01-17 09:03:06', 507);
insert into Vigia values ( 'Aveiro', 507);
insert into ProcessoSocorro values ( 507);
insert into EventoEmergencia values ( '931302542', timestamp '2018-01-29 01:46:52', 'Miguel Matos', 'Aveiro', 507);
insert into EntidadeMeio values ( 'Esquadra de Costa da Caparica');
insert into Meio values ( 507, 'Paramédico', 'Esquadra de Costa da Caparica');
insert into MeioSocorro values ( 507, 'Esquadra de Costa da Caparica');
insert into Transporta values ( 507, 'Esquadra de Costa da Caparica', 6, 394);
insert into Acciona values ( 507, 'Esquadra de Costa da Caparica', 394);
insert into Coordenador values ( 507);
insert into Camara values ( 508);
insert into Video values ( timestamp '2018-08-30 03:41:40', timestamp '2018-08-30 17:19:14', 508);
insert into SegmentoVideo values ( 0, '28258 seconds', timestamp '2018-08-30 03:41:40', 508);
insert into SegmentoVideo values ( 1, '20796 seconds', timestamp '2018-08-30 03:41:40', 508);
insert into Vigia values ( 'São Pedro do Sul', 508);
insert into ProcessoSocorro values ( 508);
insert into EventoEmergencia values ( '912425829', timestamp '2018-05-18 00:18:30', 'Daniel Nogueira', 'São Pedro do Sul', 508);
insert into EntidadeMeio values ( 'Junta de Moura');
insert into Meio values ( 508, 'Garrafas de água', 'Junta de Moura');
insert into MeioSocorro values ( 508, 'Junta de Moura');
insert into Transporta values ( 508, 'Junta de Moura', 6, 222);
insert into Acciona values ( 508, 'Junta de Moura', 222);
insert into Coordenador values ( 508);
insert into Camara values ( 509);
insert into Video values ( timestamp '2018-06-07 07:34:22', timestamp '2018-06-08 04:28:50', 509);
insert into SegmentoVideo values ( 0, '35711 seconds', timestamp '2018-06-07 07:34:22', 509);
insert into SegmentoVideo values ( 1, '12416 seconds', timestamp '2018-06-07 07:34:22', 509);
insert into SegmentoVideo values ( 2, '27141 seconds', timestamp '2018-06-07 07:34:22', 509);
insert into Vigia values ( 'Albufeira', 509);
insert into ProcessoSocorro values ( 509);
insert into EventoEmergencia values ( '956403338', timestamp '2018-11-05 02:02:53', 'Carolina Rodrigues', 'Albufeira', 509);
insert into EntidadeMeio values ( 'Fundação Catarina Vitorino');
insert into Meio values ( 509, 'Camião', 'Fundação Catarina Vitorino');
insert into MeioApoio values ( 509, 'Fundação Catarina Vitorino');
insert into Alocado values ( 509, 'Fundação Catarina Vitorino', 166, 14);
insert into Acciona values ( 509, 'Fundação Catarina Vitorino', 14);
insert into Coordenador values ( 509);
insert into Audita values ( 509, 509, 'Fundação Catarina Vitorino', 14, timestamp '2018-10-29 15:47:54', timestamp '2018-11-13 01:10:59', date '2018-10-29', 'Com base na minha análise, foram cortados cantos assim dou por concluida esta auditoria.');
insert into Solicita values ( 509, timestamp '2018-06-07 07:34:22', 509, timestamp '2018-11-10 17:40:38', timestamp '2018-11-11 01:31:05');
insert into Camara values ( 510);
insert into Video values ( timestamp '2018-09-16 23:44:40', timestamp '2018-09-17 08:53:20', 510);
insert into SegmentoVideo values ( 0, '30167 seconds', timestamp '2018-09-16 23:44:40', 510);
insert into SegmentoVideo values ( 1, '735 seconds', timestamp '2018-09-16 23:44:40', 510);
insert into SegmentoVideo values ( 2, '650 seconds', timestamp '2018-09-16 23:44:40', 510);
insert into SegmentoVideo values ( 3, '457 seconds', timestamp '2018-09-16 23:44:40', 510);
insert into SegmentoVideo values ( 4, '911 seconds', timestamp '2018-09-16 23:44:40', 510);
insert into Vigia values ( 'Caniço', 510);
insert into ProcessoSocorro values ( 510);
insert into EventoEmergencia values ( '916427659', timestamp '2018-02-12 12:01:36', 'Tiago Vitorino', 'Caniço', 510);
insert into EntidadeMeio values ( 'Quartel de Vila Nova de Gaia');
insert into Meio values ( 510, 'Mâscaras de fumo', 'Quartel de Vila Nova de Gaia');
insert into MeioCombate values ( 510, 'Quartel de Vila Nova de Gaia');
insert into Acciona values ( 510, 'Quartel de Vila Nova de Gaia', 131);
insert into Coordenador values ( 510);
insert into Audita values ( 510, 510, 'Quartel de Vila Nova de Gaia', 131, timestamp '2018-04-08 12:37:39', timestamp '2018-05-08 09:07:52', date '2018-04-08', 'Tendo concluido a minha auditoria, denota-se corrupção por parte de várias entidades ainda, termino a auditoria convicto de que não são necessários mais procedimentos.');
insert into Solicita values ( 510, timestamp '2018-09-16 23:44:40', 510, timestamp '2018-05-02 12:18:56', timestamp '2018-05-06 12:19:35');
insert into Camara values ( 511);
insert into Video values ( timestamp '2018-07-27 12:23:55', timestamp '2018-07-28 09:34:20', 511);
insert into SegmentoVideo values ( 0, '75246 seconds', timestamp '2018-07-27 12:23:55', 511);
insert into SegmentoVideo values ( 1, '979 seconds', timestamp '2018-07-27 12:23:55', 511);
insert into Vigia values ( 'Senhora da Hora', 511);
insert into ProcessoSocorro values ( 511);
insert into EventoEmergencia values ( '915570255', timestamp '2018-06-29 00:13:39', 'António Silva', 'Senhora da Hora', 511);
insert into EntidadeMeio values ( 'Bombeiros Voluntários Pedro Correia');
insert into Meio values ( 511, 'Médico', 'Bombeiros Voluntários Pedro Correia');
insert into MeioSocorro values ( 511, 'Bombeiros Voluntários Pedro Correia');
insert into Transporta values ( 511, 'Bombeiros Voluntários Pedro Correia', 6, 226);
insert into Acciona values ( 511, 'Bombeiros Voluntários Pedro Correia', 226);
insert into Coordenador values ( 511);
insert into Audita values ( 511, 511, 'Bombeiros Voluntários Pedro Correia', 226, timestamp '2018-10-01 13:50:27', timestamp '2018-10-22 10:09:30', date '2018-10-01', 'Com base na minha análise, denota-se corrupção por parte de várias entidades assim dou por concluida esta auditoria.');
insert into Solicita values ( 511, timestamp '2018-07-27 12:23:55', 511, timestamp '2018-10-02 00:58:57', timestamp '2018-10-11 00:56:50');
insert into Camara values ( 512);
insert into Video values ( timestamp '2018-09-20 16:02:00', timestamp '2018-09-21 07:27:03', 512);
insert into SegmentoVideo values ( 0, '32097 seconds', timestamp '2018-09-20 16:02:00', 512);
insert into SegmentoVideo values ( 1, '23406 seconds', timestamp '2018-09-20 16:02:00', 512);
insert into Vigia values ( 'Silves', 512);
insert into ProcessoSocorro values ( 512);
insert into EventoEmergencia values ( '915293260', timestamp '2018-09-18 03:46:11', 'Pedro Margato', 'Silves', 512);
insert into EntidadeMeio values ( 'Quartel Rita Guerreiro');
insert into Meio values ( 512, 'Carro', 'Quartel Rita Guerreiro');
insert into MeioApoio values ( 512, 'Quartel Rita Guerreiro');
insert into Alocado values ( 512, 'Quartel Rita Guerreiro', 94, 157);
insert into Acciona values ( 512, 'Quartel Rita Guerreiro', 157);
insert into Coordenador values ( 512);
insert into Audita values ( 512, 512, 'Quartel Rita Guerreiro', 157, timestamp '2018-06-09 00:19:18', timestamp '2018-07-04 18:24:31', date '2018-06-09', 'Acredito que todo o processo decorreu dentro da lei ainda, termino a auditoria convicto de que não são necessários mais procedimentos.');
insert into Solicita values ( 512, timestamp '2018-09-20 16:02:00', 512, timestamp '2018-06-21 06:46:59', timestamp '2018-06-24 17:12:23');
insert into Camara values ( 513);
insert into Video values ( timestamp '2018-11-15 11:37:51', timestamp '2018-11-16 04:24:50', 513);
insert into SegmentoVideo values ( 0, '36723 seconds', timestamp '2018-11-15 11:37:51', 513);
insert into SegmentoVideo values ( 1, '23696 seconds', timestamp '2018-11-15 11:37:51', 513);
insert into Vigia values ( 'Vila Nova de Santo André', 513);
insert into ProcessoSocorro values ( 513);
insert into EventoEmergencia values ( '958994770', timestamp '2018-03-17 10:27:06', 'António Correia', 'Vila Nova de Santo André', 513);
insert into EntidadeMeio values ( 'Fundação Francisco Gômes');
insert into Meio values ( 513, 'Kit de primeiros socorros', 'Fundação Francisco Gômes');
insert into MeioSocorro values ( 513, 'Fundação Francisco Gômes');
insert into Transporta values ( 513, 'Fundação Francisco Gômes', 5, 369);
insert into Acciona values ( 513, 'Fundação Francisco Gômes', 369);
insert into Coordenador values ( 513);
insert into Camara values ( 514);
insert into Video values ( timestamp '2018-08-19 18:48:11', timestamp '2018-08-20 02:32:36', 514);
insert into SegmentoVideo values ( 0, '26867 seconds', timestamp '2018-08-19 18:48:11', 514);
insert into SegmentoVideo values ( 1, '161 seconds', timestamp '2018-08-19 18:48:11', 514);
insert into SegmentoVideo values ( 2, '837.0 seconds', timestamp '2018-08-19 18:48:11', 514);
insert into Vigia values ( 'Torres Vedras', 514);
insert into ProcessoSocorro values ( 514);
insert into EventoEmergencia values ( '924037904', timestamp '2018-05-05 10:04:58', 'Manel Vitorino', 'Torres Vedras', 514);
insert into EntidadeMeio values ( 'Junta João Margato');
insert into Meio values ( 514, 'Camião', 'Junta João Margato');
insert into MeioApoio values ( 514, 'Junta João Margato');
insert into Alocado values ( 514, 'Junta João Margato', 167, 39);
insert into Acciona values ( 514, 'Junta João Margato', 39);
insert into Coordenador values ( 514);
insert into Audita values ( 514, 514, 'Junta João Margato', 39, timestamp '2018-11-08 15:31:20', timestamp '2018-11-17 04:48:27', date '2018-11-08', 'Estou convicto que foram cortados cantos assim dou por concluida esta auditoria.');
insert into Solicita values ( 514, timestamp '2018-08-19 18:48:11', 514, timestamp '2018-11-10 22:38:06', timestamp '2018-11-12 05:20:54');
insert into Camara values ( 515);
insert into Video values ( timestamp '2018-02-13 23:22:55', timestamp '2018-02-14 09:55:18', 515);
insert into SegmentoVideo values ( 0, '9366 seconds', timestamp '2018-02-13 23:22:55', 515);
insert into SegmentoVideo values ( 1, '28577 seconds', timestamp '2018-02-13 23:22:55', 515);
insert into Vigia values ( 'Oliveira do Hospital', 515);
insert into ProcessoSocorro values ( 515);
insert into EventoEmergencia values ( '947702981', timestamp '2018-07-07 14:03:33', 'Tiago Valério', 'Oliveira do Hospital', 515);
insert into EntidadeMeio values ( 'Hospital Rita Figueiredo');
insert into Meio values ( 515, 'Kit de primeiros socorros', 'Hospital Rita Figueiredo');
insert into MeioSocorro values ( 515, 'Hospital Rita Figueiredo');
insert into Transporta values ( 515, 'Hospital Rita Figueiredo', 6, 88);
insert into Acciona values ( 515, 'Hospital Rita Figueiredo', 88);
insert into Coordenador values ( 515);
insert into Audita values ( 515, 515, 'Hospital Rita Figueiredo', 88, timestamp '2018-11-15 20:35:52', timestamp '2018-11-17 04:59:43', date '2018-11-15', 'Tendo concluido a minha auditoria, denota-se corrupção por parte de várias entidades por fim deixo a indicação de que uma maior investigação será necessária.');
insert into Solicita values ( 515, timestamp '2018-02-13 23:22:55', 515, timestamp '2018-11-15 23:33:27', timestamp '2018-11-16 21:42:55');
insert into Camara values ( 516);
insert into Video values ( timestamp '2018-05-24 14:19:06', timestamp '2018-05-24 21:15:52', 516);
insert into SegmentoVideo values ( 0, '14476 seconds', timestamp '2018-05-24 14:19:06', 516);
insert into SegmentoVideo values ( 1, '1496 seconds', timestamp '2018-05-24 14:19:06', 516);
insert into SegmentoVideo values ( 2, '9034 seconds', timestamp '2018-05-24 14:19:06', 516);
insert into Vigia values ( 'Reguengos de Monsaraz', 516);
insert into ProcessoSocorro values ( 516);
insert into EventoEmergencia values ( '914288785', timestamp '2018-08-16 14:57:24', 'Inês Rodrigues', 'Reguengos de Monsaraz', 516);
insert into EntidadeMeio values ( 'Hospital Catarina Nicolau');
insert into Meio values ( 516, 'Médico', 'Hospital Catarina Nicolau');
insert into MeioSocorro values ( 516, 'Hospital Catarina Nicolau');
insert into Transporta values ( 516, 'Hospital Catarina Nicolau', 4, 47);
insert into Acciona values ( 516, 'Hospital Catarina Nicolau', 47);
insert into Coordenador values ( 516);
insert into Camara values ( 517);
insert into Video values ( timestamp '2018-02-23 02:27:43', timestamp '2018-02-23 05:04:03', 517);
insert into SegmentoVideo values ( 0, '3751 seconds', timestamp '2018-02-23 02:27:43', 517);
insert into SegmentoVideo values ( 1, '5629 seconds', timestamp '2018-02-23 02:27:43', 517);
insert into Vigia values ( 'Guarda', 517);
insert into ProcessoSocorro values ( 517);
insert into EventoEmergencia values ( '912001799', timestamp '2018-09-19 18:33:30', 'Tiago Gômes', 'Guarda', 517);
insert into EntidadeMeio values ( 'Bombeiros Municipais de Faro');
insert into Meio values ( 517, 'Carro', 'Bombeiros Municipais de Faro');
insert into MeioApoio values ( 517, 'Bombeiros Municipais de Faro');
insert into Alocado values ( 517, 'Bombeiros Municipais de Faro', 153, 417);
insert into Acciona values ( 517, 'Bombeiros Municipais de Faro', 417);
insert into Coordenador values ( 517);
insert into Audita values ( 517, 517, 'Bombeiros Municipais de Faro', 417, timestamp '2018-04-24 09:02:18', timestamp '2018-10-08 15:10:57', date '2018-04-24', 'Acredito que foram cortados cantos assim dou por concluida esta auditoria.');
insert into Solicita values ( 517, timestamp '2018-02-23 02:27:43', 517, timestamp '2018-08-09 04:18:58', timestamp '2018-09-28 02:38:30');
insert into Camara values ( 518);
insert into Video values ( timestamp '2018-11-03 22:45:28', timestamp '2018-11-04 13:10:38', 518);
insert into SegmentoVideo values ( 0, '33245 seconds', timestamp '2018-11-03 22:45:28', 518);
insert into SegmentoVideo values ( 1, '15308 seconds', timestamp '2018-11-03 22:45:28', 518);
insert into SegmentoVideo values ( 2, '3357 seconds', timestamp '2018-11-03 22:45:28', 518);
insert into Vigia values ( 'Estarreja', 518);
insert into ProcessoSocorro values ( 518);
insert into EventoEmergencia values ( '944243237', timestamp '2018-11-14 17:26:59', 'Ana Gômes', 'Estarreja', 518);
insert into EntidadeMeio values ( 'Camara Ana Rodrigues');
insert into Meio values ( 518, 'Desfibrilhador', 'Camara Ana Rodrigues');
insert into MeioSocorro values ( 518, 'Camara Ana Rodrigues');
insert into Transporta values ( 518, 'Camara Ana Rodrigues', 5, 212);
insert into Acciona values ( 518, 'Camara Ana Rodrigues', 212);
insert into Coordenador values ( 518);
insert into Camara values ( 519);
insert into Video values ( timestamp '2018-05-10 21:38:09', timestamp '2018-05-11 08:28:44', 519);
insert into SegmentoVideo values ( 0, '30279 seconds', timestamp '2018-05-10 21:38:09', 519);
insert into SegmentoVideo values ( 1, '6422 seconds', timestamp '2018-05-10 21:38:09', 519);
insert into SegmentoVideo values ( 2, '302 seconds', timestamp '2018-05-10 21:38:09', 519);
insert into SegmentoVideo values ( 3, '2032 seconds', timestamp '2018-05-10 21:38:09', 519);
insert into Vigia values ( 'Viseu', 519);
insert into ProcessoSocorro values ( 519);
insert into EventoEmergencia values ( '920435600', timestamp '2018-06-29 15:13:00', 'Daniel Correia', 'Viseu', 519);
insert into EntidadeMeio values ( 'Quartel de Reguengos de Monsaraz');
insert into Meio values ( 519, 'Bombeiros', 'Quartel de Reguengos de Monsaraz');
insert into MeioCombate values ( 519, 'Quartel de Reguengos de Monsaraz');
insert into Acciona values ( 519, 'Quartel de Reguengos de Monsaraz', 103);
insert into Coordenador values ( 519);
insert into Camara values ( 520);
insert into Video values ( timestamp '2018-06-20 14:37:39', timestamp '2018-06-20 19:22:09', 520);
insert into SegmentoVideo values ( 0, '3193 seconds', timestamp '2018-06-20 14:37:39', 520);
insert into SegmentoVideo values ( 1, '13877 seconds', timestamp '2018-06-20 14:37:39', 520);
insert into Vigia values ( 'Marinha Grande', 520);
insert into ProcessoSocorro values ( 520);
insert into EventoEmergencia values ( '931360904', timestamp '2018-06-28 11:17:20', 'João Matos', 'Marinha Grande', 520);
insert into EntidadeMeio values ( 'Junta António Vitorino');
insert into Meio values ( 520, 'Paramédico', 'Junta António Vitorino');
insert into MeioSocorro values ( 520, 'Junta António Vitorino');
insert into Transporta values ( 520, 'Junta António Vitorino', 3, 181);
insert into Acciona values ( 520, 'Junta António Vitorino', 181);
insert into Coordenador values ( 520);
insert into Audita values ( 520, 520, 'Junta António Vitorino', 181, timestamp '2018-09-13 16:31:11', timestamp '2018-10-11 15:50:52', date '2018-09-13', 'Acredito que foram realizados todos os possíveis para alcançar um boa resolução por fim deixo a indicação de que uma maior investigação será necessária.');
insert into Solicita values ( 520, timestamp '2018-06-20 14:37:39', 520, timestamp '2018-10-01 18:53:40', timestamp '2018-10-04 20:45:15');
insert into Camara values ( 521);
insert into Video values ( timestamp '2018-03-30 12:56:07', timestamp '2018-03-30 13:39:22', 521);
insert into SegmentoVideo values ( 0, '2595.0 seconds', timestamp '2018-03-30 12:56:07', 521);
insert into Vigia values ( 'Rio Tinto', 521);
insert into ProcessoSocorro values ( 521);
insert into EventoEmergencia values ( '937111577', timestamp '2018-07-16 06:35:44', 'Tiago Matos', 'Rio Tinto', 521);
insert into EntidadeMeio values ( 'Bombeiros Voluntários de Espinho');
insert into Meio values ( 521, 'Carro de Bombeiros', 'Bombeiros Voluntários de Espinho');
insert into MeioCombate values ( 521, 'Bombeiros Voluntários de Espinho');
insert into Acciona values ( 521, 'Bombeiros Voluntários de Espinho', 347);
insert into Coordenador values ( 521);
insert into Camara values ( 522);
insert into Video values ( timestamp '2018-07-09 07:56:15', timestamp '2018-07-10 05:12:44', 522);
insert into SegmentoVideo values ( 0, '57510 seconds', timestamp '2018-07-09 07:56:15', 522);
insert into SegmentoVideo values ( 1, '19079 seconds', timestamp '2018-07-09 07:56:15', 522);
insert into Vigia values ( 'Portimão', 522);
insert into ProcessoSocorro values ( 522);
insert into EventoEmergencia values ( '914558588', timestamp '2018-02-05 14:39:39', 'Ana Antunes', 'Portimão', 522);
insert into EntidadeMeio values ( 'Bombeiros Voluntários Rita Martinho');
insert into Meio values ( 522, 'Camião', 'Bombeiros Voluntários Rita Martinho');
insert into MeioApoio values ( 522, 'Bombeiros Voluntários Rita Martinho');
insert into Alocado values ( 522, 'Bombeiros Voluntários Rita Martinho', 146, 493);
insert into Acciona values ( 522, 'Bombeiros Voluntários Rita Martinho', 493);
insert into Coordenador values ( 522);
insert into Audita values ( 522, 522, 'Bombeiros Voluntários Rita Martinho', 493, timestamp '2018-10-29 00:29:08', timestamp '2018-11-15 04:19:15', date '2018-10-29', 'Conclui que foram realizados todos os possíveis para alcançar um boa resolução por fim deixo a indicação de que uma maior investigação será necessária.');
insert into Solicita values ( 522, timestamp '2018-07-09 07:56:15', 522, timestamp '2018-11-06 11:05:53', timestamp '2018-11-15 03:43:36');
insert into Camara values ( 523);
insert into Video values ( timestamp '2018-02-04 15:34:54', timestamp '2018-02-04 20:36:21', 523);
insert into SegmentoVideo values ( 0, '1837 seconds', timestamp '2018-02-04 15:34:54', 523);
insert into SegmentoVideo values ( 1, '16250 seconds', timestamp '2018-02-04 15:34:54', 523);
insert into Vigia values ( 'Valbom', 523);
insert into ProcessoSocorro values ( 523);
insert into EventoEmergencia values ( '965837426', timestamp '2018-07-17 18:05:13', 'Francisco Correia', 'Valbom', 523);
insert into EntidadeMeio values ( 'Junta Inês Gômes');
insert into Meio values ( 523, 'Ambulância', 'Junta Inês Gômes');
insert into MeioApoio values ( 523, 'Junta Inês Gômes');
insert into Alocado values ( 523, 'Junta Inês Gômes', 136, 278);
insert into Acciona values ( 523, 'Junta Inês Gômes', 278);
insert into Coordenador values ( 523);
insert into Audita values ( 523, 523, 'Junta Inês Gômes', 278, timestamp '2018-11-10 03:03:55', timestamp '2018-11-17 21:32:09', date '2018-11-10', 'Tendo concluido a minha auditoria, foram cortados cantos assim dou por concluida esta auditoria.');
insert into Solicita values ( 523, timestamp '2018-02-04 15:34:54', 523, timestamp '2018-11-15 20:45:56', timestamp '2018-11-17 09:20:12');
insert into Camara values ( 524);
insert into Video values ( timestamp '2018-09-28 14:23:36', timestamp '2018-09-29 10:13:19', 524);
insert into SegmentoVideo values ( 0, '61001 seconds', timestamp '2018-09-28 14:23:36', 524);
insert into SegmentoVideo values ( 1, '10382 seconds', timestamp '2018-09-28 14:23:36', 524);
insert into Vigia values ( 'Vila do Conde', 524);
insert into ProcessoSocorro values ( 524);
insert into EventoEmergencia values ( '929752991', timestamp '2018-05-30 19:06:27', 'Tiago Margato', 'Vila do Conde', 524);
insert into EntidadeMeio values ( 'Quartel de Tavira');
insert into Meio values ( 524, 'Kit de primeiros socorros', 'Quartel de Tavira');
insert into MeioSocorro values ( 524, 'Quartel de Tavira');
insert into Transporta values ( 524, 'Quartel de Tavira', 2, 388);
insert into Acciona values ( 524, 'Quartel de Tavira', 388);
insert into Coordenador values ( 524);
insert into Camara values ( 525);
insert into Video values ( timestamp '2018-04-21 02:23:35', timestamp '2018-04-21 21:25:54', 525);
insert into SegmentoVideo values ( 0, '44747 seconds', timestamp '2018-04-21 02:23:35', 525);
insert into SegmentoVideo values ( 1, '16157 seconds', timestamp '2018-04-21 02:23:35', 525);
insert into SegmentoVideo values ( 2, '3127 seconds', timestamp '2018-04-21 02:23:35', 525);
insert into SegmentoVideo values ( 3, '4508 seconds', timestamp '2018-04-21 02:23:35', 525);
insert into Vigia values ( 'Moura', 525);
insert into ProcessoSocorro values ( 525);
insert into EventoEmergencia values ( '927959075', timestamp '2018-07-06 17:31:28', 'Manel Antunes', 'Moura', 525);
insert into EntidadeMeio values ( 'Esquadra Francisco Gômes');
insert into Meio values ( 525, 'Garrafas de água', 'Esquadra Francisco Gômes');
insert into MeioSocorro values ( 525, 'Esquadra Francisco Gômes');
insert into Transporta values ( 525, 'Esquadra Francisco Gômes', 4, 127);
insert into Acciona values ( 525, 'Esquadra Francisco Gômes', 127);
insert into Coordenador values ( 525);
insert into Camara values ( 526);
insert into Video values ( timestamp '2018-05-27 03:50:12', timestamp '2018-05-27 22:36:20', 526);
insert into SegmentoVideo values ( 0, '53410 seconds', timestamp '2018-05-27 03:50:12', 526);
insert into SegmentoVideo values ( 1, '2917 seconds', timestamp '2018-05-27 03:50:12', 526);
insert into SegmentoVideo values ( 2, '143 seconds', timestamp '2018-05-27 03:50:12', 526);
insert into SegmentoVideo values ( 3, '8061 seconds', timestamp '2018-05-27 03:50:12', 526);
insert into SegmentoVideo values ( 4, '138 seconds', timestamp '2018-05-27 03:50:12', 526);
insert into SegmentoVideo values ( 5, '108 seconds', timestamp '2018-05-27 03:50:12', 526);
insert into SegmentoVideo values ( 6, '729 seconds', timestamp '2018-05-27 03:50:12', 526);
insert into SegmentoVideo values ( 7, '2062 seconds', timestamp '2018-05-27 03:50:12', 526);
insert into Vigia values ( 'Viana do Castelo', 526);
insert into ProcessoSocorro values ( 526);
insert into EventoEmergencia values ( '913637139', timestamp '2018-03-07 12:56:38', 'Inês Guerreiro', 'Viana do Castelo', 526);
insert into EntidadeMeio values ( 'Fundação de Tomar');
insert into Meio values ( 526, 'Carro', 'Fundação de Tomar');
insert into MeioApoio values ( 526, 'Fundação de Tomar');
insert into Alocado values ( 526, 'Fundação de Tomar', 117, 477);
insert into Acciona values ( 526, 'Fundação de Tomar', 477);
insert into Coordenador values ( 526);
insert into Camara values ( 527);
insert into Video values ( timestamp '2018-03-22 16:45:39', timestamp '2018-03-23 14:34:23', 527);
insert into SegmentoVideo values ( 0, '9670 seconds', timestamp '2018-03-22 16:45:39', 527);
insert into SegmentoVideo values ( 1, '19407 seconds', timestamp '2018-03-22 16:45:39', 527);
insert into SegmentoVideo values ( 2, '48063 seconds', timestamp '2018-03-22 16:45:39', 527);
insert into SegmentoVideo values ( 3, '1384 seconds', timestamp '2018-03-22 16:45:39', 527);
insert into Vigia values ( 'Senhora da Hora', 527);
insert into ProcessoSocorro values ( 527);
insert into EventoEmergencia values ( '954768224', timestamp '2018-07-09 16:07:46', 'Carolina Nicolau', 'Senhora da Hora', 527);
insert into EntidadeMeio values ( 'Junta António Martinho');
insert into Meio values ( 527, 'Kit de primeiros socorros', 'Junta António Martinho');
insert into MeioSocorro values ( 527, 'Junta António Martinho');
insert into Transporta values ( 527, 'Junta António Martinho', 1, 253);
insert into Acciona values ( 527, 'Junta António Martinho', 253);
insert into Coordenador values ( 527);
insert into Camara values ( 528);
insert into Video values ( timestamp '2018-03-28 14:24:19', timestamp '2018-03-28 21:09:50', 528);
insert into SegmentoVideo values ( 0, '16920 seconds', timestamp '2018-03-28 14:24:19', 528);
insert into SegmentoVideo values ( 1, '7411 seconds', timestamp '2018-03-28 14:24:19', 528);
insert into Vigia values ( 'Viana do Castelo', 528);
insert into ProcessoSocorro values ( 528);
insert into EventoEmergencia values ( '958799687', timestamp '2018-02-07 22:28:52', 'Manel Silva', 'Viana do Castelo', 528);
insert into EntidadeMeio values ( 'Camara Pedro Nicolau');
insert into Meio values ( 528, 'Maca', 'Camara Pedro Nicolau');
insert into MeioApoio values ( 528, 'Camara Pedro Nicolau');
insert into Alocado values ( 528, 'Camara Pedro Nicolau', 11, 245);
insert into Acciona values ( 528, 'Camara Pedro Nicolau', 245);
insert into Coordenador values ( 528);
insert into Camara values ( 529);
insert into Video values ( timestamp '2018-07-16 05:48:25', timestamp '2018-07-17 01:23:23', 529);
insert into SegmentoVideo values ( 0, '6008 seconds', timestamp '2018-07-16 05:48:25', 529);
insert into SegmentoVideo values ( 1, '64490 seconds', timestamp '2018-07-16 05:48:25', 529);
insert into Vigia values ( 'Montemor-o-Novo', 529);
insert into ProcessoSocorro values ( 529);
insert into EventoEmergencia values ( '945421635', timestamp '2018-01-11 18:04:06', 'Inês Valério', 'Montemor-o-Novo', 529);
insert into EntidadeMeio values ( 'Bombeiros Municipais Cristiana Gômes');
insert into Meio values ( 529, 'Esquadrão', 'Bombeiros Municipais Cristiana Gômes');
insert into MeioCombate values ( 529, 'Bombeiros Municipais Cristiana Gômes');
insert into Acciona values ( 529, 'Bombeiros Municipais Cristiana Gômes', 405);
insert into Coordenador values ( 529);
insert into Camara values ( 530);
insert into Video values ( timestamp '2018-07-05 18:06:12', timestamp '2018-07-06 14:12:11', 530);
insert into SegmentoVideo values ( 0, '14202 seconds', timestamp '2018-07-05 18:06:12', 530);
insert into SegmentoVideo values ( 1, '17357 seconds', timestamp '2018-07-05 18:06:12', 530);
insert into SegmentoVideo values ( 2, '40800 seconds', timestamp '2018-07-05 18:06:12', 530);
insert into Vigia values ( 'Lagos', 530);
insert into ProcessoSocorro values ( 530);
insert into EventoEmergencia values ( '950149151', timestamp '2018-01-01 02:37:39', 'Inês Nogueira', 'Lagos', 530);
insert into EntidadeMeio values ( 'Fundação Rita Vitorino');
insert into Meio values ( 530, 'Kit de primeiros socorros', 'Fundação Rita Vitorino');
insert into MeioSocorro values ( 530, 'Fundação Rita Vitorino');
insert into Transporta values ( 530, 'Fundação Rita Vitorino', 6, 350);
insert into Acciona values ( 530, 'Fundação Rita Vitorino', 350);
insert into Coordenador values ( 530);
insert into Camara values ( 531);
insert into Video values ( timestamp '2018-01-27 14:38:52', timestamp '2018-01-28 06:52:26', 531);
insert into SegmentoVideo values ( 0, '54038 seconds', timestamp '2018-01-27 14:38:52', 531);
insert into SegmentoVideo values ( 1, '4376 seconds', timestamp '2018-01-27 14:38:52', 531);
insert into Vigia values ( 'Vila Nova de Gaia', 531);
insert into ProcessoSocorro values ( 531);
insert into EventoEmergencia values ( '951578678', timestamp '2018-01-16 10:05:54', 'Ana Matos', 'Vila Nova de Gaia', 531);
insert into EntidadeMeio values ( 'Quartel Rita Nogueira');
insert into Meio values ( 531, 'Carro de Bombeiros', 'Quartel Rita Nogueira');
insert into MeioCombate values ( 531, 'Quartel Rita Nogueira');
insert into Acciona values ( 531, 'Quartel Rita Nogueira', 325);
insert into Coordenador values ( 531);
insert into Camara values ( 532);
insert into Video values ( timestamp '2018-08-11 04:06:21', timestamp '2018-08-11 21:05:33', 532);
insert into SegmentoVideo values ( 0, '9253 seconds', timestamp '2018-08-11 04:06:21', 532);
insert into SegmentoVideo values ( 1, '48363 seconds', timestamp '2018-08-11 04:06:21', 532);
insert into SegmentoVideo values ( 2, '2292 seconds', timestamp '2018-08-11 04:06:21', 532);
insert into SegmentoVideo values ( 3, '1244.0 seconds', timestamp '2018-08-11 04:06:21', 532);
insert into Vigia values ( 'Amarante', 532);
insert into ProcessoSocorro values ( 532);
insert into EventoEmergencia values ( '930729626', timestamp '2018-08-01 11:43:41', 'Pedro Martinho', 'Amarante', 532);
insert into EntidadeMeio values ( 'Camara João Rodrigues');
insert into Meio values ( 532, 'Psicólogo', 'Camara João Rodrigues');
insert into MeioSocorro values ( 532, 'Camara João Rodrigues');
insert into Transporta values ( 532, 'Camara João Rodrigues', 1, 226);
insert into Acciona values ( 532, 'Camara João Rodrigues', 226);
insert into Coordenador values ( 532);
insert into Audita values ( 532, 532, 'Camara João Rodrigues', 226, timestamp '2018-09-23 13:23:05', timestamp '2018-10-22 05:32:42', date '2018-09-23', 'Estou convicto que foram realizados todos os possíveis para alcançar um boa resolução por fim deixo a indicação de que uma maior investigação será necessária.');
insert into Solicita values ( 532, timestamp '2018-08-11 04:06:21', 532, timestamp '2018-10-10 23:21:25', timestamp '2018-10-14 09:25:01');
insert into Camara values ( 533);
insert into Video values ( timestamp '2018-03-03 20:32:23', timestamp '2018-03-04 16:40:35', 533);
insert into SegmentoVideo values ( 0, '53119 seconds', timestamp '2018-03-03 20:32:23', 533);
insert into SegmentoVideo values ( 1, '19373 seconds', timestamp '2018-03-03 20:32:23', 533);
insert into Vigia values ( 'Viseu', 533);
insert into ProcessoSocorro values ( 533);
insert into EventoEmergencia values ( '912779068', timestamp '2018-08-27 04:41:36', 'Francisco Margato', 'Viseu', 533);
insert into EntidadeMeio values ( 'Quartel de Peniche');
insert into Meio values ( 533, 'Carro de Bombeiros', 'Quartel de Peniche');
insert into MeioCombate values ( 533, 'Quartel de Peniche');
insert into Acciona values ( 533, 'Quartel de Peniche', 165);
insert into Coordenador values ( 533);
insert into Camara values ( 534);
insert into Video values ( timestamp '2018-06-14 12:13:31', timestamp '2018-06-15 02:46:35', 534);
insert into SegmentoVideo values ( 0, '31807 seconds', timestamp '2018-06-14 12:13:31', 534);
insert into SegmentoVideo values ( 1, '20577 seconds', timestamp '2018-06-14 12:13:31', 534);
insert into Vigia values ( 'Reguengos de Monsaraz', 534);
insert into ProcessoSocorro values ( 534);
insert into EventoEmergencia values ( '961977097', timestamp '2018-03-13 05:31:36', 'Francisco Rodrigues', 'Reguengos de Monsaraz', 534);
insert into EntidadeMeio values ( 'Esquadra Catarina Rodrigues');
insert into Meio values ( 534, 'Helicoptero', 'Esquadra Catarina Rodrigues');
insert into MeioApoio values ( 534, 'Esquadra Catarina Rodrigues');
insert into Alocado values ( 534, 'Esquadra Catarina Rodrigues', 75, 475);
insert into Acciona values ( 534, 'Esquadra Catarina Rodrigues', 475);
insert into Coordenador values ( 534);
insert into Camara values ( 535);
insert into Video values ( timestamp '2018-01-23 11:33:51', timestamp '2018-01-24 08:42:15', 535);
insert into SegmentoVideo values ( 0, '33955 seconds', timestamp '2018-01-23 11:33:51', 535);
insert into SegmentoVideo values ( 1, '22079 seconds', timestamp '2018-01-23 11:33:51', 535);
insert into SegmentoVideo values ( 2, '8365 seconds', timestamp '2018-01-23 11:33:51', 535);
insert into SegmentoVideo values ( 3, '11705 seconds', timestamp '2018-01-23 11:33:51', 535);
insert into Vigia values ( 'Reguengos de Monsaraz', 535);
insert into ProcessoSocorro values ( 535);
insert into EventoEmergencia values ( '918716914', timestamp '2018-08-26 00:46:17', 'Ana Silva', 'Reguengos de Monsaraz', 535);
insert into EntidadeMeio values ( 'Fundação Ana Nogueira');
insert into Meio values ( 535, 'Carro de Bombeiros', 'Fundação Ana Nogueira');
insert into MeioCombate values ( 535, 'Fundação Ana Nogueira');
insert into Acciona values ( 535, 'Fundação Ana Nogueira', 229);
insert into Coordenador values ( 535);
insert into Camara values ( 536);
insert into Video values ( timestamp '2018-05-17 15:42:27', timestamp '2018-05-18 11:53:40', 536);
insert into SegmentoVideo values ( 0, '21865 seconds', timestamp '2018-05-17 15:42:27', 536);
insert into SegmentoVideo values ( 1, '41419 seconds', timestamp '2018-05-17 15:42:27', 536);
insert into SegmentoVideo values ( 2, '9389 seconds', timestamp '2018-05-17 15:42:27', 536);
insert into Vigia values ( 'Estarreja', 536);
insert into ProcessoSocorro values ( 536);
insert into EventoEmergencia values ( '952394556', timestamp '2018-09-30 17:16:10', 'Catarina Abreu', 'Estarreja', 536);
insert into EntidadeMeio values ( 'Bombeiros Municipais Rita Valério');
insert into Meio values ( 536, 'Rações', 'Bombeiros Municipais Rita Valério');
insert into MeioCombate values ( 536, 'Bombeiros Municipais Rita Valério');
insert into Acciona values ( 536, 'Bombeiros Municipais Rita Valério', 241);
insert into Coordenador values ( 536);
insert into Camara values ( 537);
insert into Video values ( timestamp '2018-03-13 13:37:15', timestamp '2018-03-13 18:55:32', 537);
insert into SegmentoVideo values ( 0, '9752 seconds', timestamp '2018-03-13 13:37:15', 537);
insert into SegmentoVideo values ( 1, '3304 seconds', timestamp '2018-03-13 13:37:15', 537);
insert into SegmentoVideo values ( 2, '6041 seconds', timestamp '2018-03-13 13:37:15', 537);
insert into Vigia values ( 'Gandra', 537);
insert into ProcessoSocorro values ( 537);
insert into EventoEmergencia values ( '924339775', timestamp '2018-04-17 07:08:59', 'Carolina Matos', 'Gandra', 537);
insert into EntidadeMeio values ( 'Bombeiros Voluntários Inês Gômes');
insert into Meio values ( 537, 'Helicoptero', 'Bombeiros Voluntários Inês Gômes');
insert into MeioApoio values ( 537, 'Bombeiros Voluntários Inês Gômes');
insert into Alocado values ( 537, 'Bombeiros Voluntários Inês Gômes', 137, 103);
insert into Acciona values ( 537, 'Bombeiros Voluntários Inês Gômes', 103);
insert into Coordenador values ( 537);
insert into Camara values ( 538);
insert into Video values ( timestamp '2018-02-03 08:53:22', timestamp '2018-02-03 22:00:50', 538);
insert into SegmentoVideo values ( 0, '14584 seconds', timestamp '2018-02-03 08:53:22', 538);
insert into SegmentoVideo values ( 1, '12164 seconds', timestamp '2018-02-03 08:53:22', 538);
insert into SegmentoVideo values ( 2, '20500 seconds', timestamp '2018-02-03 08:53:22', 538);
insert into Vigia values ( 'Macedo de Cavaleiros', 538);
insert into ProcessoSocorro values ( 538);
insert into EventoEmergencia values ( '917454721', timestamp '2018-04-29 22:18:08', 'Tiago Correia', 'Macedo de Cavaleiros', 538);
insert into EntidadeMeio values ( 'Quartel Joana Nogueira');
insert into Meio values ( 538, 'Maca', 'Quartel Joana Nogueira');
insert into MeioApoio values ( 538, 'Quartel Joana Nogueira');
insert into Alocado values ( 538, 'Quartel Joana Nogueira', 122, 317);
insert into Acciona values ( 538, 'Quartel Joana Nogueira', 317);
insert into Coordenador values ( 538);
insert into Audita values ( 538, 538, 'Quartel Joana Nogueira', 317, timestamp '2018-06-30 09:08:17', timestamp '2018-09-26 05:49:03', date '2018-06-30', 'Estou convicto que todo o processo decorreu dentro da lei assim dou por concluida esta auditoria.');
insert into Solicita values ( 538, timestamp '2018-02-03 08:53:22', 538, timestamp '2018-09-15 11:12:42', timestamp '2018-09-24 22:36:53');
insert into Camara values ( 539);
insert into Video values ( timestamp '2018-07-06 08:05:13', timestamp '2018-07-07 00:04:47', 539);
insert into SegmentoVideo values ( 0, '41774 seconds', timestamp '2018-07-06 08:05:13', 539);
insert into SegmentoVideo values ( 1, '13404 seconds', timestamp '2018-07-06 08:05:13', 539);
insert into SegmentoVideo values ( 2, '2396 seconds', timestamp '2018-07-06 08:05:13', 539);
insert into Vigia values ( 'Agualva-Cacém', 539);
insert into ProcessoSocorro values ( 539);
insert into EventoEmergencia values ( '938726985', timestamp '2018-05-31 00:39:09', 'Cristiana Rodrigues', 'Agualva-Cacém', 539);
insert into EntidadeMeio values ( 'Junta Joana Nicolau');
insert into Meio values ( 539, 'Kit de primeiros socorros', 'Junta Joana Nicolau');
insert into MeioSocorro values ( 539, 'Junta Joana Nicolau');
insert into Transporta values ( 539, 'Junta Joana Nicolau', 1, 249);
insert into Acciona values ( 539, 'Junta Joana Nicolau', 249);
insert into Coordenador values ( 539);
insert into Audita values ( 539, 539, 'Junta Joana Nicolau', 249, timestamp '2018-09-08 08:59:12', timestamp '2018-09-16 04:12:06', date '2018-09-08', 'Conclui que foram realizados todos os possíveis para alcançar um boa resolução assim dou por concluida esta auditoria.');
insert into Solicita values ( 539, timestamp '2018-07-06 08:05:13', 539, timestamp '2018-09-11 11:25:48', timestamp '2018-09-12 21:51:06');
insert into Camara values ( 540);
insert into Video values ( timestamp '2018-07-02 05:28:35', timestamp '2018-07-02 21:37:52', 540);
insert into SegmentoVideo values ( 0, '17705 seconds', timestamp '2018-07-02 05:28:35', 540);
insert into SegmentoVideo values ( 1, '40452 seconds', timestamp '2018-07-02 05:28:35', 540);
insert into Vigia values ( 'Torres Novas', 540);
insert into ProcessoSocorro values ( 540);
insert into EventoEmergencia values ( '950867408', timestamp '2018-05-02 12:24:22', 'Cristiana Figueiredo', 'Torres Novas', 540);
insert into EntidadeMeio values ( 'Quartel de Marinha Grande');
insert into Meio values ( 540, 'Carro de Bombeiros', 'Quartel de Marinha Grande');
insert into MeioCombate values ( 540, 'Quartel de Marinha Grande');
insert into Acciona values ( 540, 'Quartel de Marinha Grande', 125);
insert into Coordenador values ( 540);
insert into Camara values ( 541);
insert into Video values ( timestamp '2018-09-30 22:54:19', timestamp '2018-10-01 04:51:54', 541);
insert into SegmentoVideo values ( 0, '10367 seconds', timestamp '2018-09-30 22:54:19', 541);
insert into SegmentoVideo values ( 1, '3214 seconds', timestamp '2018-09-30 22:54:19', 541);
insert into SegmentoVideo values ( 2, '6173 seconds', timestamp '2018-09-30 22:54:19', 541);
insert into SegmentoVideo values ( 3, '351 seconds', timestamp '2018-09-30 22:54:19', 541);
insert into SegmentoVideo values ( 4, '420 seconds', timestamp '2018-09-30 22:54:19', 541);
insert into SegmentoVideo values ( 5, '276 seconds', timestamp '2018-09-30 22:54:19', 541);
insert into SegmentoVideo values ( 6, '654 seconds', timestamp '2018-09-30 22:54:19', 541);
insert into Vigia values ( 'Loures', 541);
insert into ProcessoSocorro values ( 541);
insert into EventoEmergencia values ( '947697136', timestamp '2018-05-08 19:34:23', 'Tiago Abreu', 'Loures', 541);
insert into EntidadeMeio values ( 'Bombeiros Municipais Ana Coelho');
insert into Meio values ( 541, 'Helicoptero', 'Bombeiros Municipais Ana Coelho');
insert into MeioCombate values ( 541, 'Bombeiros Municipais Ana Coelho');
insert into Acciona values ( 541, 'Bombeiros Municipais Ana Coelho', 57);
insert into Coordenador values ( 541);
insert into Camara values ( 542);
insert into Video values ( timestamp '2018-09-28 05:12:49', timestamp '2018-09-28 08:56:50', 542);
insert into SegmentoVideo values ( 0, '2556 seconds', timestamp '2018-09-28 05:12:49', 542);
insert into SegmentoVideo values ( 1, '2991 seconds', timestamp '2018-09-28 05:12:49', 542);
insert into SegmentoVideo values ( 2, '7894 seconds', timestamp '2018-09-28 05:12:49', 542);
insert into Vigia values ( 'Seia', 542);
insert into ProcessoSocorro values ( 542);
insert into EventoEmergencia values ( '920846263', timestamp '2018-06-29 15:43:48', 'Rita Figueiredo', 'Seia', 542);
insert into EntidadeMeio values ( 'Bombeiros Voluntários de Reguengos de Monsaraz');
insert into Meio values ( 542, 'Mâscaras de fumo', 'Bombeiros Voluntários de Reguengos de Monsaraz');
insert into MeioCombate values ( 542, 'Bombeiros Voluntários de Reguengos de Monsaraz');
insert into Acciona values ( 542, 'Bombeiros Voluntários de Reguengos de Monsaraz', 265);
insert into Coordenador values ( 542);
insert into Camara values ( 543);
insert into Video values ( timestamp '2018-08-04 11:40:23', timestamp '2018-08-05 10:50:03', 543);
insert into SegmentoVideo values ( 0, '23520 seconds', timestamp '2018-08-04 11:40:23', 543);
insert into SegmentoVideo values ( 1, '35740 seconds', timestamp '2018-08-04 11:40:23', 543);
insert into SegmentoVideo values ( 2, '24120 seconds', timestamp '2018-08-04 11:40:23', 543);
insert into Vigia values ( 'Vale de Cambra', 543);
insert into ProcessoSocorro values ( 543);
insert into EventoEmergencia values ( '934701267', timestamp '2018-09-25 11:20:29', 'João Antunes', 'Vale de Cambra', 543);
insert into EntidadeMeio values ( 'Junta Pedro Correia');
insert into Meio values ( 543, 'Camião', 'Junta Pedro Correia');
insert into MeioApoio values ( 543, 'Junta Pedro Correia');
insert into Alocado values ( 543, 'Junta Pedro Correia', 35, 71);
insert into Acciona values ( 543, 'Junta Pedro Correia', 71);
insert into Coordenador values ( 543);
insert into Camara values ( 544);
insert into Video values ( timestamp '2018-05-08 19:50:32', timestamp '2018-05-09 16:03:22', 544);
insert into SegmentoVideo values ( 0, '16484 seconds', timestamp '2018-05-08 19:50:32', 544);
insert into SegmentoVideo values ( 1, '56286 seconds', timestamp '2018-05-08 19:50:32', 544);
insert into Vigia values ( 'Ponta Delgada', 544);
insert into ProcessoSocorro values ( 544);
insert into EventoEmergencia values ( '938767734', timestamp '2018-06-01 10:32:00', 'Cristiana Nogueira', 'Ponta Delgada', 544);
insert into EntidadeMeio values ( 'Camara de Cantanhede');
insert into Meio values ( 544, 'Bombeiros', 'Camara de Cantanhede');
insert into MeioCombate values ( 544, 'Camara de Cantanhede');
insert into Acciona values ( 544, 'Camara de Cantanhede', 514);
insert into Coordenador values ( 544);
insert into Camara values ( 545);
insert into Video values ( timestamp '2018-10-19 03:13:33', timestamp '2018-10-19 04:54:27', 545);
insert into SegmentoVideo values ( 0, '3983 seconds', timestamp '2018-10-19 03:13:33', 545);
insert into SegmentoVideo values ( 1, '2071 seconds', timestamp '2018-10-19 03:13:33', 545);
insert into Vigia values ( 'Tavira', 545);
insert into ProcessoSocorro values ( 545);
insert into EventoEmergencia values ( '912360103', timestamp '2018-10-21 11:12:20', 'Carolina Silva', 'Tavira', 545);
insert into EntidadeMeio values ( 'Junta Joana Silva');
insert into Meio values ( 545, 'Drone', 'Junta Joana Silva');
insert into MeioSocorro values ( 545, 'Junta Joana Silva');
insert into Transporta values ( 545, 'Junta Joana Silva', 4, 532);
insert into Acciona values ( 545, 'Junta Joana Silva', 532);
insert into Coordenador values ( 545);
insert into Audita values ( 545, 545, 'Junta Joana Silva', 532, timestamp '2018-09-22 06:57:25', timestamp '2018-10-12 20:45:59', date '2018-09-22', 'Com base na minha análise, todo o processo decorreu dentro da lei por fim deixo a indicação de que uma maior investigação será necessária.');
insert into Solicita values ( 545, timestamp '2018-10-19 03:13:33', 545, timestamp '2018-10-10 20:57:22', timestamp '2018-10-11 08:40:02');
insert into Camara values ( 546);
insert into Video values ( timestamp '2018-02-10 12:07:32', timestamp '2018-02-10 21:10:07', 546);
insert into SegmentoVideo values ( 0, '26375 seconds', timestamp '2018-02-10 12:07:32', 546);
insert into SegmentoVideo values ( 1, '6180 seconds', timestamp '2018-02-10 12:07:32', 546);
insert into Vigia values ( 'Moura', 546);
insert into ProcessoSocorro values ( 546);
insert into EventoEmergencia values ( '931147783', timestamp '2018-08-30 01:27:02', 'Catarina Correia', 'Moura', 546);
insert into EntidadeMeio values ( 'Hospital de Almada');
insert into Meio values ( 546, 'Drone', 'Hospital de Almada');
insert into MeioSocorro values ( 546, 'Hospital de Almada');
insert into Transporta values ( 546, 'Hospital de Almada', 6, 402);
insert into Acciona values ( 546, 'Hospital de Almada', 402);
insert into Coordenador values ( 546);
insert into Camara values ( 547);
insert into Video values ( timestamp '2018-08-20 20:07:45', timestamp '2018-08-20 22:36:00', 547);
insert into SegmentoVideo values ( 0, '7783 seconds', timestamp '2018-08-20 20:07:45', 547);
insert into SegmentoVideo values ( 1, '1112 seconds', timestamp '2018-08-20 20:07:45', 547);
insert into Vigia values ( 'Trofa', 547);
insert into ProcessoSocorro values ( 547);
insert into EventoEmergencia values ( '919714227', timestamp '2018-05-19 12:19:37', 'Cristiana Gômes', 'Trofa', 547);
insert into EntidadeMeio values ( 'Bombeiros Municipais de Alverca do Ribatejo');
insert into Meio values ( 547, 'Ambulância', 'Bombeiros Municipais de Alverca do Ribatejo');
insert into MeioApoio values ( 547, 'Bombeiros Municipais de Alverca do Ribatejo');
insert into Alocado values ( 547, 'Bombeiros Municipais de Alverca do Ribatejo', 80, 95);
insert into Acciona values ( 547, 'Bombeiros Municipais de Alverca do Ribatejo', 95);
insert into Coordenador values ( 547);
insert into Camara values ( 548);
insert into Video values ( timestamp '2018-07-28 09:07:16', timestamp '2018-07-29 01:01:33', 548);
insert into SegmentoVideo values ( 0, '55321 seconds', timestamp '2018-07-28 09:07:16', 548);
insert into SegmentoVideo values ( 1, '1936 seconds', timestamp '2018-07-28 09:07:16', 548);
insert into Vigia values ( 'Valpaços', 548);
insert into ProcessoSocorro values ( 548);
insert into EventoEmergencia values ( '969800420', timestamp '2018-03-01 20:04:54', 'Miguel Silva', 'Valpaços', 548);
insert into EntidadeMeio values ( 'Quartel João Antunes');
insert into Meio values ( 548, 'Camião', 'Quartel João Antunes');
insert into MeioApoio values ( 548, 'Quartel João Antunes');
insert into Alocado values ( 548, 'Quartel João Antunes', 3, 132);
insert into Acciona values ( 548, 'Quartel João Antunes', 132);
insert into Coordenador values ( 548);
insert into Camara values ( 549);
insert into Video values ( timestamp '2018-05-18 16:23:37', timestamp '2018-05-18 18:53:09', 549);
insert into SegmentoVideo values ( 0, '3914 seconds', timestamp '2018-05-18 16:23:37', 549);
insert into SegmentoVideo values ( 1, '3273 seconds', timestamp '2018-05-18 16:23:37', 549);
insert into SegmentoVideo values ( 2, '1785.0 seconds', timestamp '2018-05-18 16:23:37', 549);
insert into Vigia values ( 'Viseu', 549);
insert into ProcessoSocorro values ( 549);
insert into EventoEmergencia values ( '965133907', timestamp '2018-07-20 04:05:38', 'Miguel Nogueira', 'Viseu', 549);
insert into EntidadeMeio values ( 'Junta Catarina Correia');
insert into Meio values ( 549, 'Esquadrão', 'Junta Catarina Correia');
insert into MeioCombate values ( 549, 'Junta Catarina Correia');
insert into Acciona values ( 549, 'Junta Catarina Correia', 258);
insert into Coordenador values ( 549);
insert into Audita values ( 549, 549, 'Junta Catarina Correia', 258, timestamp '2018-08-30 09:08:40', timestamp '2018-11-19 17:47:28', date '2018-08-30', 'Acredito que todo o processo decorreu dentro da lei assim dou por concluida esta auditoria.');
insert into Solicita values ( 549, timestamp '2018-05-18 16:23:37', 549, timestamp '2018-11-08 15:43:44', timestamp '2018-11-17 23:07:40');
insert into Camara values ( 550);
insert into Video values ( timestamp '2018-11-09 05:52:03', timestamp '2018-11-09 07:48:34', 550);
insert into SegmentoVideo values ( 0, '2051 seconds', timestamp '2018-11-09 05:52:03', 550);
insert into SegmentoVideo values ( 1, '4940 seconds', timestamp '2018-11-09 05:52:03', 550);
insert into Vigia values ( 'Machico', 550);
insert into ProcessoSocorro values ( 550);
insert into EventoEmergencia values ( '917800212', timestamp '2018-09-20 08:18:57', 'Manel Figueiredo', 'Machico', 550);
insert into EntidadeMeio values ( 'Quartel Carolina Matos');
insert into Meio values ( 550, 'Ambulância', 'Quartel Carolina Matos');
insert into MeioApoio values ( 550, 'Quartel Carolina Matos');
insert into Alocado values ( 550, 'Quartel Carolina Matos', 87, 185);
insert into Acciona values ( 550, 'Quartel Carolina Matos', 185);
insert into Coordenador values ( 550);
insert into Audita values ( 550, 550, 'Quartel Carolina Matos', 185, timestamp '2018-07-25 21:14:26', timestamp '2018-08-19 12:31:11', date '2018-07-25', 'Com base na minha análise, todo o processo decorreu dentro da lei por fim deixo a indicação de que uma maior investigação será necessária.');
insert into Solicita values ( 550, timestamp '2018-11-09 05:52:03', 550, timestamp '2018-08-06 14:38:16', timestamp '2018-08-14 00:21:49');
insert into Camara values ( 551);
insert into Video values ( timestamp '2018-01-14 20:43:51', timestamp '2018-01-15 16:59:49', 551);
insert into SegmentoVideo values ( 0, '1816 seconds', timestamp '2018-01-14 20:43:51', 551);
insert into SegmentoVideo values ( 1, '71142 seconds', timestamp '2018-01-14 20:43:51', 551);
insert into Vigia values ( 'Paredes', 551);
insert into ProcessoSocorro values ( 551);
insert into EventoEmergencia values ( '946988746', timestamp '2018-02-17 18:36:43', 'João Gômes', 'Paredes', 551);
insert into EntidadeMeio values ( 'Hospital Ana Valério');
insert into Meio values ( 551, 'Bombeiros', 'Hospital Ana Valério');
insert into MeioCombate values ( 551, 'Hospital Ana Valério');
insert into Acciona values ( 551, 'Hospital Ana Valério', 303);
insert into Coordenador values ( 551);
insert into Camara values ( 552);
insert into Video values ( timestamp '2018-03-17 20:48:34', timestamp '2018-03-18 11:15:52', 552);
insert into SegmentoVideo values ( 0, '20616 seconds', timestamp '2018-03-17 20:48:34', 552);
insert into SegmentoVideo values ( 1, '31422 seconds', timestamp '2018-03-17 20:48:34', 552);
insert into Vigia values ( 'Pombal', 552);
insert into ProcessoSocorro values ( 552);
insert into EventoEmergencia values ( '923830043', timestamp '2018-04-15 21:54:34', 'Ana Silva', 'Pombal', 552);
insert into EntidadeMeio values ( 'Bombeiros Voluntários Miguel Nogueira');
insert into Meio values ( 552, 'Esquadrão', 'Bombeiros Voluntários Miguel Nogueira');
insert into MeioCombate values ( 552, 'Bombeiros Voluntários Miguel Nogueira');
insert into Acciona values ( 552, 'Bombeiros Voluntários Miguel Nogueira', 69);
insert into Coordenador values ( 552);
insert into Camara values ( 553);
insert into Video values ( timestamp '2018-11-24 13:57:45', timestamp '2018-11-24 20:00:47', 553);
insert into SegmentoVideo values ( 0, '1148 seconds', timestamp '2018-11-24 13:57:45', 553);
insert into SegmentoVideo values ( 1, '13103 seconds', timestamp '2018-11-24 13:57:45', 553);
insert into SegmentoVideo values ( 2, '7531.0 seconds', timestamp '2018-11-24 13:57:45', 553);
insert into Vigia values ( 'Valbom', 553);
insert into ProcessoSocorro values ( 553);
insert into EventoEmergencia values ( '918779999', timestamp '2018-06-03 14:38:58', 'Manel Correia', 'Valbom', 553);
insert into EntidadeMeio values ( 'Hospital de Portimão');
insert into Meio values ( 553, 'Ambulância', 'Hospital de Portimão');
insert into MeioApoio values ( 553, 'Hospital de Portimão');
insert into Alocado values ( 553, 'Hospital de Portimão', 40, 480);
insert into Acciona values ( 553, 'Hospital de Portimão', 480);
insert into Coordenador values ( 553);
insert into Audita values ( 553, 553, 'Hospital de Portimão', 480, timestamp '2018-05-13 22:04:21', timestamp '2018-08-26 01:37:30', date '2018-05-13', 'Estou convicto que foram cortados cantos ainda, termino a auditoria convicto de que não são necessários mais procedimentos.');
insert into Solicita values ( 553, timestamp '2018-11-24 13:57:45', 553, timestamp '2018-08-19 03:04:30', timestamp '2018-08-25 23:35:47');
insert into Camara values ( 554);
insert into Video values ( timestamp '2018-09-24 15:51:38', timestamp '2018-09-25 10:26:57', 554);
insert into SegmentoVideo values ( 0, '8972 seconds', timestamp '2018-09-24 15:51:38', 554);
insert into SegmentoVideo values ( 1, '29956 seconds', timestamp '2018-09-24 15:51:38', 554);
insert into SegmentoVideo values ( 2, '5081 seconds', timestamp '2018-09-24 15:51:38', 554);
insert into SegmentoVideo values ( 3, '14452 seconds', timestamp '2018-09-24 15:51:38', 554);
insert into SegmentoVideo values ( 4, '5675 seconds', timestamp '2018-09-24 15:51:38', 554);
insert into SegmentoVideo values ( 5, '2783 seconds', timestamp '2018-09-24 15:51:38', 554);
insert into Vigia values ( 'Abrantes', 554);
insert into ProcessoSocorro values ( 554);
insert into EventoEmergencia values ( '961083376', timestamp '2018-06-06 23:38:14', 'João Nicolau', 'Abrantes', 554);
insert into EntidadeMeio values ( 'Hospital de Loures');
insert into Meio values ( 554, 'Helicoptero', 'Hospital de Loures');
insert into MeioApoio values ( 554, 'Hospital de Loures');
insert into Alocado values ( 554, 'Hospital de Loures', 85, 372);
insert into Acciona values ( 554, 'Hospital de Loures', 372);
insert into Coordenador values ( 554);
insert into Camara values ( 555);
insert into Video values ( timestamp '2018-03-23 12:37:20', timestamp '2018-03-24 00:27:24', 555);
insert into SegmentoVideo values ( 0, '26298 seconds', timestamp '2018-03-23 12:37:20', 555);
insert into SegmentoVideo values ( 1, '1365 seconds', timestamp '2018-03-23 12:37:20', 555);
insert into SegmentoVideo values ( 2, '12431 seconds', timestamp '2018-03-23 12:37:20', 555);
insert into SegmentoVideo values ( 3, '612 seconds', timestamp '2018-03-23 12:37:20', 555);
insert into SegmentoVideo values ( 4, '1898.0 seconds', timestamp '2018-03-23 12:37:20', 555);
insert into Vigia values ( 'Funchal', 555);
insert into ProcessoSocorro values ( 555);
insert into EventoEmergencia values ( '928183847', timestamp '2018-04-10 00:35:57', 'Pedro Rodrigues', 'Funchal', 555);
insert into EntidadeMeio values ( 'Camara de Santa Cruz');
insert into Meio values ( 555, 'Kit de primeiros socorros', 'Camara de Santa Cruz');
insert into MeioSocorro values ( 555, 'Camara de Santa Cruz');
insert into Transporta values ( 555, 'Camara de Santa Cruz', 4, 518);
insert into Acciona values ( 555, 'Camara de Santa Cruz', 518);
insert into Coordenador values ( 555);
insert into Camara values ( 556);
insert into Video values ( timestamp '2018-07-20 00:44:46', timestamp '2018-07-20 09:10:32', 556);
insert into SegmentoVideo values ( 0, '30346.0 seconds', timestamp '2018-07-20 00:44:46', 556);
insert into Vigia values ( 'Lourosa', 556);
insert into ProcessoSocorro values ( 556);
insert into EventoEmergencia values ( '964699837', timestamp '2018-08-24 10:02:31', 'Miguel Valério', 'Lourosa', 556);
insert into EntidadeMeio values ( 'Hospital Daniel Correia');
insert into Meio values ( 556, 'Maca', 'Hospital Daniel Correia');
insert into MeioApoio values ( 556, 'Hospital Daniel Correia');
insert into Alocado values ( 556, 'Hospital Daniel Correia', 79, 392);
insert into Acciona values ( 556, 'Hospital Daniel Correia', 392);
insert into Coordenador values ( 556);
insert into Audita values ( 556, 556, 'Hospital Daniel Correia', 392, timestamp '2018-11-06 18:33:29', timestamp '2018-11-19 21:57:00', date '2018-11-06', 'Conclui que foram realizados todos os possíveis para alcançar um boa resolução por fim deixo a indicação de que uma maior investigação será necessária.');
insert into Solicita values ( 556, timestamp '2018-07-20 00:44:46', 556, timestamp '2018-11-08 02:23:38', timestamp '2018-11-10 13:06:04');
insert into Camara values ( 557);
insert into Video values ( timestamp '2018-02-14 11:04:07', timestamp '2018-02-15 06:52:20', 557);
insert into SegmentoVideo values ( 0, '2013 seconds', timestamp '2018-02-14 11:04:07', 557);
insert into SegmentoVideo values ( 1, '46432 seconds', timestamp '2018-02-14 11:04:07', 557);
insert into SegmentoVideo values ( 2, '16692 seconds', timestamp '2018-02-14 11:04:07', 557);
insert into SegmentoVideo values ( 3, '6156 seconds', timestamp '2018-02-14 11:04:07', 557);
insert into Vigia values ( 'Loulé', 557);
insert into ProcessoSocorro values ( 557);
insert into EventoEmergencia values ( '963294604', timestamp '2018-02-26 21:18:11', 'João Nicolau', 'Loulé', 557);
insert into EntidadeMeio values ( 'Junta Tiago Gômes');
insert into Meio values ( 557, 'Carro de Bombeiros', 'Junta Tiago Gômes');
insert into MeioCombate values ( 557, 'Junta Tiago Gômes');
insert into Acciona values ( 557, 'Junta Tiago Gômes', 218);
insert into Coordenador values ( 557);
insert into Camara values ( 558);
insert into Video values ( timestamp '2018-01-25 01:11:49', timestamp '2018-01-25 09:54:48', 558);
insert into SegmentoVideo values ( 0, '28816 seconds', timestamp '2018-01-25 01:11:49', 558);
insert into SegmentoVideo values ( 1, '2563 seconds', timestamp '2018-01-25 01:11:49', 558);
insert into Vigia values ( 'Silves', 558);
insert into ProcessoSocorro values ( 558);
insert into EventoEmergencia values ( '940542080', timestamp '2018-03-29 16:14:48', 'Ana Valério', 'Silves', 558);
insert into EntidadeMeio values ( 'Fundação Cristiana Antunes');
insert into Meio values ( 558, 'Mangueira', 'Fundação Cristiana Antunes');
insert into MeioCombate values ( 558, 'Fundação Cristiana Antunes');
insert into Acciona values ( 558, 'Fundação Cristiana Antunes', 367);
insert into Coordenador values ( 558);
insert into Camara values ( 559);
insert into Video values ( timestamp '2018-06-22 08:29:12', timestamp '2018-06-23 05:24:33', 559);
insert into SegmentoVideo values ( 0, '4673 seconds', timestamp '2018-06-22 08:29:12', 559);
insert into SegmentoVideo values ( 1, '21928 seconds', timestamp '2018-06-22 08:29:12', 559);
insert into SegmentoVideo values ( 2, '47332 seconds', timestamp '2018-06-22 08:29:12', 559);
insert into SegmentoVideo values ( 3, '272 seconds', timestamp '2018-06-22 08:29:12', 559);
insert into SegmentoVideo values ( 4, '1116 seconds', timestamp '2018-06-22 08:29:12', 559);
insert into Vigia values ( 'Rio Tinto', 559);
insert into ProcessoSocorro values ( 559);
insert into EventoEmergencia values ( '918657583', timestamp '2018-01-10 21:38:21', 'Miguel Correia', 'Rio Tinto', 559);
insert into EntidadeMeio values ( 'Hospital Marta Martinho');
insert into Meio values ( 559, 'Helicoptero', 'Hospital Marta Martinho');
insert into MeioApoio values ( 559, 'Hospital Marta Martinho');
insert into Alocado values ( 559, 'Hospital Marta Martinho', 47, 523);
insert into Acciona values ( 559, 'Hospital Marta Martinho', 523);
insert into Coordenador values ( 559);
insert into Audita values ( 559, 559, 'Hospital Marta Martinho', 523, timestamp '2018-08-22 03:02:05', timestamp '2018-10-24 15:19:49', date '2018-08-22', 'Tendo concluido a minha auditoria, todo o processo decorreu dentro da lei por fim deixo a indicação de que uma maior investigação será necessária.');
insert into Solicita values ( 559, timestamp '2018-06-22 08:29:12', 559, timestamp '2018-09-11 02:34:19', timestamp '2018-10-14 01:40:55');
insert into Camara values ( 560);
insert into Video values ( timestamp '2018-06-06 19:28:28', timestamp '2018-06-06 19:55:16', 560);
insert into SegmentoVideo values ( 0, '503 seconds', timestamp '2018-06-06 19:28:28', 560);
insert into SegmentoVideo values ( 1, '1105 seconds', timestamp '2018-06-06 19:28:28', 560);
insert into Vigia values ( 'Seia', 560);
insert into ProcessoSocorro values ( 560);
insert into EventoEmergencia values ( '943040570', timestamp '2018-09-07 18:46:32', 'Cristiana Antunes', 'Seia', 560);
insert into EntidadeMeio values ( 'Junta de Santa Cruz');
insert into Meio values ( 560, 'Camião', 'Junta de Santa Cruz');
insert into MeioApoio values ( 560, 'Junta de Santa Cruz');
insert into Alocado values ( 560, 'Junta de Santa Cruz', 87, 487);
insert into Acciona values ( 560, 'Junta de Santa Cruz', 487);
insert into Coordenador values ( 560);
insert into Camara values ( 561);
insert into Video values ( timestamp '2018-04-02 18:26:02', timestamp '2018-04-03 06:19:17', 561);
insert into SegmentoVideo values ( 0, '42795.0 seconds', timestamp '2018-04-02 18:26:02', 561);
insert into Vigia values ( 'Borba', 561);
insert into ProcessoSocorro values ( 561);
insert into EventoEmergencia values ( '933335527', timestamp '2018-04-22 21:25:45', 'Daniel Gômes', 'Borba', 561);
insert into EntidadeMeio values ( 'Hospital Cristiana Antunes');
insert into Meio values ( 561, 'Camião', 'Hospital Cristiana Antunes');
insert into MeioApoio values ( 561, 'Hospital Cristiana Antunes');
insert into Alocado values ( 561, 'Hospital Cristiana Antunes', 88, 337);
insert into Acciona values ( 561, 'Hospital Cristiana Antunes', 337);
insert into Coordenador values ( 561);
insert into Camara values ( 562);
insert into Video values ( timestamp '2018-04-03 17:20:28', timestamp '2018-04-04 04:33:35', 562);
insert into SegmentoVideo values ( 0, '20126 seconds', timestamp '2018-04-03 17:20:28', 562);
insert into SegmentoVideo values ( 1, '13101 seconds', timestamp '2018-04-03 17:20:28', 562);
insert into SegmentoVideo values ( 2, '7160 seconds', timestamp '2018-04-03 17:20:28', 562);
insert into Vigia values ( 'Valpaços', 562);
insert into ProcessoSocorro values ( 562);
insert into EventoEmergencia values ( '948349672', timestamp '2018-05-11 06:28:36', 'Ana Rodrigues', 'Valpaços', 562);
insert into EntidadeMeio values ( 'Junta de Cartaxo');
insert into Meio values ( 562, 'Psicólogo', 'Junta de Cartaxo');
insert into MeioSocorro values ( 562, 'Junta de Cartaxo');
insert into Transporta values ( 562, 'Junta de Cartaxo', 6, 44);
insert into Acciona values ( 562, 'Junta de Cartaxo', 44);
insert into Coordenador values ( 562);
insert into Audita values ( 562, 562, 'Junta de Cartaxo', 44, timestamp '2018-05-19 00:32:04', timestamp '2018-10-10 06:16:14', date '2018-05-19', 'Com base na minha análise, todo o processo decorreu dentro da lei por fim deixo a indicação de que uma maior investigação será necessária.');
insert into Solicita values ( 562, timestamp '2018-04-03 17:20:28', 562, timestamp '2018-06-16 17:12:09', timestamp '2018-08-23 03:35:32');
insert into Camara values ( 563);
insert into Video values ( timestamp '2018-08-10 04:54:04', timestamp '2018-08-11 02:00:30', 563);
insert into SegmentoVideo values ( 0, '10127 seconds', timestamp '2018-08-10 04:54:04', 563);
insert into SegmentoVideo values ( 1, '57147 seconds', timestamp '2018-08-10 04:54:04', 563);
insert into SegmentoVideo values ( 2, '8712 seconds', timestamp '2018-08-10 04:54:04', 563);
insert into Vigia values ( 'Sacavém', 563);
insert into ProcessoSocorro values ( 563);
insert into EventoEmergencia values ( '914842284', timestamp '2018-09-14 01:41:47', 'Manel Matos', 'Sacavém', 563);
insert into EntidadeMeio values ( 'Bombeiros Voluntários Manel Martinho');
insert into Meio values ( 563, 'Drone', 'Bombeiros Voluntários Manel Martinho');
insert into MeioSocorro values ( 563, 'Bombeiros Voluntários Manel Martinho');
insert into Transporta values ( 563, 'Bombeiros Voluntários Manel Martinho', 3, 454);
insert into Acciona values ( 563, 'Bombeiros Voluntários Manel Martinho', 454);
insert into Coordenador values ( 563);
insert into Camara values ( 564);
insert into Video values ( timestamp '2018-05-03 18:41:19', timestamp '2018-05-04 12:40:15', 564);
insert into SegmentoVideo values ( 0, '18430 seconds', timestamp '2018-05-03 18:41:19', 564);
insert into SegmentoVideo values ( 1, '18548 seconds', timestamp '2018-05-03 18:41:19', 564);
insert into SegmentoVideo values ( 2, '27758 seconds', timestamp '2018-05-03 18:41:19', 564);
insert into Vigia values ( 'Portimão', 564);
insert into ProcessoSocorro values ( 564);
insert into EventoEmergencia values ( '916360721', timestamp '2018-10-04 01:12:40', 'Pedro Valério', 'Portimão', 564);
insert into EntidadeMeio values ( 'Bombeiros Municipais de Alfena');
insert into Meio values ( 564, 'Helicoptero', 'Bombeiros Municipais de Alfena');
insert into MeioCombate values ( 564, 'Bombeiros Municipais de Alfena');
insert into Acciona values ( 564, 'Bombeiros Municipais de Alfena', 198);
insert into Coordenador values ( 564);
insert into Audita values ( 564, 564, 'Bombeiros Municipais de Alfena', 198, timestamp '2018-08-10 10:18:06', timestamp '2018-11-22 06:27:29', date '2018-08-10', 'Conclui que foram cortados cantos ainda, termino a auditoria convicto de que não são necessários mais procedimentos.');
insert into Solicita values ( 564, timestamp '2018-05-03 18:41:19', 564, timestamp '2018-10-09 12:36:28', timestamp '2018-11-07 05:24:28');
insert into Camara values ( 565);
insert into Video values ( timestamp '2018-03-14 16:47:41', timestamp '2018-03-14 20:20:12', 565);
insert into SegmentoVideo values ( 0, '4551 seconds', timestamp '2018-03-14 16:47:41', 565);
insert into SegmentoVideo values ( 1, '4291 seconds', timestamp '2018-03-14 16:47:41', 565);
insert into SegmentoVideo values ( 2, '654 seconds', timestamp '2018-03-14 16:47:41', 565);
insert into SegmentoVideo values ( 3, '1760 seconds', timestamp '2018-03-14 16:47:41', 565);
insert into SegmentoVideo values ( 4, '1495 seconds', timestamp '2018-03-14 16:47:41', 565);
insert into Vigia values ( 'Mirandela', 565);
insert into ProcessoSocorro values ( 565);
insert into EventoEmergencia values ( '910365078', timestamp '2018-04-30 00:50:47', 'Miguel Silva', 'Mirandela', 565);
insert into EntidadeMeio values ( 'Bombeiros Voluntários Marta Rodrigues');
insert into Meio values ( 565, 'Ambulância', 'Bombeiros Voluntários Marta Rodrigues');
insert into MeioApoio values ( 565, 'Bombeiros Voluntários Marta Rodrigues');
insert into Alocado values ( 565, 'Bombeiros Voluntários Marta Rodrigues', 91, 192);
insert into Acciona values ( 565, 'Bombeiros Voluntários Marta Rodrigues', 192);
insert into Coordenador values ( 565);
insert into Camara values ( 566);
insert into Video values ( timestamp '2018-05-30 03:34:55', timestamp '2018-05-30 19:39:08', 566);
insert into SegmentoVideo values ( 0, '39443 seconds', timestamp '2018-05-30 03:34:55', 566);
insert into SegmentoVideo values ( 1, '18410 seconds', timestamp '2018-05-30 03:34:55', 566);
insert into Vigia values ( 'Valongo', 566);
insert into ProcessoSocorro values ( 566);
insert into EventoEmergencia values ( '948948734', timestamp '2018-10-04 05:09:59', 'Miguel Valério', 'Valongo', 566);
insert into EntidadeMeio values ( 'Bombeiros Voluntários Francisco Correia');
insert into Meio values ( 566, 'Bombeiros', 'Bombeiros Voluntários Francisco Correia');
insert into MeioCombate values ( 566, 'Bombeiros Voluntários Francisco Correia');
insert into Acciona values ( 566, 'Bombeiros Voluntários Francisco Correia', 299);
insert into Coordenador values ( 566);
insert into Camara values ( 567);
insert into Video values ( timestamp '2018-11-05 17:16:04', timestamp '2018-11-06 07:29:12', 567);
insert into SegmentoVideo values ( 0, '48718 seconds', timestamp '2018-11-05 17:16:04', 567);
insert into SegmentoVideo values ( 1, '2470 seconds', timestamp '2018-11-05 17:16:04', 567);
insert into Vigia values ( 'Fátima', 567);
insert into ProcessoSocorro values ( 567);
insert into EventoEmergencia values ( '956283739', timestamp '2018-05-28 21:50:44', 'Daniel Figueiredo', 'Fátima', 567);
insert into EntidadeMeio values ( 'Fundação Daniel Gômes');
insert into Meio values ( 567, 'Bombeiros', 'Fundação Daniel Gômes');
insert into MeioCombate values ( 567, 'Fundação Daniel Gômes');
insert into Acciona values ( 567, 'Fundação Daniel Gômes', 469);
insert into Coordenador values ( 567);
insert into Camara values ( 568);
insert into Video values ( timestamp '2018-02-04 10:54:36', timestamp '2018-02-04 13:05:05', 568);
insert into SegmentoVideo values ( 0, '4984 seconds', timestamp '2018-02-04 10:54:36', 568);
insert into SegmentoVideo values ( 1, '2089 seconds', timestamp '2018-02-04 10:54:36', 568);
insert into SegmentoVideo values ( 2, '756 seconds', timestamp '2018-02-04 10:54:36', 568);
insert into Vigia values ( 'Funchal', 568);
insert into ProcessoSocorro values ( 568);
insert into EventoEmergencia values ( '964525469', timestamp '2018-09-20 21:13:26', 'Manel Coelho', 'Funchal', 568);
insert into EntidadeMeio values ( 'Bombeiros Municipais Francisco Coelho');
insert into Meio values ( 568, 'Bombeiros', 'Bombeiros Municipais Francisco Coelho');
insert into MeioCombate values ( 568, 'Bombeiros Municipais Francisco Coelho');
insert into Acciona values ( 568, 'Bombeiros Municipais Francisco Coelho', 361);
insert into Coordenador values ( 568);
insert into Audita values ( 568, 568, 'Bombeiros Municipais Francisco Coelho', 361, timestamp '2018-08-12 07:49:26', timestamp '2018-08-23 10:33:23', date '2018-08-12', 'Tendo concluido a minha auditoria, foram cortados cantos ainda, termino a auditoria convicto de que não são necessários mais procedimentos.');
insert into Solicita values ( 568, timestamp '2018-02-04 10:54:36', 568, timestamp '2018-08-18 15:51:14', timestamp '2018-08-18 17:22:43');
insert into Camara values ( 569);
insert into Video values ( timestamp '2018-01-17 09:07:57', timestamp '2018-01-17 12:41:17', 569);
insert into SegmentoVideo values ( 0, '11244 seconds', timestamp '2018-01-17 09:07:57', 569);
insert into SegmentoVideo values ( 1, '1556 seconds', timestamp '2018-01-17 09:07:57', 569);
insert into Vigia values ( 'Lagos', 569);
insert into ProcessoSocorro values ( 569);
insert into EventoEmergencia values ( '948948184', timestamp '2018-05-08 15:08:13', 'António Valério', 'Lagos', 569);
insert into EntidadeMeio values ( 'Bombeiros Voluntários de Matosinhos');
insert into Meio values ( 569, 'Ambulância', 'Bombeiros Voluntários de Matosinhos');
insert into MeioApoio values ( 569, 'Bombeiros Voluntários de Matosinhos');
insert into Alocado values ( 569, 'Bombeiros Voluntários de Matosinhos', 119, 1);
insert into Acciona values ( 569, 'Bombeiros Voluntários de Matosinhos', 1);
insert into Coordenador values ( 569);
insert into Audita values ( 569, 569, 'Bombeiros Voluntários de Matosinhos', 1, timestamp '2018-09-01 10:47:58', timestamp '2018-10-15 18:31:02', date '2018-09-01', 'Estou convicto que foram realizados todos os possíveis para alcançar um boa resolução por fim deixo a indicação de que uma maior investigação será necessária.');
insert into Solicita values ( 569, timestamp '2018-01-17 09:07:57', 569, timestamp '2018-09-06 15:28:04', timestamp '2018-09-08 07:09:02');
insert into Camara values ( 570);
insert into Video values ( timestamp '2018-07-09 22:00:00', timestamp '2018-07-10 16:57:00', 570);
insert into SegmentoVideo values ( 0, '23430 seconds', timestamp '2018-07-09 22:00:00', 570);
insert into SegmentoVideo values ( 1, '44790 seconds', timestamp '2018-07-09 22:00:00', 570);
insert into Vigia values ( 'Ourém', 570);
insert into ProcessoSocorro values ( 570);
insert into EventoEmergencia values ( '917257140', timestamp '2018-10-16 03:44:58', 'Catarina Nogueira', 'Ourém', 570);
insert into EntidadeMeio values ( 'Hospital de Loulé');
insert into Meio values ( 570, 'Médico', 'Hospital de Loulé');
insert into MeioSocorro values ( 570, 'Hospital de Loulé');
insert into Transporta values ( 570, 'Hospital de Loulé', 6, 543);
insert into Acciona values ( 570, 'Hospital de Loulé', 543);
insert into Coordenador values ( 570);
insert into Audita values ( 570, 570, 'Hospital de Loulé', 543, timestamp '2018-10-26 11:54:13', timestamp '2018-11-08 12:54:50', date '2018-10-26', 'Estou convicto que foram realizados todos os possíveis para alcançar um boa resolução ainda, termino a auditoria convicto de que não são necessários mais procedimentos.');
insert into Solicita values ( 570, timestamp '2018-07-09 22:00:00', 570, timestamp '2018-11-04 23:20:08', timestamp '2018-11-07 08:23:22');
insert into Camara values ( 571);
insert into Video values ( timestamp '2018-03-25 06:43:07', timestamp '2018-03-26 04:09:43', 571);
insert into SegmentoVideo values ( 0, '57242 seconds', timestamp '2018-03-25 06:43:07', 571);
insert into SegmentoVideo values ( 1, '18134 seconds', timestamp '2018-03-25 06:43:07', 571);
insert into SegmentoVideo values ( 2, '1039 seconds', timestamp '2018-03-25 06:43:07', 571);
insert into SegmentoVideo values ( 3, '781.0 seconds', timestamp '2018-03-25 06:43:07', 571);
insert into Vigia values ( 'São Mamede de Infesta', 571);
insert into ProcessoSocorro values ( 571);
insert into EventoEmergencia values ( '950594598', timestamp '2018-01-02 22:46:14', 'Joana Gômes', 'São Mamede de Infesta', 571);
insert into EntidadeMeio values ( 'Hospital de Borba');
insert into Meio values ( 571, 'Médico', 'Hospital de Borba');
insert into MeioSocorro values ( 571, 'Hospital de Borba');
insert into Transporta values ( 571, 'Hospital de Borba', 5, 503);
insert into Acciona values ( 571, 'Hospital de Borba', 503);
insert into Coordenador values ( 571);
insert into Audita values ( 571, 571, 'Hospital de Borba', 503, timestamp '2018-04-01 18:17:08', timestamp '2018-06-12 14:58:30', date '2018-04-01', 'Acredito que todo o processo decorreu dentro da lei ainda, termino a auditoria convicto de que não são necessários mais procedimentos.');
insert into Solicita values ( 571, timestamp '2018-03-25 06:43:07', 571, timestamp '2018-06-05 20:43:56', timestamp '2018-06-08 12:28:34');
insert into Camara values ( 572);
insert into Video values ( timestamp '2018-07-15 15:52:16', timestamp '2018-07-16 05:14:50', 572);
insert into SegmentoVideo values ( 0, '30841 seconds', timestamp '2018-07-15 15:52:16', 572);
insert into SegmentoVideo values ( 1, '9427 seconds', timestamp '2018-07-15 15:52:16', 572);
insert into SegmentoVideo values ( 2, '4216 seconds', timestamp '2018-07-15 15:52:16', 572);
insert into SegmentoVideo values ( 3, '3670 seconds', timestamp '2018-07-15 15:52:16', 572);
insert into Vigia values ( 'Guarda', 572);
insert into ProcessoSocorro values ( 572);
insert into EventoEmergencia values ( '920572090', timestamp '2018-04-28 16:14:30', 'Cristiana Gômes', 'Guarda', 572);
insert into EntidadeMeio values ( 'Fundação de Guarda');
insert into Meio values ( 572, 'Mâscaras de fumo', 'Fundação de Guarda');
insert into MeioCombate values ( 572, 'Fundação de Guarda');
insert into Acciona values ( 572, 'Fundação de Guarda', 188);
insert into Coordenador values ( 572);
insert into Audita values ( 572, 572, 'Fundação de Guarda', 188, timestamp '2018-09-10 19:31:00', timestamp '2018-10-08 09:42:17', date '2018-09-10', 'Conclui que denota-se corrupção por parte de várias entidades assim dou por concluida esta auditoria.');
insert into Solicita values ( 572, timestamp '2018-07-15 15:52:16', 572, timestamp '2018-09-14 18:39:56', timestamp '2018-09-26 21:37:00');
insert into Camara values ( 573);
insert into Video values ( timestamp '2018-10-30 01:50:22', timestamp '2018-10-30 09:51:39', 573);
insert into SegmentoVideo values ( 0, '7088 seconds', timestamp '2018-10-30 01:50:22', 573);
insert into SegmentoVideo values ( 1, '17306 seconds', timestamp '2018-10-30 01:50:22', 573);
insert into SegmentoVideo values ( 2, '4483 seconds', timestamp '2018-10-30 01:50:22', 573);
insert into Vigia values ( 'Vila Nova de Santo André', 573);
insert into ProcessoSocorro values ( 573);
insert into EventoEmergencia values ( '949565794', timestamp '2018-10-18 06:37:07', 'Rita Nicolau', 'Vila Nova de Santo André', 573);
insert into EntidadeMeio values ( 'Junta Miguel Coelho');
insert into Meio values ( 573, 'Garrafas de água', 'Junta Miguel Coelho');
insert into MeioSocorro values ( 573, 'Junta Miguel Coelho');
insert into Transporta values ( 573, 'Junta Miguel Coelho', 6, 425);
insert into Acciona values ( 573, 'Junta Miguel Coelho', 425);
insert into Coordenador values ( 573);
insert into Camara values ( 574);
insert into Video values ( timestamp '2018-06-18 14:28:15', timestamp '2018-06-19 12:29:43', 574);
insert into SegmentoVideo values ( 0, '55197 seconds', timestamp '2018-06-18 14:28:15', 574);
insert into SegmentoVideo values ( 1, '13520 seconds', timestamp '2018-06-18 14:28:15', 574);
insert into SegmentoVideo values ( 2, '10571 seconds', timestamp '2018-06-18 14:28:15', 574);
insert into Vigia values ( 'Vila Real de Santo António', 574);
insert into ProcessoSocorro values ( 574);
insert into EventoEmergencia values ( '965769570', timestamp '2018-04-24 17:38:04', 'Manel Coelho', 'Vila Real de Santo António', 574);
insert into EntidadeMeio values ( 'Camara Pedro Gômes');
insert into Meio values ( 574, 'Ambulância', 'Camara Pedro Gômes');
insert into MeioApoio values ( 574, 'Camara Pedro Gômes');
insert into Alocado values ( 574, 'Camara Pedro Gômes', 11, 165);
insert into Acciona values ( 574, 'Camara Pedro Gômes', 165);
insert into Coordenador values ( 574);
insert into Audita values ( 574, 574, 'Camara Pedro Gômes', 165, timestamp '2018-11-11 17:53:03', timestamp '2018-11-16 19:24:41', date '2018-11-11', 'Tendo concluido a minha auditoria, todo o processo decorreu dentro da lei por fim deixo a indicação de que uma maior investigação será necessária.');
insert into Solicita values ( 574, timestamp '2018-06-18 14:28:15', 574, timestamp '2018-11-13 00:08:20', timestamp '2018-11-16 11:10:45');
insert into Camara values ( 575);
insert into Video values ( timestamp '2018-02-11 02:15:03', timestamp '2018-02-11 17:32:06', 575);
insert into SegmentoVideo values ( 0, '26762 seconds', timestamp '2018-02-11 02:15:03', 575);
insert into SegmentoVideo values ( 1, '28261 seconds', timestamp '2018-02-11 02:15:03', 575);
insert into Vigia values ( 'Mangualde', 575);
insert into ProcessoSocorro values ( 575);
insert into EventoEmergencia values ( '925895407', timestamp '2018-06-06 19:08:50', 'Ana Gômes', 'Mangualde', 575);
insert into EntidadeMeio values ( 'Bombeiros Municipais de Silves');
insert into Meio values ( 575, 'Paramédico', 'Bombeiros Municipais de Silves');
insert into MeioSocorro values ( 575, 'Bombeiros Municipais de Silves');
insert into Transporta values ( 575, 'Bombeiros Municipais de Silves', 4, 25);
insert into Acciona values ( 575, 'Bombeiros Municipais de Silves', 25);
insert into Coordenador values ( 575);
insert into Camara values ( 576);
insert into Video values ( timestamp '2018-11-05 02:58:49', timestamp '2018-11-05 20:01:10', 576);
insert into SegmentoVideo values ( 0, '21110 seconds', timestamp '2018-11-05 02:58:49', 576);
insert into SegmentoVideo values ( 1, '12675 seconds', timestamp '2018-11-05 02:58:49', 576);
insert into SegmentoVideo values ( 2, '27556 seconds', timestamp '2018-11-05 02:58:49', 576);
insert into Vigia values ( 'Oliveira do Bairro', 576);
insert into ProcessoSocorro values ( 576);
insert into EventoEmergencia values ( '929685163', timestamp '2018-08-24 07:26:13', 'Marta Correia', 'Oliveira do Bairro', 576);
insert into EntidadeMeio values ( 'Quartel Francisco Coelho');
insert into Meio values ( 576, 'Rações', 'Quartel Francisco Coelho');
insert into MeioCombate values ( 576, 'Quartel Francisco Coelho');
insert into Acciona values ( 576, 'Quartel Francisco Coelho', 382);
insert into Coordenador values ( 576);
insert into Camara values ( 577);
insert into Video values ( timestamp '2018-10-26 21:24:45', timestamp '2018-10-26 21:43:03', 577);
insert into SegmentoVideo values ( 0, '1098.0 seconds', timestamp '2018-10-26 21:24:45', 577);
insert into Vigia values ( 'Rio Tinto', 577);
insert into ProcessoSocorro values ( 577);
insert into EventoEmergencia values ( '921061960', timestamp '2018-08-10 05:05:48', 'Francisco Guerreiro', 'Rio Tinto', 577);
insert into EntidadeMeio values ( 'Bombeiros Municipais de Almeirim');
insert into Meio values ( 577, 'Rações', 'Bombeiros Municipais de Almeirim');
insert into MeioCombate values ( 577, 'Bombeiros Municipais de Almeirim');
insert into Acciona values ( 577, 'Bombeiros Municipais de Almeirim', 241);
insert into Coordenador values ( 577);
insert into Audita values ( 577, 577, 'Bombeiros Municipais de Almeirim', 241, timestamp '2018-11-24 13:07:58', timestamp '2018-11-24 19:46:54', date '2018-11-24', 'Conclui que todo o processo decorreu dentro da lei assim dou por concluida esta auditoria.');
insert into Solicita values ( 577, timestamp '2018-10-26 21:24:45', 577, timestamp '2018-11-24 16:00:36', timestamp '2018-11-24 16:49:38');
insert into Camara values ( 578);
insert into Video values ( timestamp '2018-03-25 09:39:44', timestamp '2018-03-26 03:42:51', 578);
insert into SegmentoVideo values ( 0, '26523 seconds', timestamp '2018-03-25 09:39:44', 578);
insert into SegmentoVideo values ( 1, '38464 seconds', timestamp '2018-03-25 09:39:44', 578);
insert into Vigia values ( 'Agualva-Cacém', 578);
insert into ProcessoSocorro values ( 578);
insert into EventoEmergencia values ( '933102475', timestamp '2018-07-15 09:44:18', 'Manel Figueiredo', 'Agualva-Cacém', 578);
insert into EntidadeMeio values ( 'Quartel Catarina Gômes');
insert into Meio values ( 578, 'Médico', 'Quartel Catarina Gômes');
insert into MeioSocorro values ( 578, 'Quartel Catarina Gômes');
insert into Transporta values ( 578, 'Quartel Catarina Gômes', 3, 171);
insert into Acciona values ( 578, 'Quartel Catarina Gômes', 171);
insert into Coordenador values ( 578);
insert into Audita values ( 578, 578, 'Quartel Catarina Gômes', 171, timestamp '2018-11-07 10:06:29', timestamp '2018-11-15 06:37:02', date '2018-11-07', 'Tendo concluido a minha auditoria, denota-se corrupção por parte de várias entidades ainda, termino a auditoria convicto de que não são necessários mais procedimentos.');
insert into Solicita values ( 578, timestamp '2018-03-25 09:39:44', 578, timestamp '2018-11-09 17:48:26', timestamp '2018-11-10 12:32:44');
insert into Camara values ( 579);
insert into Video values ( timestamp '2018-01-05 13:36:48', timestamp '2018-01-06 01:22:33', 579);
insert into SegmentoVideo values ( 0, '18994 seconds', timestamp '2018-01-05 13:36:48', 579);
insert into SegmentoVideo values ( 1, '3736 seconds', timestamp '2018-01-05 13:36:48', 579);
insert into SegmentoVideo values ( 2, '19615 seconds', timestamp '2018-01-05 13:36:48', 579);
insert into Vigia values ( 'Penafiel', 579);
insert into ProcessoSocorro values ( 579);
insert into EventoEmergencia values ( '943255343', timestamp '2018-05-11 16:00:23', 'António Valério', 'Penafiel', 579);
insert into EntidadeMeio values ( 'Camara de Valbom');
insert into Meio values ( 579, 'Psicólogo', 'Camara de Valbom');
insert into MeioSocorro values ( 579, 'Camara de Valbom');
insert into Transporta values ( 579, 'Camara de Valbom', 5, 215);
insert into Acciona values ( 579, 'Camara de Valbom', 215);
insert into Coordenador values ( 579);
insert into Camara values ( 580);
insert into Video values ( timestamp '2018-09-16 04:51:58', timestamp '2018-09-16 06:17:25', 580);
insert into SegmentoVideo values ( 0, '2767 seconds', timestamp '2018-09-16 04:51:58', 580);
insert into SegmentoVideo values ( 1, '1294 seconds', timestamp '2018-09-16 04:51:58', 580);
insert into SegmentoVideo values ( 2, '1066 seconds', timestamp '2018-09-16 04:51:58', 580);
insert into Vigia values ( 'Miranda do Douro', 580);
insert into ProcessoSocorro values ( 580);
insert into EventoEmergencia values ( '958888066', timestamp '2018-08-26 18:38:27', 'Miguel Guerreiro', 'Miranda do Douro', 580);
insert into EntidadeMeio values ( 'Quartel Cristiana Abreu');
insert into Meio values ( 580, 'Camião', 'Quartel Cristiana Abreu');
insert into MeioApoio values ( 580, 'Quartel Cristiana Abreu');
insert into Alocado values ( 580, 'Quartel Cristiana Abreu', 52, 353);
insert into Acciona values ( 580, 'Quartel Cristiana Abreu', 353);
insert into Coordenador values ( 580);
insert into Camara values ( 581);
insert into Video values ( timestamp '2018-08-13 19:38:53', timestamp '2018-08-14 05:31:39', 581);
insert into SegmentoVideo values ( 0, '32323 seconds', timestamp '2018-08-13 19:38:53', 581);
insert into SegmentoVideo values ( 1, '2347 seconds', timestamp '2018-08-13 19:38:53', 581);
insert into SegmentoVideo values ( 2, '35 seconds', timestamp '2018-08-13 19:38:53', 581);
insert into SegmentoVideo values ( 3, '861 seconds', timestamp '2018-08-13 19:38:53', 581);
insert into Vigia values ( 'Rio Tinto', 581);
insert into ProcessoSocorro values ( 581);
insert into EventoEmergencia values ( '958983309', timestamp '2018-03-12 18:38:01', 'Manel Rodrigues', 'Rio Tinto', 581);
insert into EntidadeMeio values ( 'Bombeiros Voluntários João Correia');
insert into Meio values ( 581, 'Ambulância', 'Bombeiros Voluntários João Correia');
insert into MeioApoio values ( 581, 'Bombeiros Voluntários João Correia');
insert into Alocado values ( 581, 'Bombeiros Voluntários João Correia', 155, 463);
insert into Acciona values ( 581, 'Bombeiros Voluntários João Correia', 463);
insert into Coordenador values ( 581);
insert into Audita values ( 581, 581, 'Bombeiros Voluntários João Correia', 463, timestamp '2018-07-30 10:40:01', timestamp '2018-09-04 16:09:07', date '2018-07-30', 'Estou convicto que denota-se corrupção por parte de várias entidades por fim deixo a indicação de que uma maior investigação será necessária.');
insert into Solicita values ( 581, timestamp '2018-08-13 19:38:53', 581, timestamp '2018-08-20 13:46:10', timestamp '2018-08-30 08:00:59');
insert into Camara values ( 582);
insert into Video values ( timestamp '2018-07-05 15:18:11', timestamp '2018-07-06 08:59:19', 582);
insert into SegmentoVideo values ( 0, '58663 seconds', timestamp '2018-07-05 15:18:11', 582);
insert into SegmentoVideo values ( 1, '5005 seconds', timestamp '2018-07-05 15:18:11', 582);
insert into Vigia values ( 'Alverca do Ribatejo', 582);
insert into ProcessoSocorro values ( 582);
insert into EventoEmergencia values ( '913647829', timestamp '2018-03-15 04:59:42', 'Ana Figueiredo', 'Alverca do Ribatejo', 582);
insert into EntidadeMeio values ( 'Quartel de Cantanhede');
insert into Meio values ( 582, 'Mâscaras de fumo', 'Quartel de Cantanhede');
insert into MeioCombate values ( 582, 'Quartel de Cantanhede');
insert into Acciona values ( 582, 'Quartel de Cantanhede', 14);
insert into Coordenador values ( 582);
insert into Camara values ( 583);
insert into Video values ( timestamp '2018-08-26 04:15:22', timestamp '2018-08-26 15:00:32', 583);
insert into SegmentoVideo values ( 0, '13640 seconds', timestamp '2018-08-26 04:15:22', 583);
insert into SegmentoVideo values ( 1, '25070 seconds', timestamp '2018-08-26 04:15:22', 583);
insert into Vigia values ( 'Freamunde', 583);
insert into ProcessoSocorro values ( 583);
insert into EventoEmergencia values ( '962184753', timestamp '2018-03-30 02:43:28', 'Cristiana Margato', 'Freamunde', 583);
insert into EntidadeMeio values ( 'Fundação de São Pedro do Sul');
insert into Meio values ( 583, 'Médico', 'Fundação de São Pedro do Sul');
insert into MeioSocorro values ( 583, 'Fundação de São Pedro do Sul');
insert into Transporta values ( 583, 'Fundação de São Pedro do Sul', 2, 378);
insert into Acciona values ( 583, 'Fundação de São Pedro do Sul', 378);
insert into Coordenador values ( 583);
insert into Camara values ( 584);
insert into Video values ( timestamp '2018-01-13 07:18:35', timestamp '2018-01-13 21:40:28', 584);
insert into SegmentoVideo values ( 0, '16606 seconds', timestamp '2018-01-13 07:18:35', 584);
insert into SegmentoVideo values ( 1, '35107 seconds', timestamp '2018-01-13 07:18:35', 584);
insert into Vigia values ( 'Fiães', 584);
insert into ProcessoSocorro values ( 584);
insert into EventoEmergencia values ( '911498425', timestamp '2018-09-23 21:20:05', 'António Nogueira', 'Fiães', 584);
insert into EntidadeMeio values ( 'Camara Ana Figueiredo');
insert into Meio values ( 584, 'Drone', 'Camara Ana Figueiredo');
insert into MeioSocorro values ( 584, 'Camara Ana Figueiredo');
insert into Transporta values ( 584, 'Camara Ana Figueiredo', 3, 479);
insert into Acciona values ( 584, 'Camara Ana Figueiredo', 479);
insert into Coordenador values ( 584);
insert into Camara values ( 585);
insert into Video values ( timestamp '2018-02-22 13:44:04', timestamp '2018-02-23 05:49:19', 585);
insert into SegmentoVideo values ( 0, '51671 seconds', timestamp '2018-02-22 13:44:04', 585);
insert into SegmentoVideo values ( 1, '6244 seconds', timestamp '2018-02-22 13:44:04', 585);
insert into Vigia values ( 'Freamunde', 585);
insert into ProcessoSocorro values ( 585);
insert into EventoEmergencia values ( '957255641', timestamp '2018-10-07 23:40:31', 'Manel Valério', 'Freamunde', 585);
insert into EntidadeMeio values ( 'Junta Carolina Antunes');
insert into Meio values ( 585, 'Kit de primeiros socorros', 'Junta Carolina Antunes');
insert into MeioSocorro values ( 585, 'Junta Carolina Antunes');
insert into Transporta values ( 585, 'Junta Carolina Antunes', 4, 393);
insert into Acciona values ( 585, 'Junta Carolina Antunes', 393);
insert into Coordenador values ( 585);
insert into Camara values ( 586);
insert into Video values ( timestamp '2018-08-18 16:54:57', timestamp '2018-08-19 11:26:32', 586);
insert into SegmentoVideo values ( 0, '52961 seconds', timestamp '2018-08-18 16:54:57', 586);
insert into SegmentoVideo values ( 1, '13734 seconds', timestamp '2018-08-18 16:54:57', 586);
insert into Vigia values ( 'Faro', 586);
insert into ProcessoSocorro values ( 586);
insert into EventoEmergencia values ( '935765215', timestamp '2018-01-21 10:02:57', 'Cristiana Abreu', 'Faro', 586);
insert into EntidadeMeio values ( 'Junta de Ourém');
insert into Meio values ( 586, 'Maca', 'Junta de Ourém');
insert into MeioApoio values ( 586, 'Junta de Ourém');
insert into Alocado values ( 586, 'Junta de Ourém', 82, 394);
insert into Acciona values ( 586, 'Junta de Ourém', 394);
insert into Coordenador values ( 586);
insert into Audita values ( 586, 586, 'Junta de Ourém', 394, timestamp '2018-03-11 11:30:24', timestamp '2018-05-29 21:43:37', date '2018-03-11', 'Acredito que foram cortados cantos ainda, termino a auditoria convicto de que não são necessários mais procedimentos.');
insert into Solicita values ( 586, timestamp '2018-08-18 16:54:57', 586, timestamp '2018-05-16 05:45:35', timestamp '2018-05-21 04:32:39');
insert into Camara values ( 587);
insert into Video values ( timestamp '2018-01-15 06:02:09', timestamp '2018-01-15 21:02:16', 587);
insert into SegmentoVideo values ( 0, '26103 seconds', timestamp '2018-01-15 06:02:09', 587);
insert into SegmentoVideo values ( 1, '27904 seconds', timestamp '2018-01-15 06:02:09', 587);
insert into Vigia values ( 'Vila Nova de Santo André', 587);
insert into ProcessoSocorro values ( 587);
insert into EventoEmergencia values ( '911555194', timestamp '2018-04-11 14:43:17', 'Miguel Correia', 'Vila Nova de Santo André', 587);
insert into EntidadeMeio values ( 'Camara de Vizela');
insert into Meio values ( 587, 'Garrafas de água', 'Camara de Vizela');
insert into MeioSocorro values ( 587, 'Camara de Vizela');
insert into Transporta values ( 587, 'Camara de Vizela', 5, 534);
insert into Acciona values ( 587, 'Camara de Vizela', 534);
insert into Coordenador values ( 587);
insert into Audita values ( 587, 587, 'Camara de Vizela', 534, timestamp '2018-08-17 04:22:55', timestamp '2018-08-26 11:21:29', date '2018-08-17', 'Conclui que foram cortados cantos assim dou por concluida esta auditoria.');
insert into Solicita values ( 587, timestamp '2018-01-15 06:02:09', 587, timestamp '2018-08-22 22:07:39', timestamp '2018-08-25 16:24:13');
insert into Camara values ( 588);
insert into Video values ( timestamp '2018-05-24 03:11:20', timestamp '2018-05-24 20:24:32', 588);
insert into SegmentoVideo values ( 0, '6485 seconds', timestamp '2018-05-24 03:11:20', 588);
insert into SegmentoVideo values ( 1, '55507 seconds', timestamp '2018-05-24 03:11:20', 588);
insert into Vigia values ( 'Montijo', 588);
insert into ProcessoSocorro values ( 588);
insert into EventoEmergencia values ( '927796581', timestamp '2018-11-21 17:14:43', 'Rita Correia', 'Montijo', 588);
insert into EntidadeMeio values ( 'Camara de Felgueiras');
insert into Meio values ( 588, 'Carro', 'Camara de Felgueiras');
insert into MeioApoio values ( 588, 'Camara de Felgueiras');
insert into Alocado values ( 588, 'Camara de Felgueiras', 116, 228);
insert into Acciona values ( 588, 'Camara de Felgueiras', 228);
insert into Coordenador values ( 588);
insert into Camara values ( 589);
insert into Video values ( timestamp '2018-02-28 18:25:16', timestamp '2018-03-01 12:41:58', 589);
insert into SegmentoVideo values ( 0, '43854 seconds', timestamp '2018-02-28 18:25:16', 589);
insert into SegmentoVideo values ( 1, '21948 seconds', timestamp '2018-02-28 18:25:16', 589);
insert into Vigia values ( 'Lordelo', 589);
insert into ProcessoSocorro values ( 589);
insert into EventoEmergencia values ( '936286918', timestamp '2018-02-13 01:22:24', 'Ana Margato', 'Lordelo', 589);
insert into EntidadeMeio values ( 'Camara de Póvoa de Santa Iria');
insert into Meio values ( 589, 'Desfibrilhador', 'Camara de Póvoa de Santa Iria');
insert into MeioSocorro values ( 589, 'Camara de Póvoa de Santa Iria');
insert into Transporta values ( 589, 'Camara de Póvoa de Santa Iria', 6, 521);
insert into Acciona values ( 589, 'Camara de Póvoa de Santa Iria', 521);
insert into Coordenador values ( 589);
insert into Audita values ( 589, 589, 'Camara de Póvoa de Santa Iria', 521, timestamp '2018-10-05 08:21:21', timestamp '2018-11-12 23:43:38', date '2018-10-05', 'Estou convicto que foram cortados cantos por fim deixo a indicação de que uma maior investigação será necessária.');
insert into Solicita values ( 589, timestamp '2018-02-28 18:25:16', 589, timestamp '2018-10-31 10:27:08', timestamp '2018-11-11 23:30:37');
insert into Camara values ( 590);
insert into Video values ( timestamp '2018-05-04 00:27:53', timestamp '2018-05-04 19:25:23', 590);
insert into SegmentoVideo values ( 0, '34720 seconds', timestamp '2018-05-04 00:27:53', 590);
insert into SegmentoVideo values ( 1, '14314 seconds', timestamp '2018-05-04 00:27:53', 590);
insert into SegmentoVideo values ( 2, '4725 seconds', timestamp '2018-05-04 00:27:53', 590);
insert into SegmentoVideo values ( 3, '14491 seconds', timestamp '2018-05-04 00:27:53', 590);
insert into Vigia values ( 'Entroncamento', 590);
insert into ProcessoSocorro values ( 590);
insert into EventoEmergencia values ( '922712018', timestamp '2018-08-27 02:25:34', 'Inês Rodrigues', 'Entroncamento', 590);
insert into EntidadeMeio values ( 'Hospital de Portalegre');
insert into Meio values ( 590, 'Ambulância', 'Hospital de Portalegre');
insert into MeioApoio values ( 590, 'Hospital de Portalegre');
insert into Alocado values ( 590, 'Hospital de Portalegre', 160, 163);
insert into Acciona values ( 590, 'Hospital de Portalegre', 163);
insert into Coordenador values ( 590);
insert into Audita values ( 590, 590, 'Hospital de Portalegre', 163, timestamp '2018-10-26 06:21:10', timestamp '2018-11-19 03:32:09', date '2018-10-26', 'Conclui que denota-se corrupção por parte de várias entidades assim dou por concluida esta auditoria.');
insert into Solicita values ( 590, timestamp '2018-05-04 00:27:53', 590, timestamp '2018-11-10 18:33:07', timestamp '2018-11-14 10:31:46');
insert into Camara values ( 591);
insert into Video values ( timestamp '2018-03-15 11:23:06', timestamp '2018-03-15 19:21:21', 591);
insert into SegmentoVideo values ( 0, '2586 seconds', timestamp '2018-03-15 11:23:06', 591);
insert into SegmentoVideo values ( 1, '26109 seconds', timestamp '2018-03-15 11:23:06', 591);
insert into Vigia values ( 'Torres Vedras', 591);
insert into ProcessoSocorro values ( 591);
insert into EventoEmergencia values ( '951241228', timestamp '2018-07-25 05:19:37', 'Cristiana Rodrigues', 'Torres Vedras', 591);
insert into EntidadeMeio values ( 'Hospital de Praia da Vitória');
insert into Meio values ( 591, 'Mâscaras de fumo', 'Hospital de Praia da Vitória');
insert into MeioCombate values ( 591, 'Hospital de Praia da Vitória');
insert into Acciona values ( 591, 'Hospital de Praia da Vitória', 573);
insert into Coordenador values ( 591);
insert into Camara values ( 592);
insert into Video values ( timestamp '2018-11-13 09:40:54', timestamp '2018-11-14 04:17:41', 592);
insert into SegmentoVideo values ( 0, '1523 seconds', timestamp '2018-11-13 09:40:54', 592);
insert into SegmentoVideo values ( 1, '33057 seconds', timestamp '2018-11-13 09:40:54', 592);
insert into SegmentoVideo values ( 2, '11081 seconds', timestamp '2018-11-13 09:40:54', 592);
insert into SegmentoVideo values ( 3, '21346 seconds', timestamp '2018-11-13 09:40:54', 592);
insert into Vigia values ( 'Lourosa', 592);
insert into ProcessoSocorro values ( 592);
insert into EventoEmergencia values ( '917273715', timestamp '2018-03-27 07:54:03', 'Manel Gômes', 'Lourosa', 592);
insert into EntidadeMeio values ( 'Quartel de Rio Maior');
insert into Meio values ( 592, 'Carro de Bombeiros', 'Quartel de Rio Maior');
insert into MeioCombate values ( 592, 'Quartel de Rio Maior');
insert into Acciona values ( 592, 'Quartel de Rio Maior', 565);
insert into Coordenador values ( 592);
insert into Camara values ( 593);
insert into Video values ( timestamp '2018-01-26 05:04:52', timestamp '2018-01-26 11:57:28', 593);
insert into SegmentoVideo values ( 0, '11520 seconds', timestamp '2018-01-26 05:04:52', 593);
insert into SegmentoVideo values ( 1, '13236 seconds', timestamp '2018-01-26 05:04:52', 593);
insert into Vigia values ( 'Lamego', 593);
insert into ProcessoSocorro values ( 593);
insert into EventoEmergencia values ( '960074962', timestamp '2018-03-01 02:21:26', 'Manel Abreu', 'Lamego', 593);
insert into EntidadeMeio values ( 'Camara de Covilhã');
insert into Meio values ( 593, 'Helicoptero', 'Camara de Covilhã');
insert into MeioApoio values ( 593, 'Camara de Covilhã');
insert into Alocado values ( 593, 'Camara de Covilhã', 47, 148);
insert into Acciona values ( 593, 'Camara de Covilhã', 148);
insert into Coordenador values ( 593);
insert into Audita values ( 593, 593, 'Camara de Covilhã', 148, timestamp '2018-01-24 22:40:20', timestamp '2018-08-18 01:59:51', date '2018-01-24', 'Com base na minha análise, foram realizados todos os possíveis para alcançar um boa resolução ainda, termino a auditoria convicto de que não são necessários mais procedimentos.');
insert into Solicita values ( 593, timestamp '2018-01-26 05:04:52', 593, timestamp '2018-03-20 15:24:12', timestamp '2018-06-28 14:27:15');
insert into Camara values ( 594);
insert into Video values ( timestamp '2018-07-12 17:47:45', timestamp '2018-07-13 10:02:36', 594);
insert into SegmentoVideo values ( 0, '55731 seconds', timestamp '2018-07-12 17:47:45', 594);
insert into SegmentoVideo values ( 1, '2760 seconds', timestamp '2018-07-12 17:47:45', 594);
insert into Vigia values ( 'Alfena', 594);
insert into ProcessoSocorro values ( 594);
insert into EventoEmergencia values ( '936966032', timestamp '2018-04-09 08:46:36', 'Tiago Margato', 'Alfena', 594);
insert into EntidadeMeio values ( 'Esquadra Miguel Correia');
insert into Meio values ( 594, 'Médico', 'Esquadra Miguel Correia');
insert into MeioSocorro values ( 594, 'Esquadra Miguel Correia');
insert into Transporta values ( 594, 'Esquadra Miguel Correia', 4, 381);
insert into Acciona values ( 594, 'Esquadra Miguel Correia', 381);
insert into Coordenador values ( 594);
insert into Audita values ( 594, 594, 'Esquadra Miguel Correia', 381, timestamp '2018-10-29 21:19:58', timestamp '2018-11-04 13:05:00', date '2018-10-29', 'Com base na minha análise, foram realizados todos os possíveis para alcançar um boa resolução ainda, termino a auditoria convicto de que não são necessários mais procedimentos.');
insert into Solicita values ( 594, timestamp '2018-07-12 17:47:45', 594, timestamp '2018-11-03 15:28:09', timestamp '2018-11-04 00:51:28');
insert into Camara values ( 595);
insert into Video values ( timestamp '2018-03-24 18:44:30', timestamp '2018-03-25 08:11:14', 595);
insert into SegmentoVideo values ( 0, '28766 seconds', timestamp '2018-03-24 18:44:30', 595);
insert into SegmentoVideo values ( 1, '16038 seconds', timestamp '2018-03-24 18:44:30', 595);
insert into Vigia values ( 'Anadia', 595);
insert into ProcessoSocorro values ( 595);
insert into EventoEmergencia values ( '966304761', timestamp '2018-01-01 05:14:55', 'Ana Nicolau', 'Anadia', 595);
insert into EntidadeMeio values ( 'Bombeiros Voluntários de Oliveira do Bairro');
insert into Meio values ( 595, 'Camião', 'Bombeiros Voluntários de Oliveira do Bairro');
insert into MeioApoio values ( 595, 'Bombeiros Voluntários de Oliveira do Bairro');
insert into Alocado values ( 595, 'Bombeiros Voluntários de Oliveira do Bairro', 143, 358);
insert into Acciona values ( 595, 'Bombeiros Voluntários de Oliveira do Bairro', 358);
insert into Coordenador values ( 595);
insert into Audita values ( 595, 595, 'Bombeiros Voluntários de Oliveira do Bairro', 358, timestamp '2018-11-09 16:40:25', timestamp '2018-11-12 22:51:36', date '2018-11-09', 'Acredito que foram realizados todos os possíveis para alcançar um boa resolução ainda, termino a auditoria convicto de que não são necessários mais procedimentos.');
insert into Solicita values ( 595, timestamp '2018-03-24 18:44:30', 595, timestamp '2018-11-12 09:32:53', timestamp '2018-11-12 11:41:25');
insert into Camara values ( 596);
insert into Video values ( timestamp '2018-11-04 15:56:23', timestamp '2018-11-05 10:34:05', 596);
insert into SegmentoVideo values ( 0, '62997 seconds', timestamp '2018-11-04 15:56:23', 596);
insert into SegmentoVideo values ( 1, '4065 seconds', timestamp '2018-11-04 15:56:23', 596);
insert into Vigia values ( 'Barreiro', 596);
insert into ProcessoSocorro values ( 596);
insert into EventoEmergencia values ( '942843412', timestamp '2018-02-19 09:24:42', 'João Abreu', 'Barreiro', 596);
insert into EntidadeMeio values ( 'Bombeiros Municipais Rita Antunes');
insert into Meio values ( 596, 'Helicoptero', 'Bombeiros Municipais Rita Antunes');
insert into MeioApoio values ( 596, 'Bombeiros Municipais Rita Antunes');
insert into Alocado values ( 596, 'Bombeiros Municipais Rita Antunes', 87, 210);
insert into Acciona values ( 596, 'Bombeiros Municipais Rita Antunes', 210);
insert into Coordenador values ( 596);
insert into Camara values ( 597);
insert into Video values ( timestamp '2018-07-23 02:49:43', timestamp '2018-07-23 05:19:48', 597);
insert into SegmentoVideo values ( 0, '311 seconds', timestamp '2018-07-23 02:49:43', 597);
insert into SegmentoVideo values ( 1, '8694 seconds', timestamp '2018-07-23 02:49:43', 597);
insert into Vigia values ( 'Anadia', 597);
insert into ProcessoSocorro values ( 597);
insert into EventoEmergencia values ( '929036338', timestamp '2018-06-27 21:53:59', 'João Valério', 'Anadia', 597);
insert into EntidadeMeio values ( 'Esquadra Tiago Silva');
insert into Meio values ( 597, 'Psicólogo', 'Esquadra Tiago Silva');
insert into MeioSocorro values ( 597, 'Esquadra Tiago Silva');
insert into Transporta values ( 597, 'Esquadra Tiago Silva', 5, 123);
insert into Acciona values ( 597, 'Esquadra Tiago Silva', 123);
insert into Coordenador values ( 597);
insert into Camara values ( 598);
insert into Video values ( timestamp '2018-01-28 14:34:46', timestamp '2018-01-28 20:35:28', 598);
insert into SegmentoVideo values ( 0, '10641 seconds', timestamp '2018-01-28 14:34:46', 598);
insert into SegmentoVideo values ( 1, '11001 seconds', timestamp '2018-01-28 14:34:46', 598);
insert into Vigia values ( 'Évora', 598);
insert into ProcessoSocorro values ( 598);
insert into EventoEmergencia values ( '914418237', timestamp '2018-05-04 13:33:53', 'António Vitorino', 'Évora', 598);
insert into EntidadeMeio values ( 'Fundação Rita Guerreiro');
insert into Meio values ( 598, 'Maca', 'Fundação Rita Guerreiro');
insert into MeioApoio values ( 598, 'Fundação Rita Guerreiro');
insert into Alocado values ( 598, 'Fundação Rita Guerreiro', 41, 227);
insert into Acciona values ( 598, 'Fundação Rita Guerreiro', 227);
insert into Coordenador values ( 598);
insert into Audita values ( 598, 598, 'Fundação Rita Guerreiro', 227, timestamp '2018-10-06 16:04:29', timestamp '2018-10-29 16:51:55', date '2018-10-06', 'Estou convicto que foram cortados cantos ainda, termino a auditoria convicto de que não são necessários mais procedimentos.');
insert into Solicita values ( 598, timestamp '2018-01-28 14:34:46', 598, timestamp '2018-10-17 10:37:14', timestamp '2018-10-23 07:36:02');
insert into Camara values ( 599);
insert into Video values ( timestamp '2018-03-26 00:01:56', timestamp '2018-03-26 00:28:27', 599);
insert into SegmentoVideo values ( 0, '1591.0 seconds', timestamp '2018-03-26 00:01:56', 599);
insert into Vigia values ( 'Vila Franca de Xira', 599);
insert into ProcessoSocorro values ( 599);
insert into EventoEmergencia values ( '952497339', timestamp '2018-11-21 20:48:41', 'João Matos', 'Vila Franca de Xira', 599);
insert into EntidadeMeio values ( 'Quartel Manel Rodrigues');
insert into Meio values ( 599, 'Maca', 'Quartel Manel Rodrigues');
insert into MeioApoio values ( 599, 'Quartel Manel Rodrigues');
insert into Alocado values ( 599, 'Quartel Manel Rodrigues', 58, 588);
insert into Acciona values ( 599, 'Quartel Manel Rodrigues', 588);
insert into Coordenador values ( 599);
insert into Audita values ( 599, 599, 'Quartel Manel Rodrigues', 588, timestamp '2018-11-24 03:43:50', timestamp '2018-11-24 19:35:40', date '2018-11-24', 'Estou convicto que foram cortados cantos assim dou por concluida esta auditoria.');
insert into Solicita values ( 599, timestamp '2018-03-26 00:01:56', 599, timestamp '2018-11-24 16:17:08', timestamp '2018-11-24 17:18:45');
insert into Camara values ( 600);
insert into Video values ( timestamp '2018-03-08 02:49:44', timestamp '2018-03-08 06:32:35', 600);
insert into SegmentoVideo values ( 0, '4897 seconds', timestamp '2018-03-08 02:49:44', 600);
insert into SegmentoVideo values ( 1, '8474 seconds', timestamp '2018-03-08 02:49:44', 600);
insert into Vigia values ( 'Vila Real de Santo António', 600);
insert into ProcessoSocorro values ( 600);
insert into EventoEmergencia values ( '962077567', timestamp '2018-11-19 20:22:20', 'Tiago Rodrigues', 'Vila Real de Santo António', 600);
insert into EntidadeMeio values ( 'Fundação António Margato');
insert into Meio values ( 600, 'Desfibrilhador', 'Fundação António Margato');
insert into MeioSocorro values ( 600, 'Fundação António Margato');
insert into Transporta values ( 600, 'Fundação António Margato', 5, 360);
insert into Acciona values ( 600, 'Fundação António Margato', 360);
insert into Coordenador values ( 600);
insert into Camara values ( 601);
insert into Video values ( timestamp '2018-08-26 08:58:46', timestamp '2018-08-27 00:32:01', 601);
insert into SegmentoVideo values ( 0, '35371 seconds', timestamp '2018-08-26 08:58:46', 601);
insert into SegmentoVideo values ( 1, '8818 seconds', timestamp '2018-08-26 08:58:46', 601);
insert into SegmentoVideo values ( 2, '11806 seconds', timestamp '2018-08-26 08:58:46', 601);
insert into Vigia values ( 'Peniche', 601);
insert into ProcessoSocorro values ( 601);
insert into EventoEmergencia values ( '955057520', timestamp '2018-01-22 09:40:27', 'Ana Margato', 'Peniche', 601);
insert into EntidadeMeio values ( 'Quartel de Seia');
insert into Meio values ( 601, 'Maca', 'Quartel de Seia');
insert into MeioApoio values ( 601, 'Quartel de Seia');
insert into Alocado values ( 601, 'Quartel de Seia', 42, 76);
insert into Acciona values ( 601, 'Quartel de Seia', 76);
insert into Coordenador values ( 601);
insert into Camara values ( 602);
insert into Video values ( timestamp '2018-04-27 01:52:51', timestamp '2018-04-27 12:28:45', 602);
insert into SegmentoVideo values ( 0, '33485 seconds', timestamp '2018-04-27 01:52:51', 602);
insert into SegmentoVideo values ( 1, '57 seconds', timestamp '2018-04-27 01:52:51', 602);
insert into SegmentoVideo values ( 2, '4612 seconds', timestamp '2018-04-27 01:52:51', 602);
insert into Vigia values ( 'Tarouca', 602);
insert into ProcessoSocorro values ( 602);
insert into EventoEmergencia values ( '923998493', timestamp '2018-07-28 23:57:11', 'Catarina Guerreiro', 'Tarouca', 602);
insert into EntidadeMeio values ( 'Hospital Pedro Margato');
insert into Meio values ( 602, 'Camião', 'Hospital Pedro Margato');
insert into MeioApoio values ( 602, 'Hospital Pedro Margato');
insert into Alocado values ( 602, 'Hospital Pedro Margato', 24, 351);
insert into Acciona values ( 602, 'Hospital Pedro Margato', 351);
insert into Coordenador values ( 602);
insert into Audita values ( 602, 602, 'Hospital Pedro Margato', 351, timestamp '2018-09-23 21:38:45', timestamp '2018-10-20 12:18:30', date '2018-09-23', 'Tendo concluido a minha auditoria, todo o processo decorreu dentro da lei por fim deixo a indicação de que uma maior investigação será necessária.');
insert into Solicita values ( 602, timestamp '2018-04-27 01:52:51', 602, timestamp '2018-10-16 00:50:12', timestamp '2018-10-20 10:50:55');
insert into Camara values ( 603);
insert into Video values ( timestamp '2018-07-21 23:59:16', timestamp '2018-07-22 04:32:16', 603);
insert into SegmentoVideo values ( 0, '2283 seconds', timestamp '2018-07-21 23:59:16', 603);
insert into SegmentoVideo values ( 1, '1668 seconds', timestamp '2018-07-21 23:59:16', 603);
insert into SegmentoVideo values ( 2, '12429 seconds', timestamp '2018-07-21 23:59:16', 603);
insert into Vigia values ( 'Valença', 603);
insert into ProcessoSocorro values ( 603);
insert into EventoEmergencia values ( '935603485', timestamp '2018-10-12 03:05:53', 'Marta Correia', 'Valença', 603);
insert into EntidadeMeio values ( 'Hospital Tiago Abreu');
insert into Meio values ( 603, 'Carro de Bombeiros', 'Hospital Tiago Abreu');
insert into MeioCombate values ( 603, 'Hospital Tiago Abreu');
insert into Acciona values ( 603, 'Hospital Tiago Abreu', 251);
insert into Coordenador values ( 603);
insert into Audita values ( 603, 603, 'Hospital Tiago Abreu', 251, timestamp '2018-06-22 08:57:03', timestamp '2018-08-06 23:04:59', date '2018-06-22', 'Acredito que denota-se corrupção por parte de várias entidades assim dou por concluida esta auditoria.');
insert into Solicita values ( 603, timestamp '2018-07-21 23:59:16', 603, timestamp '2018-07-02 04:32:18', timestamp '2018-08-05 23:13:52');
insert into Camara values ( 604);
insert into Video values ( timestamp '2018-10-21 08:57:19', timestamp '2018-10-22 01:06:32', 604);
insert into SegmentoVideo values ( 0, '16296 seconds', timestamp '2018-10-21 08:57:19', 604);
insert into SegmentoVideo values ( 1, '41857 seconds', timestamp '2018-10-21 08:57:19', 604);
insert into Vigia values ( 'Fátima', 604);
insert into ProcessoSocorro values ( 604);
insert into EventoEmergencia values ( '942940877', timestamp '2018-05-07 09:29:18', 'Cristiana Nogueira', 'Fátima', 604);
insert into EntidadeMeio values ( 'Camara Miguel Martinho');
insert into Meio values ( 604, 'Carro', 'Camara Miguel Martinho');
insert into MeioApoio values ( 604, 'Camara Miguel Martinho');
insert into Alocado values ( 604, 'Camara Miguel Martinho', 146, 574);
insert into Acciona values ( 604, 'Camara Miguel Martinho', 574);
insert into Coordenador values ( 604);
insert into Audita values ( 604, 604, 'Camara Miguel Martinho', 574, timestamp '2018-05-20 10:41:11', timestamp '2018-10-11 06:21:43', date '2018-05-20', 'Estou convicto que todo o processo decorreu dentro da lei assim dou por concluida esta auditoria.');
insert into Solicita values ( 604, timestamp '2018-10-21 08:57:19', 604, timestamp '2018-10-10 02:45:50', timestamp '2018-10-11 05:55:44');
insert into Camara values ( 605);
insert into Video values ( timestamp '2018-06-22 21:04:32', timestamp '2018-06-23 07:00:35', 605);
insert into SegmentoVideo values ( 0, '19296 seconds', timestamp '2018-06-22 21:04:32', 605);
insert into SegmentoVideo values ( 1, '16467 seconds', timestamp '2018-06-22 21:04:32', 605);
insert into Vigia values ( 'Esposende', 605);
insert into ProcessoSocorro values ( 605);
insert into EventoEmergencia values ( '944610892', timestamp '2018-10-26 22:08:56', 'Catarina Coelho', 'Esposende', 605);
insert into EntidadeMeio values ( 'Bombeiros Voluntários Carolina Martinho');
insert into Meio values ( 605, 'Carro de Bombeiros', 'Bombeiros Voluntários Carolina Martinho');
insert into MeioCombate values ( 605, 'Bombeiros Voluntários Carolina Martinho');
insert into Acciona values ( 605, 'Bombeiros Voluntários Carolina Martinho', 408);
insert into Coordenador values ( 605);
insert into Camara values ( 606);
insert into Video values ( timestamp '2018-03-31 06:12:46', timestamp '2018-04-01 00:15:08', 606);
insert into SegmentoVideo values ( 0, '55682 seconds', timestamp '2018-03-31 06:12:46', 606);
insert into SegmentoVideo values ( 1, '821 seconds', timestamp '2018-03-31 06:12:46', 606);
insert into SegmentoVideo values ( 2, '390 seconds', timestamp '2018-03-31 06:12:46', 606);
insert into SegmentoVideo values ( 3, '7312 seconds', timestamp '2018-03-31 06:12:46', 606);
insert into SegmentoVideo values ( 4, '737.0 seconds', timestamp '2018-03-31 06:12:46', 606);
insert into Vigia values ( 'Estarreja', 606);
insert into ProcessoSocorro values ( 606);
insert into EventoEmergencia values ( '924435543', timestamp '2018-10-31 07:16:22', 'João Martinho', 'Estarreja', 606);
insert into EntidadeMeio values ( 'Fundação de Pinhel');
insert into Meio values ( 606, 'Mâscaras de fumo', 'Fundação de Pinhel');
insert into MeioCombate values ( 606, 'Fundação de Pinhel');
insert into Acciona values ( 606, 'Fundação de Pinhel', 516);
insert into Coordenador values ( 606);
insert into Camara values ( 607);
insert into Video values ( timestamp '2018-01-17 11:34:33', timestamp '2018-01-18 01:28:03', 607);
insert into SegmentoVideo values ( 0, '16873 seconds', timestamp '2018-01-17 11:34:33', 607);
insert into SegmentoVideo values ( 1, '3123 seconds', timestamp '2018-01-17 11:34:33', 607);
insert into SegmentoVideo values ( 2, '30014 seconds', timestamp '2018-01-17 11:34:33', 607);
insert into Vigia values ( 'Fátima', 607);
insert into ProcessoSocorro values ( 607);
insert into EventoEmergencia values ( '924718324', timestamp '2018-07-12 18:50:03', 'Catarina Gômes', 'Fátima', 607);
insert into EntidadeMeio values ( 'Esquadra de Santa Comba Dão');
insert into Meio values ( 607, 'Ambulância', 'Esquadra de Santa Comba Dão');
insert into MeioApoio values ( 607, 'Esquadra de Santa Comba Dão');
insert into Alocado values ( 607, 'Esquadra de Santa Comba Dão', 61, 403);
insert into Acciona values ( 607, 'Esquadra de Santa Comba Dão', 403);
insert into Coordenador values ( 607);
insert into Camara values ( 608);
insert into Video values ( timestamp '2018-05-30 07:21:33', timestamp '2018-05-31 04:20:42', 608);
insert into SegmentoVideo values ( 0, '63655 seconds', timestamp '2018-05-30 07:21:33', 608);
insert into SegmentoVideo values ( 1, '9602 seconds', timestamp '2018-05-30 07:21:33', 608);
insert into SegmentoVideo values ( 2, '2292.0 seconds', timestamp '2018-05-30 07:21:33', 608);
insert into Vigia values ( 'Abrantes', 608);
insert into ProcessoSocorro values ( 608);
insert into EventoEmergencia values ( '936039555', timestamp '2018-04-16 01:38:50', 'Francisco Margato', 'Abrantes', 608);
insert into EntidadeMeio values ( 'Bombeiros Municipais de Odivelas');
insert into Meio values ( 608, 'Kit de primeiros socorros', 'Bombeiros Municipais de Odivelas');
insert into MeioSocorro values ( 608, 'Bombeiros Municipais de Odivelas');
insert into Transporta values ( 608, 'Bombeiros Municipais de Odivelas', 2, 201);
insert into Acciona values ( 608, 'Bombeiros Municipais de Odivelas', 201);
insert into Coordenador values ( 608);
insert into Audita values ( 608, 608, 'Bombeiros Municipais de Odivelas', 201, timestamp '2018-10-27 14:58:45', timestamp '2018-11-06 10:52:29', date '2018-10-27', 'Acredito que foram cortados cantos ainda, termino a auditoria convicto de que não são necessários mais procedimentos.');
insert into Solicita values ( 608, timestamp '2018-05-30 07:21:33', 608, timestamp '2018-11-05 07:33:18', timestamp '2018-11-06 09:34:43');
insert into Camara values ( 609);
insert into Video values ( timestamp '2018-06-29 13:40:38', timestamp '2018-06-29 19:40:59', 609);
insert into SegmentoVideo values ( 0, '2658 seconds', timestamp '2018-06-29 13:40:38', 609);
insert into SegmentoVideo values ( 1, '5954 seconds', timestamp '2018-06-29 13:40:38', 609);
insert into SegmentoVideo values ( 2, '13009 seconds', timestamp '2018-06-29 13:40:38', 609);
insert into Vigia values ( 'Viana do Castelo', 609);
insert into ProcessoSocorro values ( 609);
insert into EventoEmergencia values ( '962829909', timestamp '2018-08-19 14:02:25', 'Pedro Rodrigues', 'Viana do Castelo', 609);
insert into EntidadeMeio values ( 'Hospital de Vila Nova de Famalicão');
insert into Meio values ( 609, 'Kit de primeiros socorros', 'Hospital de Vila Nova de Famalicão');
insert into MeioSocorro values ( 609, 'Hospital de Vila Nova de Famalicão');
insert into Transporta values ( 609, 'Hospital de Vila Nova de Famalicão', 6, 153);
insert into Acciona values ( 609, 'Hospital de Vila Nova de Famalicão', 153);
insert into Coordenador values ( 609);
insert into Camara values ( 610);
insert into Video values ( timestamp '2018-10-25 11:31:32', timestamp '2018-10-26 07:08:14', 610);
insert into SegmentoVideo values ( 0, '21189 seconds', timestamp '2018-10-25 11:31:32', 610);
insert into SegmentoVideo values ( 1, '49413 seconds', timestamp '2018-10-25 11:31:32', 610);
insert into Vigia values ( 'Funchal', 610);
insert into ProcessoSocorro values ( 610);
insert into EventoEmergencia values ( '924268006', timestamp '2018-07-09 18:35:55', 'Rita Silva', 'Funchal', 610);
insert into EntidadeMeio values ( 'Esquadra Carolina Gômes');
insert into Meio values ( 610, 'Carro de Bombeiros', 'Esquadra Carolina Gômes');
insert into MeioCombate values ( 610, 'Esquadra Carolina Gômes');
insert into Acciona values ( 610, 'Esquadra Carolina Gômes', 211);
insert into Coordenador values ( 610);
insert into Audita values ( 610, 610, 'Esquadra Carolina Gômes', 211, timestamp '2018-10-31 07:03:57', timestamp '2018-11-10 14:16:07', date '2018-10-31', 'Conclui que foram realizados todos os possíveis para alcançar um boa resolução por fim deixo a indicação de que uma maior investigação será necessária.');
insert into Solicita values ( 610, timestamp '2018-10-25 11:31:32', 610, timestamp '2018-11-08 21:40:18', timestamp '2018-11-10 12:18:06');
insert into Camara values ( 611);
insert into Video values ( timestamp '2018-03-09 21:31:59', timestamp '2018-03-10 00:59:15', 611);
insert into SegmentoVideo values ( 0, '12436.0 seconds', timestamp '2018-03-09 21:31:59', 611);
insert into Vigia values ( 'Porto', 611);
insert into ProcessoSocorro values ( 611);
insert into EventoEmergencia values ( '946044801', timestamp '2018-04-24 02:15:17', 'Pedro Nogueira', 'Porto', 611);
insert into EntidadeMeio values ( 'Camara Carolina Valério');
insert into Meio values ( 611, 'Camião', 'Camara Carolina Valério');
insert into MeioApoio values ( 611, 'Camara Carolina Valério');
insert into Alocado values ( 611, 'Camara Carolina Valério', 93, 195);
insert into Acciona values ( 611, 'Camara Carolina Valério', 195);
insert into Coordenador values ( 611);
insert into Camara values ( 612);
insert into Video values ( timestamp '2018-10-01 19:27:56', timestamp '2018-10-02 14:40:45', 612);
insert into SegmentoVideo values ( 0, '45853 seconds', timestamp '2018-10-01 19:27:56', 612);
insert into SegmentoVideo values ( 1, '23316 seconds', timestamp '2018-10-01 19:27:56', 612);
insert into Vigia values ( 'Valbom', 612);
insert into ProcessoSocorro values ( 612);
insert into EventoEmergencia values ( '947056954', timestamp '2018-03-07 01:09:03', 'Tiago Nicolau', 'Valbom', 612);
insert into EntidadeMeio values ( 'Bombeiros Municipais Daniel Valério');
insert into Meio values ( 612, 'Carro de Bombeiros', 'Bombeiros Municipais Daniel Valério');
insert into MeioCombate values ( 612, 'Bombeiros Municipais Daniel Valério');
insert into Acciona values ( 612, 'Bombeiros Municipais Daniel Valério', 224);
insert into Coordenador values ( 612);
insert into Camara values ( 613);
insert into Video values ( timestamp '2018-11-22 11:32:44', timestamp '2018-11-23 01:26:00', 613);
insert into SegmentoVideo values ( 0, '38580 seconds', timestamp '2018-11-22 11:32:44', 613);
insert into SegmentoVideo values ( 1, '2043 seconds', timestamp '2018-11-22 11:32:44', 613);
insert into SegmentoVideo values ( 2, '9373 seconds', timestamp '2018-11-22 11:32:44', 613);
insert into Vigia values ( 'Silves', 613);
insert into ProcessoSocorro values ( 613);
insert into EventoEmergencia values ( '912048726', timestamp '2018-10-04 04:55:08', 'João Matos', 'Silves', 613);
insert into EntidadeMeio values ( 'Fundação de Valongo');
insert into Meio values ( 613, 'Garrafas de água', 'Fundação de Valongo');
insert into MeioSocorro values ( 613, 'Fundação de Valongo');
insert into Transporta values ( 613, 'Fundação de Valongo', 1, 107);
insert into Acciona values ( 613, 'Fundação de Valongo', 107);
insert into Coordenador values ( 613);
insert into Audita values ( 613, 613, 'Fundação de Valongo', 107, timestamp '2018-11-07 03:21:02', timestamp '2018-11-10 22:29:34', date '2018-11-07', 'Com base na minha análise, foram cortados cantos por fim deixo a indicação de que uma maior investigação será necessária.');
insert into Solicita values ( 613, timestamp '2018-11-22 11:32:44', 613, timestamp '2018-11-08 21:04:51', timestamp '2018-11-10 19:14:28');
insert into Camara values ( 614);
insert into Video values ( timestamp '2018-07-13 07:35:44', timestamp '2018-07-13 10:33:51', 614);
insert into SegmentoVideo values ( 0, '2857 seconds', timestamp '2018-07-13 07:35:44', 614);
insert into SegmentoVideo values ( 1, '7830.0 seconds', timestamp '2018-07-13 07:35:44', 614);
insert into Vigia values ( 'Angra do Heroísmo', 614);
insert into ProcessoSocorro values ( 614);
insert into EventoEmergencia values ( '937042829', timestamp '2018-02-02 16:55:59', 'Daniel Antunes', 'Angra do Heroísmo', 614);
insert into EntidadeMeio values ( 'Esquadra Tiago Vitorino');
insert into Meio values ( 614, 'Kit de primeiros socorros', 'Esquadra Tiago Vitorino');
insert into MeioSocorro values ( 614, 'Esquadra Tiago Vitorino');
insert into Transporta values ( 614, 'Esquadra Tiago Vitorino', 6, 464);
insert into Acciona values ( 614, 'Esquadra Tiago Vitorino', 464);
insert into Coordenador values ( 614);
insert into Audita values ( 614, 614, 'Esquadra Tiago Vitorino', 464, timestamp '2018-03-27 03:25:43', timestamp '2018-11-23 19:16:53', date '2018-03-27', 'Estou convicto que foram realizados todos os possíveis para alcançar um boa resolução ainda, termino a auditoria convicto de que não são necessários mais procedimentos.');
insert into Solicita values ( 614, timestamp '2018-07-13 07:35:44', 614, timestamp '2018-11-04 16:00:10', timestamp '2018-11-21 15:44:44');
insert into Camara values ( 615);
insert into Video values ( timestamp '2018-03-23 00:00:01', timestamp '2018-03-23 07:18:10', 615);
insert into SegmentoVideo values ( 0, '11647 seconds', timestamp '2018-03-23 00:00:01', 615);
insert into SegmentoVideo values ( 1, '2912 seconds', timestamp '2018-03-23 00:00:01', 615);
insert into SegmentoVideo values ( 2, '11730.0 seconds', timestamp '2018-03-23 00:00:01', 615);
insert into Vigia values ( 'Alfena', 615);
insert into ProcessoSocorro values ( 615);
insert into EventoEmergencia values ( '910416765', timestamp '2018-10-18 22:30:53', 'Miguel Gômes', 'Alfena', 615);
insert into EntidadeMeio values ( 'Esquadra de Cantanhede');
insert into Meio values ( 615, 'Bombeiros', 'Esquadra de Cantanhede');
insert into MeioCombate values ( 615, 'Esquadra de Cantanhede');
insert into Acciona values ( 615, 'Esquadra de Cantanhede', 404);
insert into Coordenador values ( 615);
insert into Camara values ( 616);
insert into Video values ( timestamp '2018-08-28 11:57:28', timestamp '2018-08-28 13:51:33', 616);
insert into SegmentoVideo values ( 0, '1166 seconds', timestamp '2018-08-28 11:57:28', 616);
insert into SegmentoVideo values ( 1, '5679.0 seconds', timestamp '2018-08-28 11:57:28', 616);
insert into Vigia values ( 'Montemor-o-Novo', 616);
insert into ProcessoSocorro values ( 616);
insert into EventoEmergencia values ( '930513724', timestamp '2018-02-14 09:44:36', 'Pedro Gômes', 'Montemor-o-Novo', 616);
insert into EntidadeMeio values ( 'Esquadra de Peso da Régua');
insert into Meio values ( 616, 'Carro', 'Esquadra de Peso da Régua');
insert into MeioApoio values ( 616, 'Esquadra de Peso da Régua');
insert into Alocado values ( 616, 'Esquadra de Peso da Régua', 147, 541);
insert into Acciona values ( 616, 'Esquadra de Peso da Régua', 541);
insert into Coordenador values ( 616);
insert into Camara values ( 617);
insert into Video values ( timestamp '2018-03-09 15:33:52', timestamp '2018-03-09 19:19:24', 617);
insert into SegmentoVideo values ( 0, '6152 seconds', timestamp '2018-03-09 15:33:52', 617);
insert into SegmentoVideo values ( 1, '7380 seconds', timestamp '2018-03-09 15:33:52', 617);
insert into Vigia values ( 'Amadora', 617);
insert into ProcessoSocorro values ( 617);
insert into EventoEmergencia values ( '967488609', timestamp '2018-11-08 11:42:51', 'Manel Rodrigues', 'Amadora', 617);
insert into EntidadeMeio values ( 'Bombeiros Municipais Pedro Rodrigues');
insert into Meio values ( 617, 'Helicoptero', 'Bombeiros Municipais Pedro Rodrigues');
insert into MeioApoio values ( 617, 'Bombeiros Municipais Pedro Rodrigues');
insert into Alocado values ( 617, 'Bombeiros Municipais Pedro Rodrigues', 21, 309);
insert into Acciona values ( 617, 'Bombeiros Municipais Pedro Rodrigues', 309);
insert into Coordenador values ( 617);
insert into Audita values ( 617, 617, 'Bombeiros Municipais Pedro Rodrigues', 309, timestamp '2018-04-23 11:31:49', timestamp '2018-08-01 13:00:26', date '2018-04-23', 'Tendo concluido a minha auditoria, foram realizados todos os possíveis para alcançar um boa resolução assim dou por concluida esta auditoria.');
insert into Solicita values ( 617, timestamp '2018-03-09 15:33:52', 617, timestamp '2018-06-16 03:42:30', timestamp '2018-07-30 11:31:30');
insert into Camara values ( 618);
insert into Video values ( timestamp '2018-01-31 22:02:01', timestamp '2018-02-01 18:44:44', 618);
insert into SegmentoVideo values ( 0, '15334 seconds', timestamp '2018-01-31 22:02:01', 618);
insert into SegmentoVideo values ( 1, '3983 seconds', timestamp '2018-01-31 22:02:01', 618);
insert into SegmentoVideo values ( 2, '55246 seconds', timestamp '2018-01-31 22:02:01', 618);
insert into Vigia values ( 'Figueira da Foz', 618);
insert into ProcessoSocorro values ( 618);
insert into EventoEmergencia values ( '919047071', timestamp '2018-10-20 12:10:07', 'Manel Nogueira', 'Figueira da Foz', 618);
insert into EntidadeMeio values ( 'Quartel Manel Silva');
insert into Meio values ( 618, 'Médico', 'Quartel Manel Silva');
insert into MeioSocorro values ( 618, 'Quartel Manel Silva');
insert into Transporta values ( 618, 'Quartel Manel Silva', 3, 22);
insert into Acciona values ( 618, 'Quartel Manel Silva', 22);
insert into Coordenador values ( 618);
insert into Audita values ( 618, 618, 'Quartel Manel Silva', 22, timestamp '2018-11-24 14:52:20', timestamp '2018-11-24 15:56:31', date '2018-11-24', 'Com base na minha análise, denota-se corrupção por parte de várias entidades ainda, termino a auditoria convicto de que não são necessários mais procedimentos.');
insert into Solicita values ( 618, timestamp '2018-01-31 22:02:01', 618, timestamp '2018-11-24 15:32:27', timestamp '2018-11-24 15:36:49');
insert into Camara values ( 619);
insert into Video values ( timestamp '2018-01-05 01:25:31', timestamp '2018-01-05 05:02:45', 619);
insert into SegmentoVideo values ( 0, '1945 seconds', timestamp '2018-01-05 01:25:31', 619);
insert into SegmentoVideo values ( 1, '3297 seconds', timestamp '2018-01-05 01:25:31', 619);
insert into SegmentoVideo values ( 2, '2769 seconds', timestamp '2018-01-05 01:25:31', 619);
insert into SegmentoVideo values ( 3, '797 seconds', timestamp '2018-01-05 01:25:31', 619);
insert into SegmentoVideo values ( 4, '2077 seconds', timestamp '2018-01-05 01:25:31', 619);
insert into SegmentoVideo values ( 5, '2149 seconds', timestamp '2018-01-05 01:25:31', 619);
insert into Vigia values ( 'Fafe', 619);
insert into ProcessoSocorro values ( 619);
insert into EventoEmergencia values ( '963955078', timestamp '2018-01-03 16:20:48', 'Tiago Martinho', 'Fafe', 619);
insert into EntidadeMeio values ( 'Bombeiros Municipais de Chaves');
insert into Meio values ( 619, 'Maca', 'Bombeiros Municipais de Chaves');
insert into MeioApoio values ( 619, 'Bombeiros Municipais de Chaves');
insert into Alocado values ( 619, 'Bombeiros Municipais de Chaves', 159, 495);
insert into Acciona values ( 619, 'Bombeiros Municipais de Chaves', 495);
insert into Coordenador values ( 619);
insert into Audita values ( 619, 619, 'Bombeiros Municipais de Chaves', 495, timestamp '2018-10-26 12:49:46', timestamp '2018-11-01 23:46:45', date '2018-10-26', 'Tendo concluido a minha auditoria, foram cortados cantos ainda, termino a auditoria convicto de que não são necessários mais procedimentos.');
insert into Solicita values ( 619, timestamp '2018-01-05 01:25:31', 619, timestamp '2018-10-29 02:06:15', timestamp '2018-10-30 12:13:01');
insert into Camara values ( 620);
insert into Video values ( timestamp '2018-07-24 07:44:12', timestamp '2018-07-24 16:41:15', 620);
insert into SegmentoVideo values ( 0, '10119 seconds', timestamp '2018-07-24 07:44:12', 620);
insert into SegmentoVideo values ( 1, '22104 seconds', timestamp '2018-07-24 07:44:12', 620);
insert into Vigia values ( 'Marinha Grande', 620);
insert into ProcessoSocorro values ( 620);
insert into EventoEmergencia values ( '937313360', timestamp '2018-11-03 01:44:27', 'Inês Coelho', 'Marinha Grande', 620);
insert into EntidadeMeio values ( 'Quartel Francisco Matos');
insert into Meio values ( 620, 'Helicoptero', 'Quartel Francisco Matos');
insert into MeioApoio values ( 620, 'Quartel Francisco Matos');
insert into Alocado values ( 620, 'Quartel Francisco Matos', 1, 141);
insert into Acciona values ( 620, 'Quartel Francisco Matos', 141);
insert into Coordenador values ( 620);
insert into Audita values ( 620, 620, 'Quartel Francisco Matos', 141, timestamp '2018-10-24 11:45:33', timestamp '2018-11-04 02:58:33', date '2018-10-24', 'Estou convicto que todo o processo decorreu dentro da lei ainda, termino a auditoria convicto de que não são necessários mais procedimentos.');
insert into Solicita values ( 620, timestamp '2018-07-24 07:44:12', 620, timestamp '2018-11-03 14:53:20', timestamp '2018-11-03 16:24:12');
insert into Camara values ( 621);
insert into Video values ( timestamp '2018-04-12 19:12:08', timestamp '2018-04-13 14:09:33', 621);
insert into SegmentoVideo values ( 0, '17284 seconds', timestamp '2018-04-12 19:12:08', 621);
insert into SegmentoVideo values ( 1, '50961 seconds', timestamp '2018-04-12 19:12:08', 621);
insert into Vigia values ( 'Ílhavo', 621);
insert into ProcessoSocorro values ( 621);
insert into EventoEmergencia values ( '939769775', timestamp '2018-01-26 15:37:06', 'Carolina Nicolau', 'Ílhavo', 621);
insert into EntidadeMeio values ( 'Camara de Vila Franca de Xira');
insert into Meio values ( 621, 'Paramédico', 'Camara de Vila Franca de Xira');
insert into MeioSocorro values ( 621, 'Camara de Vila Franca de Xira');
insert into Transporta values ( 621, 'Camara de Vila Franca de Xira', 2, 371);
insert into Acciona values ( 621, 'Camara de Vila Franca de Xira', 371);
insert into Coordenador values ( 621);
insert into Audita values ( 621, 621, 'Camara de Vila Franca de Xira', 371, timestamp '2018-05-09 20:24:48', timestamp '2018-05-10 00:00:05', date '2018-05-09', 'Estou convicto que foram cortados cantos ainda, termino a auditoria convicto de que não são necessários mais procedimentos.');
insert into Solicita values ( 621, timestamp '2018-04-12 19:12:08', 621, timestamp '2018-05-09 22:15:17', timestamp '2018-05-09 23:43:21');
insert into Camara values ( 622);
insert into Video values ( timestamp '2018-10-06 16:12:55', timestamp '2018-10-06 18:26:52', 622);
insert into SegmentoVideo values ( 0, '3611 seconds', timestamp '2018-10-06 16:12:55', 622);
insert into SegmentoVideo values ( 1, '4426.0 seconds', timestamp '2018-10-06 16:12:55', 622);
insert into Vigia values ( 'Câmara de Lobos', 622);
insert into ProcessoSocorro values ( 622);
insert into EventoEmergencia values ( '938295580', timestamp '2018-07-18 12:26:16', 'António Figueiredo', 'Câmara de Lobos', 622);
insert into EntidadeMeio values ( 'Junta Tiago Margato');
insert into Meio values ( 622, 'Carro', 'Junta Tiago Margato');
insert into MeioApoio values ( 622, 'Junta Tiago Margato');
insert into Alocado values ( 622, 'Junta Tiago Margato', 73, 412);
insert into Acciona values ( 622, 'Junta Tiago Margato', 412);
insert into Coordenador values ( 622);
insert into Audita values ( 622, 622, 'Junta Tiago Margato', 412, timestamp '2018-09-24 01:22:45', timestamp '2018-10-16 21:28:39', date '2018-09-24', 'Acredito que denota-se corrupção por parte de várias entidades assim dou por concluida esta auditoria.');
insert into Solicita values ( 622, timestamp '2018-10-06 16:12:55', 622, timestamp '2018-10-03 08:28:45', timestamp '2018-10-16 07:50:40');
insert into Camara values ( 623);
insert into Video values ( timestamp '2018-10-12 15:41:54', timestamp '2018-10-12 21:51:22', 623);
insert into SegmentoVideo values ( 0, '1322 seconds', timestamp '2018-10-12 15:41:54', 623);
insert into SegmentoVideo values ( 1, '20846 seconds', timestamp '2018-10-12 15:41:54', 623);
insert into Vigia values ( 'Póvoa de Santa Iria', 623);
insert into ProcessoSocorro values ( 623);
insert into EventoEmergencia values ( '938136945', timestamp '2018-11-22 04:49:34', 'Manel Silva', 'Póvoa de Santa Iria', 623);
insert into EntidadeMeio values ( 'Quartel Tiago Matos');
insert into Meio values ( 623, 'Camião', 'Quartel Tiago Matos');
insert into MeioApoio values ( 623, 'Quartel Tiago Matos');
insert into Alocado values ( 623, 'Quartel Tiago Matos', 91, 406);
insert into Acciona values ( 623, 'Quartel Tiago Matos', 406);
insert into Coordenador values ( 623);
insert into Audita values ( 623, 623, 'Quartel Tiago Matos', 406, timestamp '2018-11-21 20:00:05', timestamp '2018-11-22 11:47:21', date '2018-11-21', 'Tendo concluido a minha auditoria, todo o processo decorreu dentro da lei assim dou por concluida esta auditoria.');
insert into Solicita values ( 623, timestamp '2018-10-12 15:41:54', 623, timestamp '2018-11-21 23:11:04', timestamp '2018-11-22 00:54:53');
insert into Camara values ( 624);
insert into Video values ( timestamp '2018-05-26 18:39:38', timestamp '2018-05-26 22:18:56', 624);
insert into SegmentoVideo values ( 0, '7820 seconds', timestamp '2018-05-26 18:39:38', 624);
insert into SegmentoVideo values ( 1, '5338 seconds', timestamp '2018-05-26 18:39:38', 624);
insert into Vigia values ( 'Vila Baleira', 624);
insert into ProcessoSocorro values ( 624);
insert into EventoEmergencia values ( '931243138', timestamp '2018-02-14 05:31:23', 'João Gômes', 'Vila Baleira', 624);
insert into EntidadeMeio values ( 'Camara Marta Matos');
insert into Meio values ( 624, 'Ambulância', 'Camara Marta Matos');
insert into MeioApoio values ( 624, 'Camara Marta Matos');
insert into Alocado values ( 624, 'Camara Marta Matos', 109, 54);
insert into Acciona values ( 624, 'Camara Marta Matos', 54);
insert into Coordenador values ( 624);
insert into Audita values ( 624, 624, 'Camara Marta Matos', 54, timestamp '2018-09-28 16:07:35', timestamp '2018-10-17 09:37:14', date '2018-09-28', 'Acredito que foram cortados cantos assim dou por concluida esta auditoria.');
insert into Solicita values ( 624, timestamp '2018-05-26 18:39:38', 624, timestamp '2018-10-07 03:49:49', timestamp '2018-10-09 09:14:03');
insert into Camara values ( 625);
insert into Video values ( timestamp '2018-04-29 15:44:03', timestamp '2018-04-30 08:32:01', 625);
insert into SegmentoVideo values ( 0, '41903 seconds', timestamp '2018-04-29 15:44:03', 625);
insert into SegmentoVideo values ( 1, '18575 seconds', timestamp '2018-04-29 15:44:03', 625);
insert into Vigia values ( 'Matosinhos', 625);
insert into ProcessoSocorro values ( 625);
insert into EventoEmergencia values ( '933915542', timestamp '2018-09-02 09:10:03', 'Miguel Silva', 'Matosinhos', 625);
insert into EntidadeMeio values ( 'Fundação Marta Silva');
insert into Meio values ( 625, 'Médico', 'Fundação Marta Silva');
insert into MeioSocorro values ( 625, 'Fundação Marta Silva');
insert into Transporta values ( 625, 'Fundação Marta Silva', 4, 82);
insert into Acciona values ( 625, 'Fundação Marta Silva', 82);
insert into Coordenador values ( 625);
insert into Camara values ( 626);
insert into Video values ( timestamp '2018-03-31 20:40:36', timestamp '2018-03-31 20:42:09', 626);
insert into SegmentoVideo values ( 0, '93 seconds', timestamp '2018-03-31 20:40:36', 626);
insert into Vigia values ( 'Vila Real', 626);
insert into ProcessoSocorro values ( 626);
insert into EventoEmergencia values ( '927169304', timestamp '2018-04-28 06:57:55', 'Tiago Martinho', 'Vila Real', 626);
insert into EntidadeMeio values ( 'Camara de São Pedro do Sul');
insert into Meio values ( 626, 'Garrafas de água', 'Camara de São Pedro do Sul');
insert into MeioSocorro values ( 626, 'Camara de São Pedro do Sul');
insert into Transporta values ( 626, 'Camara de São Pedro do Sul', 5, 520);
insert into Acciona values ( 626, 'Camara de São Pedro do Sul', 520);
insert into Coordenador values ( 626);
insert into Audita values ( 626, 626, 'Camara de São Pedro do Sul', 520, timestamp '2018-11-08 09:07:48', timestamp '2018-11-15 08:48:38', date '2018-11-08', 'Conclui que denota-se corrupção por parte de várias entidades por fim deixo a indicação de que uma maior investigação será necessária.');
insert into Solicita values ( 626, timestamp '2018-03-31 20:40:36', 626, timestamp '2018-11-12 17:03:58', timestamp '2018-11-13 14:46:29');
insert into Camara values ( 627);
insert into Video values ( timestamp '2018-05-28 14:54:11', timestamp '2018-05-28 21:26:14', 627);
insert into SegmentoVideo values ( 0, '4697 seconds', timestamp '2018-05-28 14:54:11', 627);
insert into SegmentoVideo values ( 1, '12142 seconds', timestamp '2018-05-28 14:54:11', 627);
insert into SegmentoVideo values ( 2, '6684 seconds', timestamp '2018-05-28 14:54:11', 627);
insert into Vigia values ( 'Rio Maior', 627);
insert into ProcessoSocorro values ( 627);
insert into EventoEmergencia values ( '934635774', timestamp '2018-08-02 19:21:50', 'Cristiana Rodrigues', 'Rio Maior', 627);
insert into EntidadeMeio values ( 'Esquadra de Guarda');
insert into Meio values ( 627, 'Paramédico', 'Esquadra de Guarda');
insert into MeioSocorro values ( 627, 'Esquadra de Guarda');
insert into Transporta values ( 627, 'Esquadra de Guarda', 3, 37);
insert into Acciona values ( 627, 'Esquadra de Guarda', 37);
insert into Coordenador values ( 627);
insert into Audita values ( 627, 627, 'Esquadra de Guarda', 37, timestamp '2018-10-16 10:31:07', timestamp '2018-11-17 04:06:49', date '2018-10-16', 'Com base na minha análise, todo o processo decorreu dentro da lei assim dou por concluida esta auditoria.');
insert into Solicita values ( 627, timestamp '2018-05-28 14:54:11', 627, timestamp '2018-11-04 21:35:42', timestamp '2018-11-13 00:29:48');
insert into Camara values ( 628);
insert into Video values ( timestamp '2018-05-28 07:48:39', timestamp '2018-05-29 01:02:11', 628);
insert into SegmentoVideo values ( 0, '39307 seconds', timestamp '2018-05-28 07:48:39', 628);
insert into SegmentoVideo values ( 1, '22705 seconds', timestamp '2018-05-28 07:48:39', 628);
insert into Vigia values ( 'Seia', 628);
insert into ProcessoSocorro values ( 628);
insert into EventoEmergencia values ( '914580494', timestamp '2018-04-10 03:52:38', 'Pedro Abreu', 'Seia', 628);
insert into EntidadeMeio values ( 'Fundação Miguel Silva');
insert into Meio values ( 628, 'Drone', 'Fundação Miguel Silva');
insert into MeioSocorro values ( 628, 'Fundação Miguel Silva');
insert into Transporta values ( 628, 'Fundação Miguel Silva', 5, 376);
insert into Acciona values ( 628, 'Fundação Miguel Silva', 376);
insert into Coordenador values ( 628);
insert into Audita values ( 628, 628, 'Fundação Miguel Silva', 376, timestamp '2018-09-05 13:34:36', timestamp '2018-10-15 00:02:10', date '2018-09-05', 'Estou convicto que foram cortados cantos ainda, termino a auditoria convicto de que não são necessários mais procedimentos.');
insert into Solicita values ( 628, timestamp '2018-05-28 07:48:39', 628, timestamp '2018-10-06 02:43:27', timestamp '2018-10-12 01:01:21');
insert into Camara values ( 629);
insert into Video values ( timestamp '2018-05-01 00:59:14', timestamp '2018-05-01 09:07:46', 629);
insert into SegmentoVideo values ( 0, '11242 seconds', timestamp '2018-05-01 00:59:14', 629);
insert into SegmentoVideo values ( 1, '18070 seconds', timestamp '2018-05-01 00:59:14', 629);
insert into Vigia values ( 'Ponta Delgada', 629);
insert into ProcessoSocorro values ( 629);
insert into EventoEmergencia values ( '915172165', timestamp '2018-09-07 14:26:04', 'António Abreu', 'Ponta Delgada', 629);
insert into EntidadeMeio values ( 'Bombeiros Municipais Pedro Antunes');
insert into Meio values ( 629, 'Ambulância', 'Bombeiros Municipais Pedro Antunes');
insert into MeioApoio values ( 629, 'Bombeiros Municipais Pedro Antunes');
insert into Alocado values ( 629, 'Bombeiros Municipais Pedro Antunes', 131, 259);
insert into Acciona values ( 629, 'Bombeiros Municipais Pedro Antunes', 259);
insert into Coordenador values ( 629);
insert into Audita values ( 629, 629, 'Bombeiros Municipais Pedro Antunes', 259, timestamp '2018-09-20 22:01:48', timestamp '2018-11-19 09:00:53', date '2018-09-20', 'Conclui que foram cortados cantos por fim deixo a indicação de que uma maior investigação será necessária.');
insert into Solicita values ( 629, timestamp '2018-05-01 00:59:14', 629, timestamp '2018-11-02 21:12:45', timestamp '2018-11-09 18:48:28');
insert into Camara values ( 630);
insert into Video values ( timestamp '2018-04-21 02:24:35', timestamp '2018-04-21 02:32:37', 630);
insert into SegmentoVideo values ( 0, '482 seconds', timestamp '2018-04-21 02:24:35', 630);
insert into Vigia values ( 'Esmoriz', 630);
insert into ProcessoSocorro values ( 630);
insert into EventoEmergencia values ( '955487328', timestamp '2018-02-01 20:47:48', 'Inês Guerreiro', 'Esmoriz', 630);
insert into EntidadeMeio values ( 'Hospital Cristiana Gômes');
insert into Meio values ( 630, 'Garrafas de água', 'Hospital Cristiana Gômes');
insert into MeioSocorro values ( 630, 'Hospital Cristiana Gômes');
insert into Transporta values ( 630, 'Hospital Cristiana Gômes', 4, 147);
insert into Acciona values ( 630, 'Hospital Cristiana Gômes', 147);
insert into Coordenador values ( 630);
insert into Audita values ( 630, 630, 'Hospital Cristiana Gômes', 147, timestamp '2018-07-31 23:19:05', timestamp '2018-10-15 23:28:08', date '2018-07-31', 'Com base na minha análise, denota-se corrupção por parte de várias entidades por fim deixo a indicação de que uma maior investigação será necessária.');
insert into Solicita values ( 630, timestamp '2018-04-21 02:24:35', 630, timestamp '2018-10-12 12:27:01', timestamp '2018-10-15 17:53:16');
insert into Camara values ( 631);
insert into Video values ( timestamp '2018-03-12 14:41:53', timestamp '2018-03-12 16:16:00', 631);
insert into SegmentoVideo values ( 0, '3528 seconds', timestamp '2018-03-12 14:41:53', 631);
insert into SegmentoVideo values ( 1, '2119 seconds', timestamp '2018-03-12 14:41:53', 631);
insert into Vigia values ( 'Covilhã', 631);
insert into ProcessoSocorro values ( 631);
insert into EventoEmergencia values ( '957013804', timestamp '2018-07-16 04:47:10', 'Francisco Vitorino', 'Covilhã', 631);
insert into EntidadeMeio values ( 'Esquadra de Évora');
insert into Meio values ( 631, 'Bombeiros', 'Esquadra de Évora');
insert into MeioCombate values ( 631, 'Esquadra de Évora');
insert into Acciona values ( 631, 'Esquadra de Évora', 82);
insert into Coordenador values ( 631);
insert into Camara values ( 632);
insert into Video values ( timestamp '2018-06-22 13:20:48', timestamp '2018-06-22 16:58:06', 632);
insert into SegmentoVideo values ( 0, '6713 seconds', timestamp '2018-06-22 13:20:48', 632);
insert into SegmentoVideo values ( 1, '6325 seconds', timestamp '2018-06-22 13:20:48', 632);
insert into Vigia values ( 'Bragança', 632);
insert into ProcessoSocorro values ( 632);
insert into EventoEmergencia values ( '926529732', timestamp '2018-02-20 20:25:17', 'Carolina Nicolau', 'Bragança', 632);
insert into EntidadeMeio values ( 'Junta Manel Silva');
insert into Meio values ( 632, 'Desfibrilhador', 'Junta Manel Silva');
insert into MeioSocorro values ( 632, 'Junta Manel Silva');
insert into Transporta values ( 632, 'Junta Manel Silva', 1, 197);
insert into Acciona values ( 632, 'Junta Manel Silva', 197);
insert into Coordenador values ( 632);
insert into Camara values ( 633);
insert into Video values ( timestamp '2018-07-25 18:05:42', timestamp '2018-07-26 10:15:36', 633);
insert into SegmentoVideo values ( 0, '44285 seconds', timestamp '2018-07-25 18:05:42', 633);
insert into SegmentoVideo values ( 1, '13909 seconds', timestamp '2018-07-25 18:05:42', 633);
insert into Vigia values ( 'Sacavém', 633);
insert into ProcessoSocorro values ( 633);
insert into EventoEmergencia values ( '959465720', timestamp '2018-11-07 08:42:32', 'Rita Nicolau', 'Sacavém', 633);
insert into EntidadeMeio values ( 'Fundação de Funchal');
insert into Meio values ( 633, 'Carro', 'Fundação de Funchal');
insert into MeioApoio values ( 633, 'Fundação de Funchal');
insert into Alocado values ( 633, 'Fundação de Funchal', 8, 110);
insert into Acciona values ( 633, 'Fundação de Funchal', 110);
insert into Coordenador values ( 633);
insert into Camara values ( 634);
insert into Video values ( timestamp '2018-05-16 19:20:12', timestamp '2018-05-17 18:41:41', 634);
insert into SegmentoVideo values ( 0, '72467 seconds', timestamp '2018-05-16 19:20:12', 634);
insert into SegmentoVideo values ( 1, '11622 seconds', timestamp '2018-05-16 19:20:12', 634);
insert into Vigia values ( 'Sacavém', 634);
insert into ProcessoSocorro values ( 634);
insert into EventoEmergencia values ( '944310051', timestamp '2018-08-17 02:01:01', 'Rita Antunes', 'Sacavém', 634);
insert into EntidadeMeio values ( 'Quartel Inês Valério');
insert into Meio values ( 634, 'Garrafas de água', 'Quartel Inês Valério');
insert into MeioSocorro values ( 634, 'Quartel Inês Valério');
insert into Transporta values ( 634, 'Quartel Inês Valério', 5, 63);
insert into Acciona values ( 634, 'Quartel Inês Valério', 63);
insert into Coordenador values ( 634);
insert into Audita values ( 634, 634, 'Quartel Inês Valério', 63, timestamp '2018-08-16 05:56:11', timestamp '2018-10-28 14:28:28', date '2018-08-16', 'Conclui que todo o processo decorreu dentro da lei assim dou por concluida esta auditoria.');
insert into Solicita values ( 634, timestamp '2018-05-16 19:20:12', 634, timestamp '2018-10-03 02:08:45', timestamp '2018-10-27 05:13:23');
insert into Camara values ( 635);
insert into Video values ( timestamp '2018-05-25 11:13:23', timestamp '2018-05-25 12:19:20', 635);
insert into SegmentoVideo values ( 0, '2922 seconds', timestamp '2018-05-25 11:13:23', 635);
insert into SegmentoVideo values ( 1, '203 seconds', timestamp '2018-05-25 11:13:23', 635);
insert into SegmentoVideo values ( 2, '832 seconds', timestamp '2018-05-25 11:13:23', 635);
insert into Vigia values ( 'Sabugal', 635);
insert into ProcessoSocorro values ( 635);
insert into EventoEmergencia values ( '933855970', timestamp '2018-10-05 12:49:22', 'Carolina Gômes', 'Sabugal', 635);
insert into EntidadeMeio values ( 'Hospital Cristiana Nogueira');
insert into Meio values ( 635, 'Carro de Bombeiros', 'Hospital Cristiana Nogueira');
insert into MeioCombate values ( 635, 'Hospital Cristiana Nogueira');
insert into Acciona values ( 635, 'Hospital Cristiana Nogueira', 538);
insert into Coordenador values ( 635);
insert into Audita values ( 635, 635, 'Hospital Cristiana Nogueira', 538, timestamp '2018-08-07 09:33:02', timestamp '2018-08-10 09:14:37', date '2018-08-07', 'Tendo concluido a minha auditoria, denota-se corrupção por parte de várias entidades por fim deixo a indicação de que uma maior investigação será necessária.');
insert into Solicita values ( 635, timestamp '2018-05-25 11:13:23', 635, timestamp '2018-08-10 02:31:55', timestamp '2018-08-10 03:39:16');
insert into Camara values ( 636);
insert into Video values ( timestamp '2018-03-25 08:24:51', timestamp '2018-03-26 01:31:42', 636);
insert into SegmentoVideo values ( 0, '3229 seconds', timestamp '2018-03-25 08:24:51', 636);
insert into SegmentoVideo values ( 1, '58382 seconds', timestamp '2018-03-25 08:24:51', 636);
insert into Vigia values ( 'Santana', 636);
insert into ProcessoSocorro values ( 636);
insert into EventoEmergencia values ( '964623175', timestamp '2018-02-03 19:12:14', 'Carolina Coelho', 'Santana', 636);
insert into EntidadeMeio values ( 'Esquadra Cristiana Matos');
insert into Meio values ( 636, 'Helicoptero', 'Esquadra Cristiana Matos');
insert into MeioApoio values ( 636, 'Esquadra Cristiana Matos');
insert into Alocado values ( 636, 'Esquadra Cristiana Matos', 129, 548);
insert into Acciona values ( 636, 'Esquadra Cristiana Matos', 548);
insert into Coordenador values ( 636);
insert into Camara values ( 637);
insert into Video values ( timestamp '2018-06-05 03:48:40', timestamp '2018-06-05 06:10:05', 637);
insert into SegmentoVideo values ( 0, '1114 seconds', timestamp '2018-06-05 03:48:40', 637);
insert into SegmentoVideo values ( 1, '7371 seconds', timestamp '2018-06-05 03:48:40', 637);
insert into Vigia values ( 'Tomar', 637);
insert into ProcessoSocorro values ( 637);
insert into EventoEmergencia values ( '922079566', timestamp '2018-07-20 21:17:52', 'Inês Silva', 'Tomar', 637);
insert into EntidadeMeio values ( 'Fundação João Martinho');
insert into Meio values ( 637, 'Bombeiros', 'Fundação João Martinho');
insert into MeioCombate values ( 637, 'Fundação João Martinho');
insert into Acciona values ( 637, 'Fundação João Martinho', 49);
insert into Coordenador values ( 637);
insert into Camara values ( 638);
insert into Video values ( timestamp '2018-09-09 10:44:36', timestamp '2018-09-10 03:28:46', 638);
insert into SegmentoVideo values ( 0, '35842 seconds', timestamp '2018-09-09 10:44:36', 638);
insert into SegmentoVideo values ( 1, '24408 seconds', timestamp '2018-09-09 10:44:36', 638);
insert into Vigia values ( 'Setúbal', 638);
insert into ProcessoSocorro values ( 638);
insert into EventoEmergencia values ( '937069115', timestamp '2018-03-11 13:17:45', 'Pedro Nogueira', 'Setúbal', 638);
insert into EntidadeMeio values ( 'Bombeiros Municipais Inês Rodrigues');
insert into Meio values ( 638, 'Helicoptero', 'Bombeiros Municipais Inês Rodrigues');
insert into MeioCombate values ( 638, 'Bombeiros Municipais Inês Rodrigues');
insert into Acciona values ( 638, 'Bombeiros Municipais Inês Rodrigues', 545);
insert into Coordenador values ( 638);
insert into Audita values ( 638, 638, 'Bombeiros Municipais Inês Rodrigues', 545, timestamp '2018-11-01 03:54:22', timestamp '2018-11-14 08:08:03', date '2018-11-01', 'Tendo concluido a minha auditoria, todo o processo decorreu dentro da lei assim dou por concluida esta auditoria.');
insert into Solicita values ( 638, timestamp '2018-09-09 10:44:36', 638, timestamp '2018-11-06 12:26:55', timestamp '2018-11-07 03:32:11');
insert into Camara values ( 639);
insert into Video values ( timestamp '2018-01-10 00:20:37', timestamp '2018-01-10 11:28:48', 639);
insert into SegmentoVideo values ( 0, '37756 seconds', timestamp '2018-01-10 00:20:37', 639);
insert into SegmentoVideo values ( 1, '2335.0 seconds', timestamp '2018-01-10 00:20:37', 639);
insert into Vigia values ( 'Rebordosa', 639);
insert into ProcessoSocorro values ( 639);
insert into EventoEmergencia values ( '967352845', timestamp '2018-01-11 05:48:10', 'Ana Matos', 'Rebordosa', 639);
insert into EntidadeMeio values ( 'Quartel de Póvoa de Varzim');
insert into Meio values ( 639, 'Médico', 'Quartel de Póvoa de Varzim');
insert into MeioSocorro values ( 639, 'Quartel de Póvoa de Varzim');
insert into Transporta values ( 639, 'Quartel de Póvoa de Varzim', 4, 480);
insert into Acciona values ( 639, 'Quartel de Póvoa de Varzim', 480);
insert into Coordenador values ( 639);
insert into Camara values ( 640);
insert into Video values ( timestamp '2018-04-19 13:12:02', timestamp '2018-04-19 22:34:56', 640);
insert into SegmentoVideo values ( 0, '25716 seconds', timestamp '2018-04-19 13:12:02', 640);
insert into SegmentoVideo values ( 1, '1512 seconds', timestamp '2018-04-19 13:12:02', 640);
insert into SegmentoVideo values ( 2, '6546 seconds', timestamp '2018-04-19 13:12:02', 640);
insert into Vigia values ( 'Mêda', 640);
insert into ProcessoSocorro values ( 640);
insert into EventoEmergencia values ( '922274276', timestamp '2018-07-09 05:14:14', 'Tiago Silva', 'Mêda', 640);
insert into EntidadeMeio values ( 'Quartel de Pinhel');
insert into Meio values ( 640, 'Esquadrão', 'Quartel de Pinhel');
insert into MeioCombate values ( 640, 'Quartel de Pinhel');
insert into Acciona values ( 640, 'Quartel de Pinhel', 301);
insert into Coordenador values ( 640);
insert into Camara values ( 641);
insert into Video values ( timestamp '2018-06-24 02:16:57', timestamp '2018-06-24 07:25:05', 641);
insert into SegmentoVideo values ( 0, '832 seconds', timestamp '2018-06-24 02:16:57', 641);
insert into SegmentoVideo values ( 1, '13263 seconds', timestamp '2018-06-24 02:16:57', 641);
insert into SegmentoVideo values ( 2, '4393 seconds', timestamp '2018-06-24 02:16:57', 641);
insert into Vigia values ( 'Peso da Régua', 641);
insert into ProcessoSocorro values ( 641);
insert into EventoEmergencia values ( '964896989', timestamp '2018-10-08 15:19:38', 'Miguel Valério', 'Peso da Régua', 641);
insert into EntidadeMeio values ( 'Fundação Tiago Nicolau');
insert into Meio values ( 641, 'Esquadrão', 'Fundação Tiago Nicolau');
insert into MeioCombate values ( 641, 'Fundação Tiago Nicolau');
insert into Acciona values ( 641, 'Fundação Tiago Nicolau', 317);
insert into Coordenador values ( 641);
insert into Audita values ( 641, 641, 'Fundação Tiago Nicolau', 317, timestamp '2018-07-31 17:31:27', timestamp '2018-10-31 07:55:12', date '2018-07-31', 'Com base na minha análise, foram realizados todos os possíveis para alcançar um boa resolução assim dou por concluida esta auditoria.');
insert into Solicita values ( 641, timestamp '2018-06-24 02:16:57', 641, timestamp '2018-08-06 07:59:27', timestamp '2018-09-10 21:03:21');
insert into Camara values ( 642);
insert into Video values ( timestamp '2018-09-03 15:39:13', timestamp '2018-09-04 12:34:10', 642);
insert into SegmentoVideo values ( 0, '52533 seconds', timestamp '2018-09-03 15:39:13', 642);
insert into SegmentoVideo values ( 1, '22764 seconds', timestamp '2018-09-03 15:39:13', 642);
insert into Vigia values ( 'Barcelos', 642);
insert into ProcessoSocorro values ( 642);
insert into EventoEmergencia values ( '968582774', timestamp '2018-01-12 09:04:56', 'Miguel Gômes', 'Barcelos', 642);
insert into EntidadeMeio values ( 'Junta de Barcelos');
insert into Meio values ( 642, 'Desfibrilhador', 'Junta de Barcelos');
insert into MeioSocorro values ( 642, 'Junta de Barcelos');
insert into Transporta values ( 642, 'Junta de Barcelos', 4, 448);
insert into Acciona values ( 642, 'Junta de Barcelos', 448);
insert into Coordenador values ( 642);
insert into Audita values ( 642, 642, 'Junta de Barcelos', 448, timestamp '2018-06-22 02:00:03', timestamp '2018-07-25 13:05:44', date '2018-06-22', 'Conclui que foram cortados cantos por fim deixo a indicação de que uma maior investigação será necessária.');
insert into Solicita values ( 642, timestamp '2018-09-03 15:39:13', 642, timestamp '2018-06-26 12:04:36', timestamp '2018-07-05 08:50:13');
insert into Camara values ( 643);
insert into Video values ( timestamp '2018-09-11 19:45:55', timestamp '2018-09-12 19:26:43', 643);
insert into SegmentoVideo values ( 0, '17633 seconds', timestamp '2018-09-11 19:45:55', 643);
insert into SegmentoVideo values ( 1, '7500 seconds', timestamp '2018-09-11 19:45:55', 643);
insert into SegmentoVideo values ( 2, '45373 seconds', timestamp '2018-09-11 19:45:55', 643);
insert into SegmentoVideo values ( 3, '8820 seconds', timestamp '2018-09-11 19:45:55', 643);
insert into SegmentoVideo values ( 4, '5922 seconds', timestamp '2018-09-11 19:45:55', 643);
insert into Vigia values ( 'Estremoz', 643);
insert into ProcessoSocorro values ( 643);
insert into EventoEmergencia values ( '951388986', timestamp '2018-08-11 09:33:27', 'Miguel Silva', 'Estremoz', 643);
insert into EntidadeMeio values ( 'Quartel Ana Gômes');
insert into Meio values ( 643, 'Bombeiros', 'Quartel Ana Gômes');
insert into MeioCombate values ( 643, 'Quartel Ana Gômes');
insert into Acciona values ( 643, 'Quartel Ana Gômes', 244);
insert into Coordenador values ( 643);
insert into Audita values ( 643, 643, 'Quartel Ana Gômes', 244, timestamp '2018-09-05 06:10:08', timestamp '2018-10-11 21:25:30', date '2018-09-05', 'Conclui que todo o processo decorreu dentro da lei por fim deixo a indicação de que uma maior investigação será necessária.');
insert into Solicita values ( 643, timestamp '2018-09-11 19:45:55', 643, timestamp '2018-10-11 06:14:06', timestamp '2018-10-11 06:38:39');
insert into Camara values ( 644);
insert into Video values ( timestamp '2018-07-15 06:45:26', timestamp '2018-07-16 02:23:39', 644);
insert into SegmentoVideo values ( 0, '2625 seconds', timestamp '2018-07-15 06:45:26', 644);
insert into SegmentoVideo values ( 1, '68068 seconds', timestamp '2018-07-15 06:45:26', 644);
insert into Vigia values ( 'Paços de Ferreira', 644);
insert into ProcessoSocorro values ( 644);
insert into EventoEmergencia values ( '942810954', timestamp '2018-05-14 19:23:23', 'Rita Rodrigues', 'Paços de Ferreira', 644);
insert into EntidadeMeio values ( 'Camara de Porto');
insert into Meio values ( 644, 'Carro de Bombeiros', 'Camara de Porto');
insert into MeioCombate values ( 644, 'Camara de Porto');
insert into Acciona values ( 644, 'Camara de Porto', 147);
insert into Coordenador values ( 644);
insert into Camara values ( 645);
insert into Video values ( timestamp '2018-07-10 15:08:19', timestamp '2018-07-11 02:02:21', 645);
insert into SegmentoVideo values ( 0, '5531 seconds', timestamp '2018-07-10 15:08:19', 645);
insert into SegmentoVideo values ( 1, '9822 seconds', timestamp '2018-07-10 15:08:19', 645);
insert into SegmentoVideo values ( 2, '23889 seconds', timestamp '2018-07-10 15:08:19', 645);
insert into Vigia values ( 'Costa da Caparica', 645);
insert into ProcessoSocorro values ( 645);
insert into EventoEmergencia values ( '916208545', timestamp '2018-11-09 08:59:57', 'Inês Silva', 'Costa da Caparica', 645);
insert into EntidadeMeio values ( 'Quartel Tiago Guerreiro');
insert into Meio values ( 645, 'Paramédico', 'Quartel Tiago Guerreiro');
insert into MeioSocorro values ( 645, 'Quartel Tiago Guerreiro');
insert into Transporta values ( 645, 'Quartel Tiago Guerreiro', 3, 200);
insert into Acciona values ( 645, 'Quartel Tiago Guerreiro', 200);
insert into Coordenador values ( 645);
insert into Audita values ( 645, 645, 'Quartel Tiago Guerreiro', 200, timestamp '2018-11-24 17:34:59', timestamp '2018-11-24 17:45:35', date '2018-11-24', 'Estou convicto que foram cortados cantos assim dou por concluida esta auditoria.');
insert into Solicita values ( 645, timestamp '2018-07-10 15:08:19', 645, timestamp '2018-11-24 17:38:32', timestamp '2018-11-24 17:41:43');
insert into Camara values ( 646);
insert into Video values ( timestamp '2018-02-15 18:28:27', timestamp '2018-02-15 18:51:33', 646);
insert into SegmentoVideo values ( 0, '1386.0 seconds', timestamp '2018-02-15 18:28:27', 646);
insert into Vigia values ( 'Costa da Caparica', 646);
insert into ProcessoSocorro values ( 646);
insert into EventoEmergencia values ( '938636357', timestamp '2018-07-12 10:24:01', 'Miguel Valério', 'Costa da Caparica', 646);
insert into EntidadeMeio values ( 'Esquadra Daniel Margato');
insert into Meio values ( 646, 'Bombeiros', 'Esquadra Daniel Margato');
insert into MeioCombate values ( 646, 'Esquadra Daniel Margato');
insert into Acciona values ( 646, 'Esquadra Daniel Margato', 461);
insert into Coordenador values ( 646);
insert into Camara values ( 647);
insert into Video values ( timestamp '2018-01-04 09:34:38', timestamp '2018-01-04 23:12:52', 647);
insert into SegmentoVideo values ( 0, '2975 seconds', timestamp '2018-01-04 09:34:38', 647);
insert into SegmentoVideo values ( 1, '46119 seconds', timestamp '2018-01-04 09:34:38', 647);
insert into Vigia values ( 'Vila do Conde', 647);
insert into ProcessoSocorro values ( 647);
insert into EventoEmergencia values ( '939950053', timestamp '2018-04-13 05:02:35', 'Cristiana Correia', 'Vila do Conde', 647);
insert into EntidadeMeio values ( 'Hospital Tiago Nicolau');
insert into Meio values ( 647, 'Helicoptero', 'Hospital Tiago Nicolau');
insert into MeioCombate values ( 647, 'Hospital Tiago Nicolau');
insert into Acciona values ( 647, 'Hospital Tiago Nicolau', 144);
insert into Coordenador values ( 647);
insert into Camara values ( 648);
insert into Video values ( timestamp '2018-03-12 04:08:06', timestamp '2018-03-12 16:49:00', 648);
insert into SegmentoVideo values ( 0, '17245 seconds', timestamp '2018-03-12 04:08:06', 648);
insert into SegmentoVideo values ( 1, '28409 seconds', timestamp '2018-03-12 04:08:06', 648);
insert into Vigia values ( 'Setúbal', 648);
insert into ProcessoSocorro values ( 648);
insert into EventoEmergencia values ( '945574059', timestamp '2018-04-22 17:10:21', 'Manel Guerreiro', 'Setúbal', 648);
insert into EntidadeMeio values ( 'Bombeiros Municipais Daniel Silva');
insert into Meio values ( 648, 'Mangueira', 'Bombeiros Municipais Daniel Silva');
insert into MeioCombate values ( 648, 'Bombeiros Municipais Daniel Silva');
insert into Acciona values ( 648, 'Bombeiros Municipais Daniel Silva', 495);
insert into Coordenador values ( 648);
insert into Audita values ( 648, 648, 'Bombeiros Municipais Daniel Silva', 495, timestamp '2018-11-21 07:17:54', timestamp '2018-11-22 13:37:20', date '2018-11-21', 'Com base na minha análise, todo o processo decorreu dentro da lei ainda, termino a auditoria convicto de que não são necessários mais procedimentos.');
insert into Solicita values ( 648, timestamp '2018-03-12 04:08:06', 648, timestamp '2018-11-21 18:07:36', timestamp '2018-11-22 00:41:14');
insert into Camara values ( 649);
insert into Video values ( timestamp '2018-02-04 01:38:13', timestamp '2018-02-04 10:40:46', 649);
insert into SegmentoVideo values ( 0, '22353 seconds', timestamp '2018-02-04 01:38:13', 649);
insert into SegmentoVideo values ( 1, '10200 seconds', timestamp '2018-02-04 01:38:13', 649);
insert into Vigia values ( 'Portimão', 649);
insert into ProcessoSocorro values ( 649);
insert into EventoEmergencia values ( '958769623', timestamp '2018-02-09 07:02:33', 'Catarina Abreu', 'Portimão', 649);
insert into EntidadeMeio values ( 'Bombeiros Municipais de Covilhã');
insert into Meio values ( 649, 'Maca', 'Bombeiros Municipais de Covilhã');
insert into MeioApoio values ( 649, 'Bombeiros Municipais de Covilhã');
insert into Alocado values ( 649, 'Bombeiros Municipais de Covilhã', 129, 540);
insert into Acciona values ( 649, 'Bombeiros Municipais de Covilhã', 540);
insert into Coordenador values ( 649);
insert into Audita values ( 649, 649, 'Bombeiros Municipais de Covilhã', 540, timestamp '2018-05-22 18:53:52', timestamp '2018-08-06 13:17:15', date '2018-05-22', 'Com base na minha análise, foram cortados cantos assim dou por concluida esta auditoria.');
insert into Solicita values ( 649, timestamp '2018-02-04 01:38:13', 649, timestamp '2018-06-05 19:43:54', timestamp '2018-08-02 18:56:52');
insert into Camara values ( 650);
insert into Video values ( timestamp '2018-03-24 10:09:49', timestamp '2018-03-25 08:16:26', 650);
insert into SegmentoVideo values ( 0, '9306 seconds', timestamp '2018-03-24 10:09:49', 650);
insert into SegmentoVideo values ( 1, '55254 seconds', timestamp '2018-03-24 10:09:49', 650);
insert into SegmentoVideo values ( 2, '3638 seconds', timestamp '2018-03-24 10:09:49', 650);
insert into SegmentoVideo values ( 3, '7799 seconds', timestamp '2018-03-24 10:09:49', 650);
insert into Vigia values ( 'Albufeira', 650);
insert into ProcessoSocorro values ( 650);
insert into EventoEmergencia values ( '919728304', timestamp '2018-06-03 22:56:49', 'Inês Antunes', 'Albufeira', 650);
insert into EntidadeMeio values ( 'Fundação Catarina Figueiredo');
insert into Meio values ( 650, 'Kit de primeiros socorros', 'Fundação Catarina Figueiredo');
insert into MeioSocorro values ( 650, 'Fundação Catarina Figueiredo');
insert into Transporta values ( 650, 'Fundação Catarina Figueiredo', 1, 476);
insert into Acciona values ( 650, 'Fundação Catarina Figueiredo', 476);
insert into Coordenador values ( 650);
insert into Audita values ( 650, 650, 'Fundação Catarina Figueiredo', 476, timestamp '2018-07-07 12:25:49', timestamp '2018-09-21 04:22:17', date '2018-07-07', 'Conclui que denota-se corrupção por parte de várias entidades assim dou por concluida esta auditoria.');
insert into Solicita values ( 650, timestamp '2018-03-24 10:09:49', 650, timestamp '2018-08-17 12:45:04', timestamp '2018-08-31 18:57:36');
insert into Camara values ( 651);
insert into Video values ( timestamp '2018-03-17 19:51:34', timestamp '2018-03-18 11:42:26', 651);
insert into SegmentoVideo values ( 0, '1465 seconds', timestamp '2018-03-17 19:51:34', 651);
insert into SegmentoVideo values ( 1, '55587 seconds', timestamp '2018-03-17 19:51:34', 651);
insert into Vigia values ( 'Alfena', 651);
insert into ProcessoSocorro values ( 651);
insert into EventoEmergencia values ( '942412841', timestamp '2018-02-15 18:16:47', 'Catarina Nogueira', 'Alfena', 651);
insert into EntidadeMeio values ( 'Esquadra Manel Guerreiro');
insert into Meio values ( 651, 'Camião', 'Esquadra Manel Guerreiro');
insert into MeioApoio values ( 651, 'Esquadra Manel Guerreiro');
insert into Alocado values ( 651, 'Esquadra Manel Guerreiro', 103, 545);
insert into Acciona values ( 651, 'Esquadra Manel Guerreiro', 545);
insert into Coordenador values ( 651);
insert into Audita values ( 651, 651, 'Esquadra Manel Guerreiro', 545, timestamp '2018-11-02 20:08:05', timestamp '2018-11-11 15:36:29', date '2018-11-02', 'Estou convicto que denota-se corrupção por parte de várias entidades por fim deixo a indicação de que uma maior investigação será necessária.');
insert into Solicita values ( 651, timestamp '2018-03-17 19:51:34', 651, timestamp '2018-11-05 05:57:36', timestamp '2018-11-11 03:45:39');
insert into Camara values ( 652);
insert into Video values ( timestamp '2018-04-07 21:46:04', timestamp '2018-04-08 12:43:17', 652);
insert into SegmentoVideo values ( 0, '144 seconds', timestamp '2018-04-07 21:46:04', 652);
insert into SegmentoVideo values ( 1, '18081 seconds', timestamp '2018-04-07 21:46:04', 652);
insert into SegmentoVideo values ( 2, '35608 seconds', timestamp '2018-04-07 21:46:04', 652);
insert into Vigia values ( 'Anadia', 652);
insert into ProcessoSocorro values ( 652);
insert into EventoEmergencia values ( '916227672', timestamp '2018-05-03 06:20:58', 'Manel Margato', 'Anadia', 652);
insert into EntidadeMeio values ( 'Camara Carolina Guerreiro');
insert into Meio values ( 652, 'Rações', 'Camara Carolina Guerreiro');
insert into MeioCombate values ( 652, 'Camara Carolina Guerreiro');
insert into Acciona values ( 652, 'Camara Carolina Guerreiro', 84);
insert into Coordenador values ( 652);
insert into Audita values ( 652, 652, 'Camara Carolina Guerreiro', 84, timestamp '2018-05-12 19:17:56', timestamp '2018-10-17 01:40:27', date '2018-05-12', 'Conclui que foram realizados todos os possíveis para alcançar um boa resolução por fim deixo a indicação de que uma maior investigação será necessária.');
insert into Solicita values ( 652, timestamp '2018-04-07 21:46:04', 652, timestamp '2018-08-03 04:20:50', timestamp '2018-09-14 18:58:41');
insert into Camara values ( 653);
insert into Video values ( timestamp '2018-07-13 14:33:44', timestamp '2018-07-14 08:25:42', 653);
insert into SegmentoVideo values ( 0, '46788 seconds', timestamp '2018-07-13 14:33:44', 653);
insert into SegmentoVideo values ( 1, '17530 seconds', timestamp '2018-07-13 14:33:44', 653);
insert into Vigia values ( 'Portalegre', 653);
insert into ProcessoSocorro values ( 653);
insert into EventoEmergencia values ( '961712961', timestamp '2018-01-06 21:59:15', 'Miguel Vitorino', 'Portalegre', 653);
insert into EntidadeMeio values ( 'Fundação Manel Silva');
insert into Meio values ( 653, 'Helicoptero', 'Fundação Manel Silva');
insert into MeioApoio values ( 653, 'Fundação Manel Silva');
insert into Alocado values ( 653, 'Fundação Manel Silva', 153, 348);
insert into Acciona values ( 653, 'Fundação Manel Silva', 348);
insert into Coordenador values ( 653);
insert into Audita values ( 653, 653, 'Fundação Manel Silva', 348, timestamp '2018-06-14 13:41:13', timestamp '2018-08-16 00:55:28', date '2018-06-14', 'Com base na minha análise, todo o processo decorreu dentro da lei ainda, termino a auditoria convicto de que não são necessários mais procedimentos.');
insert into Solicita values ( 653, timestamp '2018-07-13 14:33:44', 653, timestamp '2018-08-08 07:16:57', timestamp '2018-08-13 10:55:01');
insert into Camara values ( 654);
insert into Video values ( timestamp '2018-07-28 10:12:45', timestamp '2018-07-29 02:56:30', 654);
insert into SegmentoVideo values ( 0, '27968 seconds', timestamp '2018-07-28 10:12:45', 654);
insert into SegmentoVideo values ( 1, '24861 seconds', timestamp '2018-07-28 10:12:45', 654);
insert into SegmentoVideo values ( 2, '946 seconds', timestamp '2018-07-28 10:12:45', 654);
insert into SegmentoVideo values ( 3, '6450 seconds', timestamp '2018-07-28 10:12:45', 654);
insert into Vigia values ( 'Alverca do Ribatejo', 654);
insert into ProcessoSocorro values ( 654);
insert into EventoEmergencia values ( '916860564', timestamp '2018-11-01 03:35:20', 'Ana Matos', 'Alverca do Ribatejo', 654);
insert into EntidadeMeio values ( 'Bombeiros Voluntários Ana Antunes');
insert into Meio values ( 654, 'Maca', 'Bombeiros Voluntários Ana Antunes');
insert into MeioApoio values ( 654, 'Bombeiros Voluntários Ana Antunes');
insert into Alocado values ( 654, 'Bombeiros Voluntários Ana Antunes', 90, 89);
insert into Acciona values ( 654, 'Bombeiros Voluntários Ana Antunes', 89);
insert into Coordenador values ( 654);
insert into Audita values ( 654, 654, 'Bombeiros Voluntários Ana Antunes', 89, timestamp '2018-07-16 23:21:54', timestamp '2018-09-12 01:17:22', date '2018-07-16', 'Acredito que foram cortados cantos assim dou por concluida esta auditoria.');
insert into Solicita values ( 654, timestamp '2018-07-28 10:12:45', 654, timestamp '2018-07-28 15:58:05', timestamp '2018-09-01 00:39:44');
insert into Camara values ( 655);
insert into Video values ( timestamp '2018-06-20 14:22:50', timestamp '2018-06-21 05:49:35', 655);
insert into SegmentoVideo values ( 0, '17889 seconds', timestamp '2018-06-20 14:22:50', 655);
insert into SegmentoVideo values ( 1, '37716 seconds', timestamp '2018-06-20 14:22:50', 655);
insert into Vigia values ( 'Mirandela', 655);
insert into ProcessoSocorro values ( 655);
insert into EventoEmergencia values ( '953494685', timestamp '2018-04-23 12:15:04', 'Francisco Nogueira', 'Mirandela', 655);
insert into EntidadeMeio values ( 'Bombeiros Municipais de Santa Cruz');
insert into Meio values ( 655, 'Esquadrão', 'Bombeiros Municipais de Santa Cruz');
insert into MeioCombate values ( 655, 'Bombeiros Municipais de Santa Cruz');
insert into Acciona values ( 655, 'Bombeiros Municipais de Santa Cruz', 346);
insert into Coordenador values ( 655);
insert into Camara values ( 656);
insert into Video values ( timestamp '2018-11-20 12:39:57', timestamp '2018-11-21 09:42:57', 656);
insert into SegmentoVideo values ( 0, '1219 seconds', timestamp '2018-11-20 12:39:57', 656);
insert into SegmentoVideo values ( 1, '1842 seconds', timestamp '2018-11-20 12:39:57', 656);
insert into SegmentoVideo values ( 2, '72719 seconds', timestamp '2018-11-20 12:39:57', 656);
insert into Vigia values ( 'Coimbra', 656);
insert into ProcessoSocorro values ( 656);
insert into EventoEmergencia values ( '926612484', timestamp '2018-03-18 03:04:34', 'Carolina Figueiredo', 'Coimbra', 656);
insert into EntidadeMeio values ( 'Hospital Catarina Silva');
insert into Meio values ( 656, 'Bombeiros', 'Hospital Catarina Silva');
insert into MeioCombate values ( 656, 'Hospital Catarina Silva');
insert into Acciona values ( 656, 'Hospital Catarina Silva', 369);
insert into Coordenador values ( 656);
insert into Camara values ( 657);
insert into Video values ( timestamp '2018-02-07 05:31:29', timestamp '2018-02-07 16:31:11', 657);
insert into SegmentoVideo values ( 0, '5550 seconds', timestamp '2018-02-07 05:31:29', 657);
insert into SegmentoVideo values ( 1, '19464 seconds', timestamp '2018-02-07 05:31:29', 657);
insert into SegmentoVideo values ( 2, '12713 seconds', timestamp '2018-02-07 05:31:29', 657);
insert into SegmentoVideo values ( 3, '1855 seconds', timestamp '2018-02-07 05:31:29', 657);
insert into Vigia values ( 'Chaves', 657);
insert into ProcessoSocorro values ( 657);
insert into EventoEmergencia values ( '934585352', timestamp '2018-05-24 01:23:37', 'Joana Abreu', 'Chaves', 657);
insert into EntidadeMeio values ( 'Bombeiros Voluntários António Martinho');
insert into Meio values ( 657, 'Esquadrão', 'Bombeiros Voluntários António Martinho');
insert into MeioCombate values ( 657, 'Bombeiros Voluntários António Martinho');
insert into Acciona values ( 657, 'Bombeiros Voluntários António Martinho', 639);
insert into Coordenador values ( 657);
insert into Camara values ( 658);
insert into Video values ( timestamp '2018-09-24 17:10:49', timestamp '2018-09-25 15:58:44', 658);
insert into SegmentoVideo values ( 0, '32030 seconds', timestamp '2018-09-24 17:10:49', 658);
insert into SegmentoVideo values ( 1, '43248 seconds', timestamp '2018-09-24 17:10:49', 658);
insert into SegmentoVideo values ( 2, '728 seconds', timestamp '2018-09-24 17:10:49', 658);
insert into SegmentoVideo values ( 3, '6069 seconds', timestamp '2018-09-24 17:10:49', 658);
insert into Vigia values ( 'Câmara de Lobos', 658);
insert into ProcessoSocorro values ( 658);
insert into EventoEmergencia values ( '924570186', timestamp '2018-02-07 20:01:43', 'Inês Vitorino', 'Câmara de Lobos', 658);
insert into EntidadeMeio values ( 'Bombeiros Voluntários Tiago Figueiredo');
insert into Meio values ( 658, 'Garrafas de água', 'Bombeiros Voluntários Tiago Figueiredo');
insert into MeioSocorro values ( 658, 'Bombeiros Voluntários Tiago Figueiredo');
insert into Transporta values ( 658, 'Bombeiros Voluntários Tiago Figueiredo', 4, 267);
insert into Acciona values ( 658, 'Bombeiros Voluntários Tiago Figueiredo', 267);
insert into Coordenador values ( 658);
insert into Audita values ( 658, 658, 'Bombeiros Voluntários Tiago Figueiredo', 267, timestamp '2018-08-23 11:18:16', timestamp '2018-09-13 13:25:24', date '2018-08-23', 'Conclui que todo o processo decorreu dentro da lei ainda, termino a auditoria convicto de que não são necessários mais procedimentos.');
insert into Solicita values ( 658, timestamp '2018-09-24 17:10:49', 658, timestamp '2018-09-01 02:16:46', timestamp '2018-09-12 22:01:41');
insert into Camara values ( 659);
insert into Video values ( timestamp '2018-06-12 04:03:56', timestamp '2018-06-12 20:48:48', 659);
insert into SegmentoVideo values ( 0, '37842 seconds', timestamp '2018-06-12 04:03:56', 659);
insert into SegmentoVideo values ( 1, '22450 seconds', timestamp '2018-06-12 04:03:56', 659);
insert into Vigia values ( 'Bragança', 659);
insert into ProcessoSocorro values ( 659);
insert into EventoEmergencia values ( '910116241', timestamp '2018-01-26 14:43:35', 'Marta Vitorino', 'Bragança', 659);
insert into EntidadeMeio values ( 'Bombeiros Voluntários Joana Silva');
insert into Meio values ( 659, 'Maca', 'Bombeiros Voluntários Joana Silva');
insert into MeioApoio values ( 659, 'Bombeiros Voluntários Joana Silva');
insert into Alocado values ( 659, 'Bombeiros Voluntários Joana Silva', 27, 465);
insert into Acciona values ( 659, 'Bombeiros Voluntários Joana Silva', 465);
insert into Coordenador values ( 659);
insert into Camara values ( 660);
insert into Video values ( timestamp '2018-10-14 16:18:11', timestamp '2018-10-14 19:11:15', 660);
insert into SegmentoVideo values ( 0, '1092 seconds', timestamp '2018-10-14 16:18:11', 660);
insert into SegmentoVideo values ( 1, '6747 seconds', timestamp '2018-10-14 16:18:11', 660);
insert into SegmentoVideo values ( 2, '2545 seconds', timestamp '2018-10-14 16:18:11', 660);
insert into Vigia values ( 'Oliveira do Hospital', 660);
insert into ProcessoSocorro values ( 660);
insert into EventoEmergencia values ( '939627199', timestamp '2018-05-29 14:26:19', 'Tiago Coelho', 'Oliveira do Hospital', 660);
insert into EntidadeMeio values ( 'Camara de Maia');
insert into Meio values ( 660, 'Maca', 'Camara de Maia');
insert into MeioApoio values ( 660, 'Camara de Maia');
insert into Alocado values ( 660, 'Camara de Maia', 117, 137);
insert into Acciona values ( 660, 'Camara de Maia', 137);
insert into Coordenador values ( 660);
insert into Audita values ( 660, 660, 'Camara de Maia', 137, timestamp '2018-03-06 20:45:55', timestamp '2018-08-17 02:19:07', date '2018-03-06', 'Acredito que foram cortados cantos assim dou por concluida esta auditoria.');
insert into Solicita values ( 660, timestamp '2018-10-14 16:18:11', 660, timestamp '2018-05-02 12:45:45', timestamp '2018-05-18 07:18:23');
insert into Camara values ( 661);
insert into Video values ( timestamp '2018-05-20 02:16:10', timestamp '2018-05-20 19:05:55', 661);
insert into SegmentoVideo values ( 0, '49622 seconds', timestamp '2018-05-20 02:16:10', 661);
insert into SegmentoVideo values ( 1, '10963 seconds', timestamp '2018-05-20 02:16:10', 661);
insert into Vigia values ( 'Torres Vedras', 661);
insert into ProcessoSocorro values ( 661);
insert into EventoEmergencia values ( '933027549', timestamp '2018-11-15 14:22:14', 'João Vitorino', 'Torres Vedras', 661);
insert into EntidadeMeio values ( 'Bombeiros Voluntários de Vizela');
insert into Meio values ( 661, 'Kit de primeiros socorros', 'Bombeiros Voluntários de Vizela');
insert into MeioSocorro values ( 661, 'Bombeiros Voluntários de Vizela');
insert into Transporta values ( 661, 'Bombeiros Voluntários de Vizela', 3, 498);
insert into Acciona values ( 661, 'Bombeiros Voluntários de Vizela', 498);
insert into Coordenador values ( 661);
insert into Audita values ( 661, 661, 'Bombeiros Voluntários de Vizela', 498, timestamp '2018-05-28 22:47:51', timestamp '2018-10-19 15:04:59', date '2018-05-28', 'Com base na minha análise, foram cortados cantos ainda, termino a auditoria convicto de que não são necessários mais procedimentos.');
insert into Solicita values ( 661, timestamp '2018-05-20 02:16:10', 661, timestamp '2018-08-29 09:59:42', timestamp '2018-09-09 20:12:01');
insert into Camara values ( 662);
insert into Video values ( timestamp '2018-01-11 04:57:24', timestamp '2018-01-11 06:27:30', 662);
insert into SegmentoVideo values ( 0, '2493 seconds', timestamp '2018-01-11 04:57:24', 662);
insert into SegmentoVideo values ( 1, '2913.0 seconds', timestamp '2018-01-11 04:57:24', 662);
insert into Vigia values ( 'Vendas Novas', 662);
insert into ProcessoSocorro values ( 662);
insert into EventoEmergencia values ( '952476001', timestamp '2018-06-09 18:03:14', 'Ana Antunes', 'Vendas Novas', 662);
insert into EntidadeMeio values ( 'Fundação de Alcácer do Sal');
insert into Meio values ( 662, 'Psicólogo', 'Fundação de Alcácer do Sal');
insert into MeioSocorro values ( 662, 'Fundação de Alcácer do Sal');
insert into Transporta values ( 662, 'Fundação de Alcácer do Sal', 4, 293);
insert into Acciona values ( 662, 'Fundação de Alcácer do Sal', 293);
insert into Coordenador values ( 662);
insert into Camara values ( 663);
insert into Video values ( timestamp '2018-07-05 18:47:38', timestamp '2018-07-05 23:03:37', 663);
insert into SegmentoVideo values ( 0, '1382 seconds', timestamp '2018-07-05 18:47:38', 663);
insert into SegmentoVideo values ( 1, '13977 seconds', timestamp '2018-07-05 18:47:38', 663);
insert into Vigia values ( 'Sacavém', 663);
insert into ProcessoSocorro values ( 663);
insert into EventoEmergencia values ( '961923182', timestamp '2018-05-11 12:36:25', 'Cristiana Coelho', 'Sacavém', 663);
insert into EntidadeMeio values ( 'Esquadra de Trancoso');
insert into Meio values ( 663, 'Carro de Bombeiros', 'Esquadra de Trancoso');
insert into MeioCombate values ( 663, 'Esquadra de Trancoso');
insert into Acciona values ( 663, 'Esquadra de Trancoso', 442);
insert into Coordenador values ( 663);
insert into Audita values ( 663, 663, 'Esquadra de Trancoso', 442, timestamp '2018-07-20 06:36:41', timestamp '2018-10-27 00:41:27', date '2018-07-20', 'Com base na minha análise, todo o processo decorreu dentro da lei assim dou por concluida esta auditoria.');
insert into Solicita values ( 663, timestamp '2018-07-05 18:47:38', 663, timestamp '2018-09-04 09:07:51', timestamp '2018-10-24 03:31:40');
insert into Camara values ( 664);
insert into Video values ( timestamp '2018-02-17 19:05:32', timestamp '2018-02-17 21:50:46', 664);
insert into SegmentoVideo values ( 0, '2184 seconds', timestamp '2018-02-17 19:05:32', 664);
insert into SegmentoVideo values ( 1, '7730 seconds', timestamp '2018-02-17 19:05:32', 664);
insert into Vigia values ( 'Guarda', 664);
insert into ProcessoSocorro values ( 664);
insert into EventoEmergencia values ( '956976534', timestamp '2018-11-10 00:19:03', 'Cristiana Gômes', 'Guarda', 664);
insert into EntidadeMeio values ( 'Bombeiros Municipais de Anadia');
insert into Meio values ( 664, 'Mangueira', 'Bombeiros Municipais de Anadia');
insert into MeioCombate values ( 664, 'Bombeiros Municipais de Anadia');
insert into Acciona values ( 664, 'Bombeiros Municipais de Anadia', 261);
insert into Coordenador values ( 664);
insert into Audita values ( 664, 664, 'Bombeiros Municipais de Anadia', 261, timestamp '2018-10-22 02:02:35', timestamp '2018-10-22 17:20:58', date '2018-10-22', 'Conclui que todo o processo decorreu dentro da lei ainda, termino a auditoria convicto de que não são necessários mais procedimentos.');
insert into Solicita values ( 664, timestamp '2018-02-17 19:05:32', 664, timestamp '2018-10-22 09:25:07', timestamp '2018-10-22 17:16:23');
insert into Camara values ( 665);
insert into Video values ( timestamp '2018-08-22 07:41:19', timestamp '2018-08-23 04:48:30', 665);
insert into SegmentoVideo values ( 0, '4366 seconds', timestamp '2018-08-22 07:41:19', 665);
insert into SegmentoVideo values ( 1, '71665 seconds', timestamp '2018-08-22 07:41:19', 665);
insert into Vigia values ( 'Leiria', 665);
insert into ProcessoSocorro values ( 665);
insert into EventoEmergencia values ( '930094497', timestamp '2018-06-06 08:40:39', 'Joana Figueiredo', 'Leiria', 665);
insert into EntidadeMeio values ( 'Hospital Ana Rodrigues');
insert into Meio values ( 665, 'Maca', 'Hospital Ana Rodrigues');
insert into MeioApoio values ( 665, 'Hospital Ana Rodrigues');
insert into Alocado values ( 665, 'Hospital Ana Rodrigues', 138, 316);
insert into Acciona values ( 665, 'Hospital Ana Rodrigues', 316);
insert into Coordenador values ( 665);
insert into Audita values ( 665, 665, 'Hospital Ana Rodrigues', 316, timestamp '2018-11-10 10:56:13', timestamp '2018-11-17 04:00:37', date '2018-11-10', 'Acredito que todo o processo decorreu dentro da lei por fim deixo a indicação de que uma maior investigação será necessária.');
insert into Solicita values ( 665, timestamp '2018-08-22 07:41:19', 665, timestamp '2018-11-16 05:28:54', timestamp '2018-11-17 03:50:23');
